{"framework":"apd-framework-9.0.8","title":"Kuvat-ohje","build_id":"55b17b26680ce2c256ec6dc6","icon":"..\/GlobalArt\/AppIconDefault_Photos.png","sections":{"pht15cfd7b0":{"name":"iCloud-kuvajaon käyttäminen","children":["pht7a4c765b","pht013f36be9","phtf7fe6394","pht5f6df5f0","phtdfcac5c5","pht884a8908"]},"pht3e99bb42d":{"name":"Eleet ja näppäinoikotiet","children":["pht2951dfb9","pht6e593112","pht5188d4d20"]},"phtae8c5b29":{"name":"Painettujen kuvien ja projektien tilaaminen","children":["pht211dd6d0","pht6e15ea68","pht6e15caf3","pht6e15b35b"]},"pht6d6040d1":{"name":"Kuvien näyttäminen ja järjestäminen","children":["pht56eafa987","pht40b0be510","phtb66b3c010","phta4e5a733f","phtcf31adcc8","pht6d60507a","pht6d975c7d","pht3bfab2f96"]},"pht6c803a97":{"name":"Kuvien ja videoiden tuominen","children":["phta58cd90d3","pht3c36b1831","pht6c803201","phtae4e05c67","pht6c804da9","pht12e7a8015"]},"pht2883afa7":{"name":"Korttien luominen","children":["pht6e157ba6","pht337d15be","pht6e15aa61","phtab5e66ba","phtab5e72eb"]},"phtb94d9ff5":{"name":"Kalenterien luominen","children":["phtb94d7e13","phtb94d7d07","phtb94d9674","phtb94d9019","phtb94da1cb","phtb94d945b"]},"pht6d60507a":{"name":"Kuvien järjestäminen albumeihin","children":["phtf677b8f5","pht6d60a1f1","pht6d60ca71","pht211de0d6"]},"pht6d609918":{"name":"Kuvat-kirjaston hallitseminen","children":["pht211de786","pht6d60b524","pht6d60d10f","pht6d60348f","pht6be18f93","pht1ed9b966d"]},"phtaec3da2a9":{"name":"Tulosteiden luominen ja tilaaminen","children":["phtae8c5b29","pht6e15dbdb"]},"phtcf31adcc8":{"name":"Kuvien etsiminen","children":["pht64de33e5a","pht8d0ad5198","phtad9d981ab","pht4c00b8ddc"]},"phtae8c6983":{"name":"Kirjojen luominen","children":["pht6e159147","pht337d0a03","pht337d0fd8","pht6e15c151","phtab5e6905","pht245fde94","phtab5e682b"]},"pht3c36b1831":{"name":"iCloudista","children":["phtf5e48489c","phtc0bf4b9bb"]},"pht6e41d50b":{"name":"Kuvien ja videoiden jakaminen","children":["pht15cfd7b0","phtc4361d5a","pht6e4207c4","pht6e41eaff","pht1d4c62349","pht6d97570c","pht1324a500e","pht6e157c5f"]},"pht6dc708cc":{"name":"Kuvien parantaminen","children":["pht304c2ace6","phta48b41fd8","phtba22db5d6","pht13f0918f0","phte0af949f0","phtf5bf79313","pht5c38b77c5","phte0ee9e101","pht427071907"]},"phtf5bf79313":{"name":"Kuvien yleisilmeen muuttaminen","children":["phtc9d389ecc","phtfd442cdbb","pht335dba352"]},"pht6e15d3aa":{"name":"Projektien luominen","children":["phtae8c6d40","phtae8c6983","phtb94d9ff5","pht2883afa7"]},"pht5302d0f6":{"name":"Kuvat-ohjelmalla työskenteleminen","children":["pht5156cc968","pht6d609918","pht8a576439"]}},"birdseed_version":4,"toc":["pht035bc2c35","pht6c803a97","pht6d6040d1","pht6dc708cc","pht6e41d50b","pht6e15d3aa","phtaec3da2a9","pht5302d0f6","pht3e99bb42d"],"locale":"fi","version":"1.1","enable_tracking":false,"source_schema":"apd-schema","platform":"mac","build_date":"2015.07.23-17:42:47","landing":"pht54710c4e","product":"photos","urls":{},"copyright":"","topics":{"pht6e157ba6":{"name":"Kortin luominen","href":"pht6e157ba6.html","unavailable":true},"phtb94d945b":{"name":"Kalenterin poistaminen","href":"phtb94d945b.html","unavailable":true},"pht245fde94":{"name":"Karttojen luominen kirjaan","href":"pht245fde94.html","unavailable":true},"phtb66b3c010":{"name":"Kuvien näyttötavan muuttaminen","href":"phtb66b3c010.html","unavailable":true},"phta58cd90d3":{"name":"Yleiskatsaus","href":"phta58cd90d3.html","unavailable":true},"pht6d60b524":{"name":"Useiden kirjastojen käyttäminen","href":"pht6d60b524.html","unavailable":true},"pht40b0be510":{"name":"Kuvien valitseminen ja valintojen poistaminen","href":"pht40b0be510.html","unavailable":true},"pht5706dfc6":{"categories":["glossary"],"name":"iCloud","href":"pht5706dfc6.html","unavailable":true},"pht6d60ca71":{"name":"Älykkäiden albumien luominen","href":"pht6d60ca71.html","unavailable":true},"pht8a576439":{"name":"Kuvat-päivitysten hankkiminen","href":"pht8a576439.html","unavailable":true},"pht9bb241b3":{"categories":["glossary"],"name":"kuvien valitseminen","href":"pht9bb241b3.html","unavailable":true},"pht5f6df5f0":{"name":"Jaetun albumin muuttaminen","href":"pht5f6df5f0.html","unavailable":true},"phtf677b8f5":{"name":"Mitä albumit ovat?","href":"phtf677b8f5.html","unavailable":true},"pht6e15aa61":{"name":"Kuvien lisääminen ja poistaminen","href":"pht6e15aa61.html","unavailable":true},"pht304c2ace6":{"name":"Muokkaamisen perusteet","href":"pht304c2ace6.html","unavailable":true},"pht211de0d6":{"name":"Kansioiden luominen","href":"pht211de0d6.html","unavailable":true},"pht427071907":{"name":"Muokkaaminen laajennuksilla","href":"pht427071907.html","unavailable":true},"pht6d60348f":{"name":"Palauttaminen Time Machinesta","href":"pht6d60348f.html","unavailable":true},"phtf5e48489c":{"name":"iCloud-kuvakirjastosta","href":"phtf5e48489c.html","unavailable":true},"phtc0bf4b9bb":{"name":"Omasta kuvavirrasta","href":"phtc0bf4b9bb.html","unavailable":true},"pht6e15b35b":{"name":"Kirjan, kortin tai kalenterin tilaaminen","href":"pht6e15b35b.html","unavailable":true},"phtfd442cdbb":{"name":"Lisäsäätöjen tekeminen","href":"phtfd442cdbb.html","unavailable":true},"phte0ee9e101":{"name":"Punasilmäisyyden korjaaminen","href":"phte0ee9e101.html","unavailable":true},"pht98de9564":{"categories":["glossary"],"name":"poistaminen","href":"pht98de9564.html","unavailable":true},"phtc3c7c148":{"categories":["glossary"],"name":"aukeama","href":"phtc3c7c148.html","unavailable":true},"pht6e15c151":{"name":"Sivujen kanssa työskenteleminen","href":"pht6e15c151.html","unavailable":true},"pht211de786":{"name":"Yleiskatsaus","href":"pht211de786.html","unavailable":true},"pht101081c3":{"categories":["glossary"],"name":"miniatyyrikuva","href":"pht101081c3.html","unavailable":true},"pht9b4411b24":{"name":"Näppäinoikotiet ja eleet","href":"pht9b4411b24.html","searchName":"Kuvat-ohjelman näppäinoikotiet"},"pht10107b78":{"categories":["glossary"],"name":"kuvasuhde","href":"pht10107b78.html","unavailable":true},"phtab5e72eb":{"name":"Kortin poistaminen","href":"phtab5e72eb.html","unavailable":true},"pht6d60a1f1":{"name":"Albumien luominen","href":"pht6d60a1f1.html","unavailable":true},"pht884a8908":{"name":"Albumien tilaaminen","href":"pht884a8908.html","unavailable":true},"phtab5e682b":{"name":"Kirjan poistaminen","href":"phtab5e682b.html","unavailable":true},"pht013f36be9":{"name":"iCloud-kuvajaon laittaminen päälle ja pois","href":"pht013f36be9.html","unavailable":true},"pht211dd6d0":{"name":"Yleiskatsaus","href":"pht211dd6d0.html","unavailable":true},"phtb94d7d07":{"name":"Kuvien järjestäminen","href":"phtb94d7d07.html","unavailable":true},"pht6e159147":{"name":"Kuvakirjan luominen","href":"pht6e159147.html","unavailable":true},"pht335dba352":{"name":"Säädöt-osion muokkaaminen","href":"pht335dba352.html","unavailable":true},"phtba22db5d6":{"name":"Kuvien pyörittäminen","href":"phtba22db5d6.html","unavailable":true},"pht6e41eaff":{"name":"Facebookin, Flickrin ja Twitterin käyttäminen","href":"pht6e41eaff.html","unavailable":true},"phtf7fe6394":{"name":"Jaetun albumin luominen","href":"phtf7fe6394.html","unavailable":true},"pht035bc2c35":{"name":"Kuvat-ohjelman yleiskatsaus","href":"pht035bc2c35.html","unavailable":true},"pht337d15be":{"name":"Kuvien järjestäminen","href":"pht337d15be.html","unavailable":true},"pht8d0ad5198":{"name":"Kuvien etsiminen avainsanan perusteella","href":"pht8d0ad5198.html","unavailable":true},"pht2951dfb9":{"name":"Ohjauslevyn eleet","href":"pht2951dfb9.html","unavailable":true},"phtb711c0fd":{"categories":["glossary"],"name":"Apple ID","href":"phtb711c0fd.html","unavailable":true},"pht5156cc968":{"name":"Kuvat-asetusten määrittäminen","href":"pht5156cc968.html","unavailable":true},"phta4e5a733f":{"name":"Kuvatietojen katsominen ja lisääminen","href":"phta4e5a733f.html","unavailable":true},"pht337d0fd8":{"name":"Kuvien lisääminen ja poistaminen","href":"pht337d0fd8.html","unavailable":true},"pht54710c4e":{"icon":"..\/GlobalArt\/AppLanding_Photos.png","categories":["landing"],"name":"Kuvat-ohje","href":"pht54710c4e.html"},"pht6e15ea68":{"name":"Ammattitasoisten tulosteiden tilaaminen","href":"pht6e15ea68.html","unavailable":true},"phtb94d7e13":{"name":"Kalenterin luominen","href":"phtb94d7e13.html","unavailable":true},"phtae4e05c67":{"name":"Tallennusvälineestä","href":"phtae4e05c67.html","unavailable":true},"phtab5e6905":{"name":"Kirjan tekstin muotoileminen","href":"phtab5e6905.html","unavailable":true},"pht6e157c5f":{"name":"Kuvien, videoiden ja kuvaesitysten vieminen","href":"pht6e157c5f.html","unavailable":true},"pht1ed9b966d":{"name":"Tiedostojen tallennuspaikan vaihtaminen Kuvat-ohjelmassa","href":"pht1ed9b966d.html","unavailable":true},"pht6d97570c":{"name":"iTunesin käyttäminen","href":"pht6d97570c.html","unavailable":true},"pht6dc73ede":{"categories":["glossary"],"name":"häviötön muokkaaminen","href":"pht6dc73ede.html","unavailable":true},"pht4c00b8ddc":{"name":"Kuvien katsominen sijainnin perusteella","href":"pht4c00b8ddc.html","unavailable":true},"pht3bfab2f96":{"name":"Kuvien ja videoiden poistaminen","href":"pht3bfab2f96.html","unavailable":true},"pht10107cfa":{"categories":["glossary"],"name":"avainkuvat","href":"pht10107cfa.html","unavailable":true},"phtae8c6d40":{"name":"Kuvaesitysten luominen","href":"phtae8c6d40.html","unavailable":true},"pht5c38b77c5":{"name":"Kuvien retusoiminen","href":"pht5c38b77c5.html","unavailable":true},"phtb94d9674":{"name":"Kuvien lisääminen tai poistaminen","href":"phtb94d9674.html","unavailable":true},"phtc9d389ecc":{"name":"Kuvan säätäminen","href":"phtc9d389ecc.html","unavailable":true},"phtc3c7b374":{"categories":["glossary"],"name":"SD-kortti","href":"phtc3c7b374.html","unavailable":true},"phtb94d9019":{"name":"Päivämäärätietojen muuttaminen","href":"phtb94d9019.html","unavailable":true},"pht6d60d10f":{"name":"Kuvat-kirjaston varmuuskopioiminen","href":"pht6d60d10f.html","unavailable":true},"pht6c804da9":{"name":"Muista ohjelmista","href":"pht6c804da9.html","unavailable":true},"pht6e15caf3":{"name":"Projektin valmisteleminen tulostamista varten","href":"pht6e15caf3.html","unavailable":true},"phtb94da1cb":{"name":"Kalenteritekstin muotoileminen","href":"phtb94da1cb.html","unavailable":true},"pht6be18f93":{"name":"Kirjaston korjaaminen","href":"pht6be18f93.html","unavailable":true},"pht6e4207c4":{"name":"Mailin käyttäminen","href":"pht6e4207c4.html","unavailable":true},"phtc4361d5a":{"name":"Viestit-ohjelman käyttäminen","href":"phtc4361d5a.html","unavailable":true},"pht13f0918f0":{"name":"Kuvien rajaaminen ja suoristaminen","href":"pht13f0918f0.html","unavailable":true},"phte0af949f0":{"name":"Lisää kuviin suodattimia","href":"phte0af949f0.html","unavailable":true},"pht56eafa987":{"name":"Kuvien näyttäminen","href":"pht56eafa987.html","unavailable":true},"pht6e593112":{"searchName":"Kuvat-ohjelman näppäinoikotiet","unavailable":true,"name":"Näppäinoikotiet","href":"pht6e593112.html"},"pht6e15dbdb":{"name":"Omien kuvien tulostaminen","href":"pht6e15dbdb.html","unavailable":true},"pht6d975c7d":{"name":"Videon näyttäminen","href":"pht6d975c7d.html","unavailable":true},"pht98de9846":{"categories":["glossary"],"name":"Ken Burns -tehoste","href":"pht98de9846.html","unavailable":true},"pht6c803201":{"name":"Kamerasta tai mobiililaitteesta","href":"pht6c803201.html","unavailable":true},"pht5188d4d20":{"name":"Näppäinoikotiesymbolit","href":"pht5188d4d20.html","unavailable":true},"phta48b41fd8":{"name":"Kuvien parantaminen automaattisesti","href":"phta48b41fd8.html","unavailable":true},"pht98de9f27":{"categories":["glossary"],"name":"Kuvat RAW-muodossa","href":"pht98de9f27.html","unavailable":true},"pht1324a500e":{"name":"Muiden ohjelmien ja sivustojen käyttäminen","href":"pht1324a500e.html","unavailable":true},"phtdbd88e7a":{"categories":["glossary"],"name":"kuva-albumit ja Älykkäät albumit","href":"phtdbd88e7a.html","unavailable":true},"pht337d0a03":{"name":"Kuvien järjestäminen","href":"pht337d0a03.html","unavailable":true},"pht64de33e5a":{"name":"Kuvien etsiminen tekstin tai päivämäärän perusteella","href":"pht64de33e5a.html","unavailable":true},"phtad9d981ab":{"name":"Kuvien etsiminen kasvojen perusteella","href":"phtad9d981ab.html","unavailable":true},"phtdfcac5c5":{"name":"Tilaajien hallitseminen","href":"phtdfcac5c5.html","unavailable":true},"phtc94a1416":{"name":"Lisää resursseja","href":"phtc94a1416.html","unavailable":true},"pht7a4c765b":{"name":"Yleiskatsaus","href":"pht7a4c765b.html","unavailable":true},"pht12e7a8015":{"name":"Missä ovat tuodut tiedostoni?","href":"pht12e7a8015.html","unavailable":true},"phtda5be08b":{"categories":["glossary"],"name":"avainsana","href":"phtda5be08b.html","unavailable":true},"pht1d4c62349":{"name":"AirDropin käyttäminen","href":"pht1d4c62349.html","unavailable":true},"phtab5e66ba":{"name":"Kortin tekstin muotoileminen","href":"phtab5e66ba.html","unavailable":true},"phtc3c7c06e":{"categories":["glossary"],"name":"kuvatiedostomuodot","href":"phtc3c7c06e.html","unavailable":true}},"copyright_text":"© 2015 Apple Inc. Kaikki oikeudet pidätetään.","css":""}