{"framework":"apd-framework-9.0.8","title":"Pomocník pre Fotky","build_id":"55b17b2a680ce2c256ec6e02","icon":"..\/GlobalArt\/AppIconDefault_Photos.png","sections":{"pht15cfd7b0":{"name":"Používanie služby iCloud Zdieľanie fotiek","children":["pht7a4c765b","pht013f36be9","phtf7fe6394","pht5f6df5f0","phtdfcac5c5","pht884a8908"]},"pht3e99bb42d":{"name":"Gestá a klávesové skratky","children":["pht2951dfb9","pht6e593112","pht5188d4d20"]},"phtae8c5b29":{"name":"Objednávanie tlačených fotiek a projektov","children":["pht211dd6d0","pht6e15ea68","pht6e15caf3","pht6e15b35b"]},"pht6d6040d1":{"name":"Zobrazenie a usporiadanie fotiek","children":["pht56eafa987","pht40b0be510","phtb66b3c010","phta4e5a733f","phtcf31adcc8","pht6d60507a","pht6d975c7d","pht3bfab2f96"]},"pht6c803a97":{"name":"Importovanie fotiek a videí","children":["phta58cd90d3","pht3c36b1831","pht6c803201","phtae4e05c67","pht6c804da9","pht12e7a8015"]},"pht2883afa7":{"name":"Vytváranie pozdravov","children":["pht6e157ba6","pht337d15be","pht6e15aa61","phtab5e66ba","phtab5e72eb"]},"phtb94d9ff5":{"name":"Vytváranie kalendárov","children":["phtb94d7e13","phtb94d7d07","phtb94d9674","phtb94d9019","phtb94da1cb","phtb94d945b"]},"pht6d60507a":{"name":"Usporiadanie fotiek v albumoch","children":["phtf677b8f5","pht6d60a1f1","pht6d60ca71","pht211de0d6"]},"pht6d609918":{"name":"Spravovanie knižnice aplikácie Fotky","children":["pht211de786","pht6d60b524","pht6d60d10f","pht6d60348f","pht6be18f93","pht1ed9b966d"]},"phtaec3da2a9":{"name":"Vytváranie a objednávanie výtlačkov","children":["phtae8c5b29","pht6e15dbdb"]},"phtcf31adcc8":{"name":"Vyhľadávanie fotiek","children":["pht64de33e5a","pht8d0ad5198","phtad9d981ab","pht4c00b8ddc"]},"phtae8c6983":{"name":"Vytváranie kníh","children":["pht6e159147","pht337d0a03","pht337d0fd8","pht6e15c151","phtab5e6905","pht245fde94","phtab5e682b"]},"pht3c36b1831":{"name":"Z iCloudu","children":["phtf5e48489c","phtc0bf4b9bb"]},"pht6e41d50b":{"name":"Zdieľanie fotiek a videí","children":["pht15cfd7b0","phtc4361d5a","pht6e4207c4","pht6e41eaff","pht1d4c62349","pht6d97570c","pht1324a500e","pht6e157c5f"]},"pht6dc708cc":{"name":"Vylepšovanie fotografií","children":["pht304c2ace6","phta48b41fd8","phtba22db5d6","pht13f0918f0","phte0af949f0","phtf5bf79313","pht5c38b77c5","phte0ee9e101","pht427071907"]},"phtf5bf79313":{"name":"Úprava vzhľadu fotiek","children":["phtc9d389ecc","phtfd442cdbb","pht335dba352"]},"pht6e15d3aa":{"name":"Vytváranie projektov","children":["phtae8c6d40","phtae8c6983","phtb94d9ff5","pht2883afa7"]},"pht5302d0f6":{"name":"Práca v aplikácii Fotky","children":["pht5156cc968","pht6d609918","pht8a576439"]}},"birdseed_version":4,"toc":["pht035bc2c35","pht6c803a97","pht6d6040d1","pht6dc708cc","pht6e41d50b","pht6e15d3aa","phtaec3da2a9","pht5302d0f6","pht3e99bb42d"],"locale":"sk","version":"1.1","enable_tracking":false,"source_schema":"apd-schema","platform":"mac","build_date":"2015.07.23-15:59:31","landing":"pht54710c4e","product":"photos","urls":{},"copyright":"","topics":{"pht6e157ba6":{"name":"Vytvorenie pozdravu","href":"pht6e157ba6.html","unavailable":true},"phtb94d945b":{"name":"Vymazanie kalendára","href":"phtb94d945b.html","unavailable":true},"pht245fde94":{"name":"Vytváranie máp v knihe","href":"pht245fde94.html","unavailable":true},"phtb66b3c010":{"name":"Zmena spôsobu zobrazenia fotiek","href":"phtb66b3c010.html","unavailable":true},"phta58cd90d3":{"name":"Prehľad","href":"phta58cd90d3.html","unavailable":true},"pht6d60b524":{"name":"Používanie viacerých knižníc","href":"pht6d60b524.html","unavailable":true},"pht40b0be510":{"name":"Výber a zrušenie výberu fotiek","href":"pht40b0be510.html","unavailable":true},"pht5706dfc6":{"categories":["glossary"],"name":"iCloud","href":"pht5706dfc6.html","unavailable":true},"pht6d60ca71":{"name":"Vytváranie dynamických albumov","href":"pht6d60ca71.html","unavailable":true},"pht8a576439":{"name":"Aktualizácia aplikácie Fotky","href":"pht8a576439.html","unavailable":true},"pht9bb241b3":{"categories":["glossary"],"name":"výber fotografií","href":"pht9bb241b3.html","unavailable":true},"pht5f6df5f0":{"name":"Zmena zdieľaného albumu","href":"pht5f6df5f0.html","unavailable":true},"phtf677b8f5":{"name":"Čo sú albumy?","href":"phtf677b8f5.html","unavailable":true},"pht6e15aa61":{"name":"Pridanie a odstránenie fotiek","href":"pht6e15aa61.html","unavailable":true},"pht304c2ace6":{"name":"Základy upravovania","href":"pht304c2ace6.html","unavailable":true},"pht211de0d6":{"name":"Vytváranie priečinkov","href":"pht211de0d6.html","unavailable":true},"pht427071907":{"name":"Upravovanie pomocou rozšírení","href":"pht427071907.html","unavailable":true},"pht6d60348f":{"name":"Obnova z Time Machine","href":"pht6d60348f.html","unavailable":true},"phtf5e48489c":{"name":"Z iCloud Fotoknižnice","href":"phtf5e48489c.html","unavailable":true},"phtc0bf4b9bb":{"name":"Z Môjho Fotostreamu","href":"phtc0bf4b9bb.html","unavailable":true},"pht6e15b35b":{"name":"Objednanie knihy, pozdravu alebo kalendára","href":"pht6e15b35b.html","unavailable":true},"phtfd442cdbb":{"name":"Vykonávanie rozšírených úprav","href":"phtfd442cdbb.html","unavailable":true},"phte0ee9e101":{"name":"Odstraňovanie červených očí","href":"phte0ee9e101.html","unavailable":true},"pht98de9564":{"categories":["glossary"],"name":"vysunúť","href":"pht98de9564.html","unavailable":true},"phtc3c7c148":{"categories":["glossary"],"name":"rozvrhnutie strany","href":"phtc3c7c148.html","unavailable":true},"pht6e15c151":{"name":"Práca so stranami","href":"pht6e15c151.html","unavailable":true},"pht211de786":{"name":"Prehľad","href":"pht211de786.html","unavailable":true},"pht101081c3":{"categories":["glossary"],"name":"miniatúra","href":"pht101081c3.html","unavailable":true},"pht9b4411b24":{"name":"Klávesové skratky a gestá","href":"pht9b4411b24.html","searchName":"Klávesové skratky v aplikácii Fotky"},"pht10107b78":{"categories":["glossary"],"name":"pomer veľkosti","href":"pht10107b78.html","unavailable":true},"phtab5e72eb":{"name":"Vymazanie pozdravu","href":"phtab5e72eb.html","unavailable":true},"pht6d60a1f1":{"name":"Vytváranie albumov","href":"pht6d60a1f1.html","unavailable":true},"pht884a8908":{"name":"Odoberanie albumov","href":"pht884a8908.html","unavailable":true},"phtab5e682b":{"name":"Vymazanie knihy","href":"phtab5e682b.html","unavailable":true},"pht013f36be9":{"name":"Zapnutie a vypnutie funkcie iCloud Zdieľanie fotiek","href":"pht013f36be9.html","unavailable":true},"pht211dd6d0":{"name":"Prehľad","href":"pht211dd6d0.html","unavailable":true},"phtb94d7d07":{"name":"Usporiadanie fotiek","href":"phtb94d7d07.html","unavailable":true},"pht6e159147":{"name":"Vytvorenie fotoknihy","href":"pht6e159147.html","unavailable":true},"pht335dba352":{"name":"Prispôsobenie panela Úpravy","href":"pht335dba352.html","unavailable":true},"phtba22db5d6":{"name":"Otáčanie fotiek","href":"phtba22db5d6.html","unavailable":true},"pht6e41eaff":{"name":"Používanie služieb Facebook, Flickr a Twitter","href":"pht6e41eaff.html","unavailable":true},"phtf7fe6394":{"name":"Vytvorenie zdieľaného albumu","href":"phtf7fe6394.html","unavailable":true},"pht035bc2c35":{"name":"Prehľad aplikácie Fotky","href":"pht035bc2c35.html","unavailable":true},"pht337d15be":{"name":"Usporiadanie fotiek","href":"pht337d15be.html","unavailable":true},"pht8d0ad5198":{"name":"Vyhľadávanie fotiek podľa kľúčových slov","href":"pht8d0ad5198.html","unavailable":true},"pht2951dfb9":{"name":"Gestá na trackpade","href":"pht2951dfb9.html","unavailable":true},"phtb711c0fd":{"categories":["glossary"],"name":"Apple ID","href":"phtb711c0fd.html","unavailable":true},"pht5156cc968":{"name":"Nastavenia aplikácie Fotky","href":"pht5156cc968.html","unavailable":true},"phta4e5a733f":{"name":"Zobrazovanie a pridávanie informácií o fotkách","href":"phta4e5a733f.html","unavailable":true},"pht337d0fd8":{"name":"Pridanie a odstránenie fotiek","href":"pht337d0fd8.html","unavailable":true},"pht54710c4e":{"icon":"..\/GlobalArt\/AppLanding_Photos.png","categories":["landing"],"name":"Pomocník pre Fotky","href":"pht54710c4e.html"},"pht6e15ea68":{"name":"Objednávanie profesionálnych výtlačkov","href":"pht6e15ea68.html","unavailable":true},"phtb94d7e13":{"name":"Vytvorenie kalendára","href":"phtb94d7e13.html","unavailable":true},"phtae4e05c67":{"name":"Z úložného média","href":"phtae4e05c67.html","unavailable":true},"phtab5e6905":{"name":"Formátovanie textu v knihe","href":"phtab5e6905.html","unavailable":true},"pht6e157c5f":{"name":"Exportovanie fotiek, videí a prezentácií","href":"pht6e157c5f.html","unavailable":true},"pht1ed9b966d":{"name":"Zmena miesta, kam aplikácia Fotky ukladá súbory","href":"pht1ed9b966d.html","unavailable":true},"pht6d97570c":{"name":"Používanie iTunes","href":"pht6d97570c.html","unavailable":true},"pht6dc73ede":{"categories":["glossary"],"name":"nedeštruktívne úpravy","href":"pht6dc73ede.html","unavailable":true},"pht4c00b8ddc":{"name":"Prezeranie fotiek podľa miest","href":"pht4c00b8ddc.html","unavailable":true},"pht3bfab2f96":{"name":"Vymazávanie fotiek a videí","href":"pht3bfab2f96.html","unavailable":true},"pht10107cfa":{"categories":["glossary"],"name":"kľúčová fotografia","href":"pht10107cfa.html","unavailable":true},"phtae8c6d40":{"name":"Vytváranie prezentácií","href":"phtae8c6d40.html","unavailable":true},"pht5c38b77c5":{"name":"Retušovanie fotiek","href":"pht5c38b77c5.html","unavailable":true},"phtb94d9674":{"name":"Pridanie a odstránenie fotiek","href":"phtb94d9674.html","unavailable":true},"phtc9d389ecc":{"name":"Úprava fotky","href":"phtc9d389ecc.html","unavailable":true},"phtc3c7b374":{"categories":["glossary"],"name":"Karta SD","href":"phtc3c7b374.html","unavailable":true},"phtb94d9019":{"name":"Zmena dátumových informácií","href":"phtb94d9019.html","unavailable":true},"pht6d60d10f":{"name":"Zálohovanie knižnice aplikácie Fotky","href":"pht6d60d10f.html","unavailable":true},"pht6c804da9":{"name":"Z iných aplikácií","href":"pht6c804da9.html","unavailable":true},"pht6e15caf3":{"name":"Príprava projektu pre tlač","href":"pht6e15caf3.html","unavailable":true},"phtb94da1cb":{"name":"Formátovanie textu v kalendári","href":"phtb94da1cb.html","unavailable":true},"pht6be18f93":{"name":"Oprava knižnice","href":"pht6be18f93.html","unavailable":true},"pht6e4207c4":{"name":"Používanie emailov","href":"pht6e4207c4.html","unavailable":true},"phtc4361d5a":{"name":"Používanie správ","href":"phtc4361d5a.html","unavailable":true},"pht13f0918f0":{"name":"Orezávanie a vyrovnávanie fotiek","href":"pht13f0918f0.html","unavailable":true},"phte0af949f0":{"name":"Používanie filtrov na fotky","href":"phte0af949f0.html","unavailable":true},"pht56eafa987":{"name":"Zobrazovanie fotiek","href":"pht56eafa987.html","unavailable":true},"pht6e593112":{"searchName":"Klávesové skratky v aplikácii Fotky","unavailable":true,"name":"Klávesové skratky","href":"pht6e593112.html"},"pht6e15dbdb":{"name":"Tlač vlastných fotiek","href":"pht6e15dbdb.html","unavailable":true},"pht6d975c7d":{"name":"Prezeranie videí","href":"pht6d975c7d.html","unavailable":true},"pht98de9846":{"categories":["glossary"],"name":"Efekt Ken Burns","href":"pht98de9846.html","unavailable":true},"pht6c803201":{"name":"Z kamery alebo mobilného zariadenia","href":"pht6c803201.html","unavailable":true},"pht5188d4d20":{"name":"Symboly klávesových skratiek","href":"pht5188d4d20.html","unavailable":true},"phta48b41fd8":{"name":"Automatické vylepšovanie fotiek","href":"phta48b41fd8.html","unavailable":true},"pht98de9f27":{"categories":["glossary"],"name":"Fotografie vo formáte RAW","href":"pht98de9f27.html","unavailable":true},"pht1324a500e":{"name":"Používanie ďalších aplikácií a webových stránok","href":"pht1324a500e.html","unavailable":true},"phtdbd88e7a":{"categories":["glossary"],"name":"albumy fotografií a dynamické albumy","href":"phtdbd88e7a.html","unavailable":true},"pht337d0a03":{"name":"Usporiadanie fotiek","href":"pht337d0a03.html","unavailable":true},"pht64de33e5a":{"name":"Vyhľadávanie fotiek podľa textu alebo dátumu","href":"pht64de33e5a.html","unavailable":true},"phtad9d981ab":{"name":"Vyhľadávanie fotiek podľa tvárí","href":"phtad9d981ab.html","unavailable":true},"phtdfcac5c5":{"name":"Spravovanie odberateľov","href":"phtdfcac5c5.html","unavailable":true},"phtc94a1416":{"name":"Ďalšie zdroje","href":"phtc94a1416.html","unavailable":true},"pht7a4c765b":{"name":"Prehľad","href":"pht7a4c765b.html","unavailable":true},"pht12e7a8015":{"name":"Kde sú moje importované súbory?","href":"pht12e7a8015.html","unavailable":true},"phtda5be08b":{"categories":["glossary"],"name":"kľúčové slovo","href":"phtda5be08b.html","unavailable":true},"pht1d4c62349":{"name":"Používanie AirDropu","href":"pht1d4c62349.html","unavailable":true},"phtab5e66ba":{"name":"Formátovanie textu na pozdrave","href":"phtab5e66ba.html","unavailable":true},"phtc3c7c06e":{"categories":["glossary"],"name":"obrázkové formáty súborov","href":"phtc3c7c06e.html","unavailable":true}},"copyright_text":"© 2015 Apple Inc. Všetky práva vyhradené.","css":""}