{"framework":"apd-framework-9.0.8","title":"עזרה עבור ״תמונות״","build_id":"55c11434680ce2804fe76f3e","icon":"..\/GlobalArt\/AppIconDefault_Photos.png","sections":{"pht15cfd7b0":{"name":"שימוש בשיתוף תמונות ב-iCloud","children":["pht7a4c765b","pht013f36be9","phtf7fe6394","pht5f6df5f0","phtdfcac5c5","pht884a8908"]},"pht3e99bb42d":{"name":"מחוות וקיצורי מקלדת","children":["pht2951dfb9","pht6e593112","pht5188d4d20"]},"phtae8c5b29":{"name":"הזמנת תמונות ופרוייקטים מודפסים","children":["pht211dd6d0","pht6e15ea68","pht6e15caf3","pht6e15b35b"]},"pht6d6040d1":{"name":"הצגה וארגון של התמונות שלך","children":["pht56eafa987","pht40b0be510","phtb66b3c010","phta4e5a733f","phtcf31adcc8","pht6d60507a","pht6d975c7d","pht3bfab2f96"]},"pht6c803a97":{"name":"ייבוא תמונות וסרטים","children":["phta58cd90d3","pht3c36b1831","pht6c803201","phtae4e05c67","pht6c804da9","pht12e7a8015"]},"pht2883afa7":{"name":"יצירת כרטיסים","children":["pht6e157ba6","pht337d15be","pht6e15aa61","phtab5e66ba","phtab5e72eb"]},"phtb94d9ff5":{"name":"יצירת לוחות שנה","children":["phtb94d7e13","phtb94d7d07","phtb94d9674","phtb94d9019","phtb94da1cb","phtb94d945b"]},"pht6d60507a":{"name":"סידור תמונות באלבומים","children":["phtf677b8f5","pht6d60a1f1","pht6d60ca71","pht211de0d6"]},"pht6d609918":{"name":"ניהול ספריית התמונות","children":["pht211de786","pht6d60b524","pht6d60d10f","pht6d60348f","pht6be18f93","pht1ed9b966d"]},"phtaec3da2a9":{"name":"יצירה והזמנה של הדפסות","children":["phtae8c5b29","pht6e15dbdb"]},"phtcf31adcc8":{"name":"חיפוש תמונות","children":["pht64de33e5a","pht8d0ad5198","phtad9d981ab","pht4c00b8ddc"]},"phtae8c6983":{"name":"יצירת ספרים","children":["pht6e159147","pht337d0a03","pht337d0fd8","pht6e15c151","phtab5e6905","pht245fde94","phtab5e682b"]},"pht3c36b1831":{"name":"מ-iCloud","children":["phtf5e48489c","phtc0bf4b9bb"]},"pht6e41d50b":{"name":"שיתוף תמונות וסרטים","children":["pht15cfd7b0","phtc4361d5a","pht6e4207c4","pht6e41eaff","pht1d4c62349","pht6d97570c","pht1324a500e","pht6e157c5f"]},"pht6dc708cc":{"name":"שיפור תמונות","children":["pht304c2ace6","phta48b41fd8","phtba22db5d6","pht13f0918f0","phte0af949f0","phtf5bf79313","pht5c38b77c5","phte0ee9e101","pht427071907"]},"phtf5bf79313":{"name":"כוונון המראה של תמונות","children":["phtc9d389ecc","phtfd442cdbb","pht335dba352"]},"pht6e15d3aa":{"name":"יצירת פרוייקטים","children":["phtae8c6d40","phtae8c6983","phtb94d9ff5","pht2883afa7"]},"pht5302d0f6":{"name":"עבודה עם תמונות","children":["pht5156cc968","pht6d609918","pht8a576439"]}},"birdseed_version":4,"toc":["pht035bc2c35","pht6c803a97","pht6d6040d1","pht6dc708cc","pht6e41d50b","pht6e15d3aa","phtaec3da2a9","pht5302d0f6","pht3e99bb42d"],"locale":"he","version":"1.1","enable_tracking":false,"source_schema":"apd-schema","platform":"mac","build_date":"2015.08.04-12:42:02","landing":"pht54710c4e","product":"photos","urls":{},"copyright":"","topics":{"pht6e157ba6":{"name":"יצירת כרטיס","href":"pht6e157ba6.html","unavailable":true},"phtb94d945b":{"name":"מחיקת לוח שנה","href":"phtb94d945b.html","unavailable":true},"pht245fde94":{"name":"יצירת מפות בספר","href":"pht245fde94.html","unavailable":true},"phtb66b3c010":{"name":"שינוי אופן ההצגה של תמונות","href":"phtb66b3c010.html","unavailable":true},"phta58cd90d3":{"name":"סקירה","href":"phta58cd90d3.html","unavailable":true},"pht6d60b524":{"name":"שימוש במספר ספריות","href":"pht6d60b524.html","unavailable":true},"pht40b0be510":{"name":"בחירה וביטול בחירה בתמונות","href":"pht40b0be510.html","unavailable":true},"pht5706dfc6":{"categories":["glossary"],"name":"iCloud","href":"pht5706dfc6.html","unavailable":true},"pht6d60ca71":{"name":"יצירת אלבומים חכמים","href":"pht6d60ca71.html","unavailable":true},"pht8a576439":{"name":"קבלת עדכונים עבור ״תמונות״","href":"pht8a576439.html","unavailable":true},"pht9bb241b3":{"categories":["glossary"],"name":"בחירת תמונות","href":"pht9bb241b3.html","unavailable":true},"pht5f6df5f0":{"name":"שינוי אלבום משותף","href":"pht5f6df5f0.html","unavailable":true},"phtf677b8f5":{"name":"מהם אלבומים?","href":"phtf677b8f5.html","unavailable":true},"pht6e15aa61":{"name":"הוספה והסרה של תמונות","href":"pht6e15aa61.html","unavailable":true},"pht304c2ace6":{"name":"היסודות של עריכה","href":"pht304c2ace6.html","unavailable":true},"pht211de0d6":{"name":"יצירת תיקיות","href":"pht211de0d6.html","unavailable":true},"pht427071907":{"name":"עריכה תוך שימוש בהרחבות","href":"pht427071907.html","unavailable":true},"pht6d60348f":{"name":"שחזור מ-⁠Time Machine","href":"pht6d60348f.html","unavailable":true},"phtf5e48489c":{"name":"מספריית התמונות ב-iCloud","href":"phtf5e48489c.html","unavailable":true},"phtc0bf4b9bb":{"name":"מ״זרם התמונות שלי״","href":"phtc0bf4b9bb.html","unavailable":true},"pht6e15b35b":{"name":"הזמנת ספר, כרטיס או לוח שנה","href":"pht6e15b35b.html","unavailable":true},"phtfd442cdbb":{"name":"עריכת התאמות מתקדמות","href":"phtfd442cdbb.html","unavailable":true},"phte0ee9e101":{"name":"הסרת עיניים אדומות","href":"phte0ee9e101.html","unavailable":true},"pht98de9564":{"categories":["glossary"],"name":"הוצא","href":"pht98de9564.html","unavailable":true},"phtc3c7c148":{"categories":["glossary"],"name":"פריסת עמודים","href":"phtc3c7c148.html","unavailable":true},"pht6e15c151":{"name":"עבודה עם עמודים","href":"pht6e15c151.html","unavailable":true},"pht211de786":{"name":"סקירה","href":"pht211de786.html","unavailable":true},"pht101081c3":{"categories":["glossary"],"name":"תמונה ממוזערת","href":"pht101081c3.html","unavailable":true},"pht9b4411b24":{"name":"קיצורים ומחוות באמצעות המקלדת","href":"pht9b4411b24.html","searchName":"קיצורי מקלדת לעבודה ב-Photos"},"pht10107b78":{"categories":["glossary"],"name":"יחס גודל","href":"pht10107b78.html","unavailable":true},"phtab5e72eb":{"name":"מחיקת כרטיס","href":"phtab5e72eb.html","unavailable":true},"pht6d60a1f1":{"name":"יצירת אלבומים","href":"pht6d60a1f1.html","unavailable":true},"pht884a8908":{"name":"הרשמה כמנוי\/ה לאלבומים","href":"pht884a8908.html","unavailable":true},"phtab5e682b":{"name":"מחיקת ספר","href":"phtab5e682b.html","unavailable":true},"pht013f36be9":{"name":"הפעלה או ביטול של שיתוף תמונות ב-iCloud","href":"pht013f36be9.html","unavailable":true},"pht211dd6d0":{"name":"סקירה","href":"pht211dd6d0.html","unavailable":true},"phtb94d7d07":{"name":"סידור תמונות","href":"phtb94d7d07.html","unavailable":true},"pht6e159147":{"name":"יצירת אלבום תמונות","href":"pht6e159147.html","unavailable":true},"pht335dba352":{"name":"התאמה אישית של החלונית ״התאמות״","href":"pht335dba352.html","unavailable":true},"phtba22db5d6":{"name":"סיבוב תמונות","href":"phtba22db5d6.html","unavailable":true},"pht6e41eaff":{"name":"שימוש ב-Facebook, ב-Flickr וב-Twitter","href":"pht6e41eaff.html","unavailable":true},"phtf7fe6394":{"name":"יצירת אלבום משותף","href":"phtf7fe6394.html","unavailable":true},"pht035bc2c35":{"name":"סקירת היישום ״תמונות״","href":"pht035bc2c35.html","unavailable":true},"pht337d15be":{"name":"סידור תמונות","href":"pht337d15be.html","unavailable":true},"pht8d0ad5198":{"name":"חיפוש תמונות לפי מילת מפתח","href":"pht8d0ad5198.html","unavailable":true},"pht2951dfb9":{"name":"מחוות משטח המגע","href":"pht2951dfb9.html","unavailable":true},"phtb711c0fd":{"categories":["glossary"],"name":"Apple ID","href":"phtb711c0fd.html","unavailable":true},"pht5156cc968":{"name":"הגדרת העדפות עבור היישום ״תמונות״","href":"pht5156cc968.html","unavailable":true},"phta4e5a733f":{"name":"הצגה והוספה של פרטי תמונות","href":"phta4e5a733f.html","unavailable":true},"pht337d0fd8":{"name":"הוספה והסרה של תמונות","href":"pht337d0fd8.html","unavailable":true},"pht54710c4e":{"icon":"..\/GlobalArt\/AppLanding_Photos.png","categories":["landing"],"name":"עזרה עבור ״תמונות״","href":"pht54710c4e.html"},"pht6e15ea68":{"name":"הזמנת הדפסות מקצועיות","href":"pht6e15ea68.html","unavailable":true},"phtb94d7e13":{"name":"יצירת לוח שנה","href":"phtb94d7e13.html","unavailable":true},"phtae4e05c67":{"name":"ממדיית אחסון","href":"phtae4e05c67.html","unavailable":true},"phtab5e6905":{"name":"עיצוב מלל של ספר","href":"phtab5e6905.html","unavailable":true},"pht6e157c5f":{"name":"ייצוא תמונות, סרטים ומצגות","href":"pht6e157c5f.html","unavailable":true},"pht1ed9b966d":{"name":"שינוי המיקום שבו ״תמונות״ מאחסן את הקבצים שלך","href":"pht1ed9b966d.html","unavailable":true},"pht6d97570c":{"name":"שימוש ב-iTunes","href":"pht6d97570c.html","unavailable":true},"pht6dc73ede":{"categories":["glossary"],"name":"עריכה ללא גרימת נזק","href":"pht6dc73ede.html","unavailable":true},"pht4c00b8ddc":{"name":"הצגת תמונות לפי מיקום","href":"pht4c00b8ddc.html","unavailable":true},"pht3bfab2f96":{"name":"מחיקת תמונות וסרטים","href":"pht3bfab2f96.html","unavailable":true},"pht10107cfa":{"categories":["glossary"],"name":"תמונה ראשית","href":"pht10107cfa.html","unavailable":true},"phtae8c6d40":{"name":"יצירת מצגות","href":"phtae8c6d40.html","unavailable":true},"pht5c38b77c5":{"name":"תיקון תמונות","href":"pht5c38b77c5.html","unavailable":true},"phtb94d9674":{"name":"הוספה או הסרה של תמונות","href":"phtb94d9674.html","unavailable":true},"phtc9d389ecc":{"name":"כוונון תמונה","href":"phtc9d389ecc.html","unavailable":true},"phtc3c7b374":{"categories":["glossary"],"name":"כרטיס SD","href":"phtc3c7b374.html","unavailable":true},"phtb94d9019":{"name":"שינוי פרטי התאריך","href":"phtb94d9019.html","unavailable":true},"pht6d60d10f":{"name":"גיבוי ספריית התמונות","href":"pht6d60d10f.html","unavailable":true},"pht6c804da9":{"name":"מיישומים אחרים","href":"pht6c804da9.html","unavailable":true},"pht6e15caf3":{"name":"הכנת פרוייקט להדפסה","href":"pht6e15caf3.html","unavailable":true},"phtb94da1cb":{"name":"עיצוב מלל של לוח שנה","href":"phtb94da1cb.html","unavailable":true},"pht6be18f93":{"name":"תיקון הספריה","href":"pht6be18f93.html","unavailable":true},"pht6e4207c4":{"name":"שימוש ב-Mail","href":"pht6e4207c4.html","unavailable":true},"phtc4361d5a":{"name":"שימוש ב״הודעות״","href":"phtc4361d5a.html","unavailable":true},"pht13f0918f0":{"name":"חיתוך ויישור של תמונות","href":"pht13f0918f0.html","unavailable":true},"phte0af949f0":{"name":"החלת מסננים על תמונות","href":"phte0af949f0.html","unavailable":true},"pht56eafa987":{"name":"הצגת תמונות","href":"pht56eafa987.html","unavailable":true},"pht6e593112":{"searchName":"קיצורי מקלדת לעבודה ב-Photos","unavailable":true,"name":"קיצורי מקלדת","href":"pht6e593112.html"},"pht6e15dbdb":{"name":"הדפסת התמונות שלך","href":"pht6e15dbdb.html","unavailable":true},"pht6d975c7d":{"name":"צפייה בסרטים","href":"pht6d975c7d.html","unavailable":true},"pht98de9846":{"categories":["glossary"],"name":"אפקט Ken Burns","href":"pht98de9846.html","unavailable":true},"pht6c803201":{"name":"ממצלמה או ממכשיר נייד","href":"pht6c803201.html","unavailable":true},"pht5188d4d20":{"name":"סמלים של קיצורי מקלדת","href":"pht5188d4d20.html","unavailable":true},"phta48b41fd8":{"name":"שיפור אוטומטי של תמונות","href":"phta48b41fd8.html","unavailable":true},"pht98de9f27":{"categories":["glossary"],"name":"תמונות במבנה RAW","href":"pht98de9f27.html","unavailable":true},"pht1324a500e":{"name":"שימוש ביישומים ובאתרים אחרים","href":"pht1324a500e.html","unavailable":true},"phtdbd88e7a":{"categories":["glossary"],"name":"אלבומי תמונות ואלבומים חכמים","href":"phtdbd88e7a.html","unavailable":true},"pht337d0a03":{"name":"סידור תמונות","href":"pht337d0a03.html","unavailable":true},"pht64de33e5a":{"name":"חיפוש תמונות לפי מלל או תאריך","href":"pht64de33e5a.html","unavailable":true},"phtad9d981ab":{"name":"חיפוש תמונות לפי פרצוף","href":"phtad9d981ab.html","unavailable":true},"phtdfcac5c5":{"name":"ניהול מנויים","href":"phtdfcac5c5.html","unavailable":true},"phtc94a1416":{"name":"משאבים נוספים","href":"phtc94a1416.html","unavailable":true},"pht7a4c765b":{"name":"סקירה","href":"pht7a4c765b.html","unavailable":true},"pht12e7a8015":{"name":"היכן נמצאים הקבצים שייבאתי?","href":"pht12e7a8015.html","unavailable":true},"phtda5be08b":{"categories":["glossary"],"name":"מילת מפתח","href":"phtda5be08b.html","unavailable":true},"pht1d4c62349":{"name":"שימוש ב-AirDrop","href":"pht1d4c62349.html","unavailable":true},"phtab5e66ba":{"name":"עיצוב מלל של כרטיס","href":"phtab5e66ba.html","unavailable":true},"phtc3c7c06e":{"categories":["glossary"],"name":"מבנים של קבצי תמונה","href":"phtc3c7c06e.html","unavailable":true}},"copyright_text":"‎© 2015 Apple בע״מ. כל הזכויות שמורות.","css":""}