{"framework":"apd-framework-9.0.8","title":"Aide Photos","build_id":"55b17b2e680ce2c256ec6e44","icon":"..\/GlobalArt\/AppIconDefault_Photos.png","sections":{"pht15cfd7b0":{"name":"Utiliser le partage de photos iCloud","children":["pht7a4c765b","pht013f36be9","phtf7fe6394","pht5f6df5f0","phtdfcac5c5","pht884a8908"]},"pht3e99bb42d":{"name":"Gestes et raccourcis clavier","children":["pht2951dfb9","pht6e593112","pht5188d4d20"]},"phtae8c5b29":{"name":"Commander des tirages de photos et de projets","children":["pht211dd6d0","pht6e15ea68","pht6e15caf3","pht6e15b35b"]},"pht6d6040d1":{"name":"Afficher et organiser vos photos","children":["pht56eafa987","pht40b0be510","phtb66b3c010","phta4e5a733f","phtcf31adcc8","pht6d60507a","pht6d975c7d","pht3bfab2f96"]},"pht6c803a97":{"name":"Importer des photos et des vidéos","children":["phta58cd90d3","pht3c36b1831","pht6c803201","phtae4e05c67","pht6c804da9","pht12e7a8015"]},"pht2883afa7":{"name":"Créer des cartes","children":["pht6e157ba6","pht337d15be","pht6e15aa61","phtab5e66ba","phtab5e72eb"]},"phtb94d9ff5":{"name":"Créer des calendriers","children":["phtb94d7e13","phtb94d7d07","phtb94d9674","phtb94d9019","phtb94da1cb","phtb94d945b"]},"pht6d60507a":{"name":"Organiser les photos dans les albums","children":["phtf677b8f5","pht6d60a1f1","pht6d60ca71","pht211de0d6"]},"pht6d609918":{"name":"Gérer votre photothèque Photos","children":["pht211de786","pht6d60b524","pht6d60d10f","pht6d60348f","pht6be18f93","pht1ed9b966d"]},"phtaec3da2a9":{"name":"Créer et commander des tirages","children":["phtae8c5b29","pht6e15dbdb"]},"phtcf31adcc8":{"name":"Rechercher des photos","children":["pht64de33e5a","pht8d0ad5198","phtad9d981ab","pht4c00b8ddc"]},"phtae8c6983":{"name":"Créer des livres","children":["pht6e159147","pht337d0a03","pht337d0fd8","pht6e15c151","phtab5e6905","pht245fde94","phtab5e682b"]},"pht3c36b1831":{"name":"À partir d’iCloud","children":["phtf5e48489c","phtc0bf4b9bb"]},"pht6e41d50b":{"name":"Partager vos photos et vidéos","children":["pht15cfd7b0","phtc4361d5a","pht6e4207c4","pht6e41eaff","pht1d4c62349","pht6d97570c","pht1324a500e","pht6e157c5f"]},"pht6dc708cc":{"name":"Améliorer vos photos","children":["pht304c2ace6","phta48b41fd8","phtba22db5d6","pht13f0918f0","phte0af949f0","phtf5bf79313","pht5c38b77c5","phte0ee9e101","pht427071907"]},"phtf5bf79313":{"name":"Ajuster l’aspect des photos","children":["phtc9d389ecc","phtfd442cdbb","pht335dba352"]},"pht6e15d3aa":{"name":"Créer des projets","children":["phtae8c6d40","phtae8c6983","phtb94d9ff5","pht2883afa7"]},"pht5302d0f6":{"name":"Travailler avec Photos","children":["pht5156cc968","pht6d609918","pht8a576439"]}},"birdseed_version":4,"toc":["pht035bc2c35","pht6c803a97","pht6d6040d1","pht6dc708cc","pht6e41d50b","pht6e15d3aa","phtaec3da2a9","pht5302d0f6","pht3e99bb42d"],"locale":"fr","version":"1.1","enable_tracking":false,"source_schema":"apd-schema","platform":"mac","build_date":"2015.07.23-17:41:19","landing":"pht54710c4e","product":"photos","urls":{},"copyright":"","topics":{"pht6e157ba6":{"name":"Créer une carte","href":"pht6e157ba6.html","unavailable":true},"phtb94d945b":{"name":"Supprimer un calendrier","href":"phtb94d945b.html","unavailable":true},"pht245fde94":{"name":"Créer des plans dans un livre","href":"pht245fde94.html","unavailable":true},"phtb66b3c010":{"name":"Modifier le mode d’affichage des photos","href":"phtb66b3c010.html","unavailable":true},"phta58cd90d3":{"name":"Vue d’ensemble","href":"phta58cd90d3.html","unavailable":true},"pht6d60b524":{"name":"Utiliser plusieurs photothèques","href":"pht6d60b524.html","unavailable":true},"pht40b0be510":{"name":"Sélectionner et désélectionner des photos","href":"pht40b0be510.html","unavailable":true},"pht5706dfc6":{"categories":["glossary"],"name":"iCloud","href":"pht5706dfc6.html","unavailable":true},"pht6d60ca71":{"name":"Créer des albums intelligents","href":"pht6d60ca71.html","unavailable":true},"pht8a576439":{"name":"Obtenir des mises à jour Photos","href":"pht8a576439.html","unavailable":true},"pht9bb241b3":{"categories":["glossary"],"name":"sélection de photos","href":"pht9bb241b3.html","unavailable":true},"pht5f6df5f0":{"name":"Modifier un album partagé","href":"pht5f6df5f0.html","unavailable":true},"phtf677b8f5":{"name":"Qu’est-ce qu’un album ?","href":"phtf677b8f5.html","unavailable":true},"pht6e15aa61":{"name":"Ajouter et supprimer des photos","href":"pht6e15aa61.html","unavailable":true},"pht304c2ace6":{"name":"Notions élémentaires sur les techniques de modification","href":"pht304c2ace6.html","unavailable":true},"pht211de0d6":{"name":"Créer des dossiers","href":"pht211de0d6.html","unavailable":true},"pht427071907":{"name":"Modifier à l’aide d’extensions","href":"pht427071907.html","unavailable":true},"pht6d60348f":{"name":"Restaurer à partir de Time Machine","href":"pht6d60348f.html","unavailable":true},"phtf5e48489c":{"name":"À partir de la photothèque iCloud","href":"phtf5e48489c.html","unavailable":true},"phtc0bf4b9bb":{"name":"À partir de Mon flux de photos","href":"phtc0bf4b9bb.html","unavailable":true},"pht6e15b35b":{"name":"Commander un livre, une carte ou un calendrier","href":"pht6e15b35b.html","unavailable":true},"phtfd442cdbb":{"name":"Effectuer des ajustements avancés","href":"phtfd442cdbb.html","unavailable":true},"phte0ee9e101":{"name":"Supprimer les yeux rouges","href":"phte0ee9e101.html","unavailable":true},"pht98de9564":{"categories":["glossary"],"name":"éjecter","href":"pht98de9564.html","unavailable":true},"phtc3c7c148":{"categories":["glossary"],"name":"double page","href":"phtc3c7c148.html","unavailable":true},"pht6e15c151":{"name":"Manipuler les pages","href":"pht6e15c151.html","unavailable":true},"pht211de786":{"name":"Vue d’ensemble","href":"pht211de786.html","unavailable":true},"pht101081c3":{"categories":["glossary"],"name":"vignette","href":"pht101081c3.html","unavailable":true},"pht9b4411b24":{"name":"Raccourcis clavier et gestes","href":"pht9b4411b24.html","searchName":"Raccourcis clavier dans Photos"},"pht10107b78":{"categories":["glossary"],"name":"format","href":"pht10107b78.html","unavailable":true},"phtab5e72eb":{"name":"Supprimer une carte","href":"phtab5e72eb.html","unavailable":true},"pht6d60a1f1":{"name":"Créer des albums","href":"pht6d60a1f1.html","unavailable":true},"pht884a8908":{"name":"S’abonner à des albums","href":"pht884a8908.html","unavailable":true},"phtab5e682b":{"name":"Supprimer un livre","href":"phtab5e682b.html","unavailable":true},"pht013f36be9":{"name":"Activer ou désactiver le partage de photos iCloud","href":"pht013f36be9.html","unavailable":true},"pht211dd6d0":{"name":"Vue d’ensemble","href":"pht211dd6d0.html","unavailable":true},"phtb94d7d07":{"name":"Organiser les photos","href":"phtb94d7d07.html","unavailable":true},"pht6e159147":{"name":"Créer un livre","href":"pht6e159147.html","unavailable":true},"pht335dba352":{"name":"Personnaliser la sous-fenêtre Ajustements","href":"pht335dba352.html","unavailable":true},"phtba22db5d6":{"name":"Faire pivoter des photos","href":"phtba22db5d6.html","unavailable":true},"pht6e41eaff":{"name":"Utiliser Facebook, Flickr et Twitter","href":"pht6e41eaff.html","unavailable":true},"phtf7fe6394":{"name":"Créer un album partagé","href":"phtf7fe6394.html","unavailable":true},"pht035bc2c35":{"name":"Vue d’ensemble de Photos","href":"pht035bc2c35.html","unavailable":true},"pht337d15be":{"name":"Organiser les photos","href":"pht337d15be.html","unavailable":true},"pht8d0ad5198":{"name":"Rechercher des photos par mot-clé","href":"pht8d0ad5198.html","unavailable":true},"pht2951dfb9":{"name":"Gestes sur le trackpad","href":"pht2951dfb9.html","unavailable":true},"phtb711c0fd":{"categories":["glossary"],"name":"identifiant Apple","href":"phtb711c0fd.html","unavailable":true},"pht5156cc968":{"name":"Définir les préférences Photos","href":"pht5156cc968.html","unavailable":true},"phta4e5a733f":{"name":"Afficher les informations d’une photo et en ajouter","href":"phta4e5a733f.html","unavailable":true},"pht337d0fd8":{"name":"Ajouter et supprimer des photos","href":"pht337d0fd8.html","unavailable":true},"pht54710c4e":{"icon":"..\/GlobalArt\/AppLanding_Photos.png","categories":["landing"],"name":"Aide Photos","href":"pht54710c4e.html"},"pht6e15ea68":{"name":"Commander des tirages professionnels","href":"pht6e15ea68.html","unavailable":true},"phtb94d7e13":{"name":"Créer un calendrier","href":"phtb94d7e13.html","unavailable":true},"phtae4e05c67":{"name":"À partir d’un support de stockage","href":"phtae4e05c67.html","unavailable":true},"phtab5e6905":{"name":"Formater le texte d’un livre","href":"phtab5e6905.html","unavailable":true},"pht6e157c5f":{"name":"Exporter des photos, des vidéos et des diaporamas","href":"pht6e157c5f.html","unavailable":true},"pht1ed9b966d":{"name":"Modifier l’emplacement de stockage de vos fichiers par Photos","href":"pht1ed9b966d.html","unavailable":true},"pht6d97570c":{"name":"Utiliser iTunes","href":"pht6d97570c.html","unavailable":true},"pht6dc73ede":{"categories":["glossary"],"name":"édition non destructive","href":"pht6dc73ede.html","unavailable":true},"pht4c00b8ddc":{"name":"Afficher des photos par emplacement","href":"pht4c00b8ddc.html","unavailable":true},"pht3bfab2f96":{"name":"Supprimer des photos et des vidéos","href":"pht3bfab2f96.html","unavailable":true},"pht10107cfa":{"categories":["glossary"],"name":"photo clé","href":"pht10107cfa.html","unavailable":true},"phtae8c6d40":{"name":"Créer des diaporamas","href":"phtae8c6d40.html","unavailable":true},"pht5c38b77c5":{"name":"Retoucher des photos","href":"pht5c38b77c5.html","unavailable":true},"phtb94d9674":{"name":"Ajouter ou supprimer des photos","href":"phtb94d9674.html","unavailable":true},"phtc9d389ecc":{"name":"Régler une photo","href":"phtc9d389ecc.html","unavailable":true},"phtc3c7b374":{"categories":["glossary"],"name":"Carte SD","href":"phtc3c7b374.html","unavailable":true},"phtb94d9019":{"name":"Modifier les informations de date","href":"phtb94d9019.html","unavailable":true},"pht6d60d10f":{"name":"Sauvegarder votre photothèque Photos","href":"pht6d60d10f.html","unavailable":true},"pht6c804da9":{"name":"À partir d’autres apps","href":"pht6c804da9.html","unavailable":true},"pht6e15caf3":{"name":"Préparer un projet pour impression","href":"pht6e15caf3.html","unavailable":true},"phtb94da1cb":{"name":"Mettre en forme le texte d’un calendrier","href":"phtb94da1cb.html","unavailable":true},"pht6be18f93":{"name":"Réparer votre photothèque","href":"pht6be18f93.html","unavailable":true},"pht6e4207c4":{"name":"Utiliser Mail","href":"pht6e4207c4.html","unavailable":true},"phtc4361d5a":{"name":"Utiliser Messages","href":"phtc4361d5a.html","unavailable":true},"pht13f0918f0":{"name":"Recadrer et redresser des photos","href":"pht13f0918f0.html","unavailable":true},"phte0af949f0":{"name":"Appliquer des filtres aux photos","href":"phte0af949f0.html","unavailable":true},"pht56eafa987":{"name":"Afficher des photos","href":"pht56eafa987.html","unavailable":true},"pht6e593112":{"searchName":"Raccourcis clavier dans Photos","unavailable":true,"name":"Raccourcis clavier","href":"pht6e593112.html"},"pht6e15dbdb":{"name":"Imprimer vos propres photos","href":"pht6e15dbdb.html","unavailable":true},"pht6d975c7d":{"name":"Visionner une vidéo","href":"pht6d975c7d.html","unavailable":true},"pht98de9846":{"categories":["glossary"],"name":"Effet Ken Burns","href":"pht98de9846.html","unavailable":true},"pht6c803201":{"name":"À partir d’un appareil photo ou d’un appareil mobile","href":"pht6c803201.html","unavailable":true},"pht5188d4d20":{"name":"Symboles de raccourcis clavier","href":"pht5188d4d20.html","unavailable":true},"phta48b41fd8":{"name":"Améliorer des photos automatiquement","href":"phta48b41fd8.html","unavailable":true},"pht98de9f27":{"categories":["glossary"],"name":"Photos au format RAW","href":"pht98de9f27.html","unavailable":true},"pht1324a500e":{"name":"Utiliser d’autres apps et sites web","href":"pht1324a500e.html","unavailable":true},"phtdbd88e7a":{"categories":["glossary"],"name":"albums photo et albums intelligents","href":"phtdbd88e7a.html","unavailable":true},"pht337d0a03":{"name":"Organiser les photos","href":"pht337d0a03.html","unavailable":true},"pht64de33e5a":{"name":"Rechercher des photos par texte ou par date","href":"pht64de33e5a.html","unavailable":true},"phtad9d981ab":{"name":"Rechercher des photos par visage","href":"phtad9d981ab.html","unavailable":true},"phtdfcac5c5":{"name":"Gérer les abonnés","href":"phtdfcac5c5.html","unavailable":true},"phtc94a1416":{"name":"Autres ressources","href":"phtc94a1416.html","unavailable":true},"pht7a4c765b":{"name":"Vue d’ensemble","href":"pht7a4c765b.html","unavailable":true},"pht12e7a8015":{"name":"Où se trouvent mes fichiers importés ?","href":"pht12e7a8015.html","unavailable":true},"phtda5be08b":{"categories":["glossary"],"name":"mot-clé","href":"phtda5be08b.html","unavailable":true},"pht1d4c62349":{"name":"Utiliser AirDrop","href":"pht1d4c62349.html","unavailable":true},"phtab5e66ba":{"name":"Formater le texte d’une carte","href":"phtab5e66ba.html","unavailable":true},"phtc3c7c06e":{"categories":["glossary"],"name":"formats de fichiers d’images","href":"phtc3c7c06e.html","unavailable":true}},"copyright_text":"© 2015 Apple Inc. Tous droits réservés.","css":""}