{"framework":"apd-framework-9.0.8","title":"Ayuda de Fotos","build_id":"55b17b2d680ce2c256ec6e32","icon":"..\/GlobalArt\/AppIconDefault_Photos.png","sections":{"pht15cfd7b0":{"name":"Usar “Compartir fotos de iCloud”","children":["pht7a4c765b","pht013f36be9","phtf7fe6394","pht5f6df5f0","phtdfcac5c5","pht884a8908"]},"pht3e99bb42d":{"name":"Gestos y funciones rápidas de teclado","children":["pht2951dfb9","pht6e593112","pht5188d4d20"]},"phtae8c5b29":{"name":"Pedir fotos y proyectos impresos","children":["pht211dd6d0","pht6e15ea68","pht6e15caf3","pht6e15b35b"]},"pht6d6040d1":{"name":"Ver y organizar fotos","children":["pht56eafa987","pht40b0be510","phtb66b3c010","phta4e5a733f","phtcf31adcc8","pht6d60507a","pht6d975c7d","pht3bfab2f96"]},"pht6c803a97":{"name":"Importar fotos y videos","children":["phta58cd90d3","pht3c36b1831","pht6c803201","phtae4e05c67","pht6c804da9","pht12e7a8015"]},"pht2883afa7":{"name":"Crear tarjetas","children":["pht6e157ba6","pht337d15be","pht6e15aa61","phtab5e66ba","phtab5e72eb"]},"phtb94d9ff5":{"name":"Crear calendarios","children":["phtb94d7e13","phtb94d7d07","phtb94d9674","phtb94d9019","phtb94da1cb","phtb94d945b"]},"pht6d60507a":{"name":"Organizar fotos en álbumes","children":["phtf677b8f5","pht6d60a1f1","pht6d60ca71","pht211de0d6"]},"pht6d609918":{"name":"Administrar la fototeca de Fotos","children":["pht211de786","pht6d60b524","pht6d60d10f","pht6d60348f","pht6be18f93","pht1ed9b966d"]},"phtaec3da2a9":{"name":"Crear y pedir impresiones","children":["phtae8c5b29","pht6e15dbdb"]},"phtcf31adcc8":{"name":"Buscar fotos","children":["pht64de33e5a","pht8d0ad5198","phtad9d981ab","pht4c00b8ddc"]},"phtae8c6983":{"name":"Crear libros","children":["pht6e159147","pht337d0a03","pht337d0fd8","pht6e15c151","phtab5e6905","pht245fde94","phtab5e682b"]},"pht3c36b1831":{"name":"Desde iCloud","children":["phtf5e48489c","phtc0bf4b9bb"]},"pht6e41d50b":{"name":"Compartir fotos y videos","children":["pht15cfd7b0","phtc4361d5a","pht6e4207c4","pht6e41eaff","pht1d4c62349","pht6d97570c","pht1324a500e","pht6e157c5f"]},"pht6dc708cc":{"name":"Mejorar las fotos","children":["pht304c2ace6","phta48b41fd8","phtba22db5d6","pht13f0918f0","phte0af949f0","phtf5bf79313","pht5c38b77c5","phte0ee9e101","pht427071907"]},"phtf5bf79313":{"name":"Retocar la apariencia de las fotos","children":["phtc9d389ecc","phtfd442cdbb","pht335dba352"]},"pht6e15d3aa":{"name":"Crear proyectos","children":["phtae8c6d40","phtae8c6983","phtb94d9ff5","pht2883afa7"]},"pht5302d0f6":{"name":"Trabajando con Fotos","children":["pht5156cc968","pht6d609918","pht8a576439"]}},"birdseed_version":4,"toc":["pht035bc2c35","pht6c803a97","pht6d6040d1","pht6dc708cc","pht6e41d50b","pht6e15d3aa","phtaec3da2a9","pht5302d0f6","pht3e99bb42d"],"locale":"es-mx","version":"1.1","enable_tracking":false,"source_schema":"apd-schema","platform":"mac","build_date":"2015.07.23-17:27:40","landing":"pht54710c4e","product":"photos","urls":{},"copyright":"","topics":{"pht6e157ba6":{"name":"Crear una tarjeta","href":"pht6e157ba6.html","unavailable":true},"phtb94d945b":{"name":"Eliminar un calendario","href":"phtb94d945b.html","unavailable":true},"pht245fde94":{"name":"Crear mapas en un libro","href":"pht245fde94.html","unavailable":true},"phtb66b3c010":{"name":"Modificar cómo se muestran las fotos","href":"phtb66b3c010.html","unavailable":true},"phta58cd90d3":{"name":"Visión general","href":"phta58cd90d3.html","unavailable":true},"pht6d60b524":{"name":"Usar múltiples fototecas","href":"pht6d60b524.html","unavailable":true},"pht40b0be510":{"name":"Seleccionar y anular la selección de fotos","href":"pht40b0be510.html","unavailable":true},"pht5706dfc6":{"categories":["glossary"],"name":"iCloud","href":"pht5706dfc6.html","unavailable":true},"pht6d60ca71":{"name":"Crear álbumes inteligentes","href":"pht6d60ca71.html","unavailable":true},"pht8a576439":{"name":"Obtener actualizaciones de Fotos","href":"pht8a576439.html","unavailable":true},"pht9bb241b3":{"categories":["glossary"],"name":"seleccionando fotos","href":"pht9bb241b3.html","unavailable":true},"pht5f6df5f0":{"name":"Modificar un álbum compartido","href":"pht5f6df5f0.html","unavailable":true},"phtf677b8f5":{"name":"¿Qué son los álbumes?","href":"phtf677b8f5.html","unavailable":true},"pht6e15aa61":{"name":"Agregar y eliminar fotos","href":"pht6e15aa61.html","unavailable":true},"pht304c2ace6":{"name":"Aspectos básicos de la edición","href":"pht304c2ace6.html","unavailable":true},"pht211de0d6":{"name":"Crear carpetas","href":"pht211de0d6.html","unavailable":true},"pht427071907":{"name":"Realizar ediciones usando extensiones","href":"pht427071907.html","unavailable":true},"pht6d60348f":{"name":"Restaurar desde Time Machine","href":"pht6d60348f.html","unavailable":true},"phtf5e48489c":{"name":"Desde la fototeca de iCloud","href":"phtf5e48489c.html","unavailable":true},"phtc0bf4b9bb":{"name":"Desde “Secuencia de fotos”","href":"phtc0bf4b9bb.html","unavailable":true},"pht6e15b35b":{"name":"Pedir un libro, tarjeta o calendario","href":"pht6e15b35b.html","unavailable":true},"phtfd442cdbb":{"name":"Hacer retoques avanzados","href":"phtfd442cdbb.html","unavailable":true},"phte0ee9e101":{"name":"Corregir ojos rojos","href":"phte0ee9e101.html","unavailable":true},"pht98de9564":{"categories":["glossary"],"name":"expulsar","href":"pht98de9564.html","unavailable":true},"phtc3c7c148":{"categories":["glossary"],"name":"propagación de página","href":"phtc3c7c148.html","unavailable":true},"pht6e15c151":{"name":"Trabajar con páginas","href":"pht6e15c151.html","unavailable":true},"pht211de786":{"name":"Visión general","href":"pht211de786.html","unavailable":true},"pht101081c3":{"categories":["glossary"],"name":"miniatura","href":"pht101081c3.html","unavailable":true},"pht9b4411b24":{"name":"Gestos y funciones rápidas de teclado","href":"pht9b4411b24.html","searchName":"Funciones rápidas de Fotos"},"pht10107b78":{"categories":["glossary"],"name":"proporción","href":"pht10107b78.html","unavailable":true},"phtab5e72eb":{"name":"Eliminar una tarjeta","href":"phtab5e72eb.html","unavailable":true},"pht6d60a1f1":{"name":"Crear álbumes","href":"pht6d60a1f1.html","unavailable":true},"pht884a8908":{"name":"Suscribirse a álbumes","href":"pht884a8908.html","unavailable":true},"phtab5e682b":{"name":"Eliminar un libro","href":"phtab5e682b.html","unavailable":true},"pht013f36be9":{"name":"Activar o desactivar “Compartir fotos de iCloud”","href":"pht013f36be9.html","unavailable":true},"pht211dd6d0":{"name":"Visión general","href":"pht211dd6d0.html","unavailable":true},"phtb94d7d07":{"name":"Organizar fotos","href":"phtb94d7d07.html","unavailable":true},"pht6e159147":{"name":"Crear un libro de fotos","href":"pht6e159147.html","unavailable":true},"pht335dba352":{"name":"Personalizar el panel Retoques","href":"pht335dba352.html","unavailable":true},"phtba22db5d6":{"name":"Girar fotos","href":"phtba22db5d6.html","unavailable":true},"pht6e41eaff":{"name":"Usar Facebook, Flickr y Twitter","href":"pht6e41eaff.html","unavailable":true},"phtf7fe6394":{"name":"Crear un álbum compartido","href":"phtf7fe6394.html","unavailable":true},"pht035bc2c35":{"name":"Visión general de Fotos","href":"pht035bc2c35.html","unavailable":true},"pht337d15be":{"name":"Organizar fotos","href":"pht337d15be.html","unavailable":true},"pht8d0ad5198":{"name":"Buscar fotos por palabra clave","href":"pht8d0ad5198.html","unavailable":true},"pht2951dfb9":{"name":"Gestos del trackpad","href":"pht2951dfb9.html","unavailable":true},"phtb711c0fd":{"categories":["glossary"],"name":"Apple ID","href":"phtb711c0fd.html","unavailable":true},"pht5156cc968":{"name":"Configurar las preferencias de Fotos","href":"pht5156cc968.html","unavailable":true},"phta4e5a733f":{"name":"Ver y agregar información de la foto","href":"phta4e5a733f.html","unavailable":true},"pht337d0fd8":{"name":"Agregar y eliminar fotos","href":"pht337d0fd8.html","unavailable":true},"pht54710c4e":{"icon":"..\/GlobalArt\/AppLanding_Photos.png","categories":["landing"],"name":"Ayuda de Fotos","href":"pht54710c4e.html"},"pht6e15ea68":{"name":"Pedir impresiones profesionales","href":"pht6e15ea68.html","unavailable":true},"phtb94d7e13":{"name":"Crear un calendario","href":"phtb94d7e13.html","unavailable":true},"phtae4e05c67":{"name":"Desde un medio de almacenamiento","href":"phtae4e05c67.html","unavailable":true},"phtab5e6905":{"name":"Dar formato al texto del libro","href":"phtab5e6905.html","unavailable":true},"pht6e157c5f":{"name":"Exportar fotos, videos y presentaciones de diapositivas","href":"pht6e157c5f.html","unavailable":true},"pht1ed9b966d":{"name":"Cambiar dónde se almacenan los archivos de Fotos","href":"pht1ed9b966d.html","unavailable":true},"pht6d97570c":{"name":"Usar iTunes","href":"pht6d97570c.html","unavailable":true},"pht6dc73ede":{"categories":["glossary"],"name":"edición no destructiva","href":"pht6dc73ede.html","unavailable":true},"pht4c00b8ddc":{"name":"Ver fotos por ubicación","href":"pht4c00b8ddc.html","unavailable":true},"pht3bfab2f96":{"name":"Eliminar fotos y videos","href":"pht3bfab2f96.html","unavailable":true},"pht10107cfa":{"categories":["glossary"],"name":"foto clave","href":"pht10107cfa.html","unavailable":true},"phtae8c6d40":{"name":"Crear presentaciones de diapositivas","href":"phtae8c6d40.html","unavailable":true},"pht5c38b77c5":{"name":"Retocar fotos","href":"pht5c38b77c5.html","unavailable":true},"phtb94d9674":{"name":"Agregar o eliminar fotos","href":"phtb94d9674.html","unavailable":true},"phtc9d389ecc":{"name":"Retocar una foto","href":"phtc9d389ecc.html","unavailable":true},"phtc3c7b374":{"categories":["glossary"],"name":"tarjeta SD","href":"phtc3c7b374.html","unavailable":true},"phtb94d9019":{"name":"Cambiar la información de fecha","href":"phtb94d9019.html","unavailable":true},"pht6d60d10f":{"name":"Realizar un respaldo de la fototeca de Fotos","href":"pht6d60d10f.html","unavailable":true},"pht6c804da9":{"name":"Desde otras apps","href":"pht6c804da9.html","unavailable":true},"pht6e15caf3":{"name":"Preparar un proyecto para su impresión","href":"pht6e15caf3.html","unavailable":true},"phtb94da1cb":{"name":"Dar formato al texto del calendario","href":"phtb94da1cb.html","unavailable":true},"pht6be18f93":{"name":"Reparar la fototeca","href":"pht6be18f93.html","unavailable":true},"pht6e4207c4":{"name":"Usar Mail","href":"pht6e4207c4.html","unavailable":true},"phtc4361d5a":{"name":"Usar Mensajes","href":"phtc4361d5a.html","unavailable":true},"pht13f0918f0":{"name":"Recortar y enderezar fotos","href":"pht13f0918f0.html","unavailable":true},"phte0af949f0":{"name":"Aplicar filtros a las fotos","href":"phte0af949f0.html","unavailable":true},"pht56eafa987":{"name":"Ver fotos","href":"pht56eafa987.html","unavailable":true},"pht6e593112":{"searchName":"Funciones rápidas de Fotos","unavailable":true,"name":"Funciones rápidas de teclado","href":"pht6e593112.html"},"pht6e15dbdb":{"name":"Imprimir sus propias fotos","href":"pht6e15dbdb.html","unavailable":true},"pht6d975c7d":{"name":"Ver videos","href":"pht6d975c7d.html","unavailable":true},"pht98de9846":{"categories":["glossary"],"name":"efecto Ken Burns","href":"pht98de9846.html","unavailable":true},"pht6c803201":{"name":"Desde una cámara o dispositivo móvil","href":"pht6c803201.html","unavailable":true},"pht5188d4d20":{"name":"Símbolos de las funciones rápidas de teclado","href":"pht5188d4d20.html","unavailable":true},"phta48b41fd8":{"name":"Mejorar fotos automáticamente","href":"phta48b41fd8.html","unavailable":true},"pht98de9f27":{"categories":["glossary"],"name":"fotos en formato RAW","href":"pht98de9f27.html","unavailable":true},"pht1324a500e":{"name":"Usar otras apps y sitios web","href":"pht1324a500e.html","unavailable":true},"phtdbd88e7a":{"categories":["glossary"],"name":"álbumes de fotos y álbumes inteligentes","href":"phtdbd88e7a.html","unavailable":true},"pht337d0a03":{"name":"Organizar fotos","href":"pht337d0a03.html","unavailable":true},"pht64de33e5a":{"name":"Buscar fotos por texto o fecha","href":"pht64de33e5a.html","unavailable":true},"phtad9d981ab":{"name":"Buscar fotos por caras","href":"phtad9d981ab.html","unavailable":true},"phtdfcac5c5":{"name":"Administrar suscriptores","href":"phtdfcac5c5.html","unavailable":true},"phtc94a1416":{"name":"Más recursos","href":"phtc94a1416.html","unavailable":true},"pht7a4c765b":{"name":"Visión general","href":"pht7a4c765b.html","unavailable":true},"pht12e7a8015":{"name":"¿Dónde están los archivos importados?","href":"pht12e7a8015.html","unavailable":true},"phtda5be08b":{"categories":["glossary"],"name":"palabra clave","href":"phtda5be08b.html","unavailable":true},"pht1d4c62349":{"name":"Usar AirDrop","href":"pht1d4c62349.html","unavailable":true},"phtab5e66ba":{"name":"Dar formato al texto de la tarjeta","href":"phtab5e66ba.html","unavailable":true},"phtc3c7c06e":{"categories":["glossary"],"name":"formatos de archivo de imagen","href":"phtc3c7c06e.html","unavailable":true}},"copyright_text":"© 2015 Apple Inc. Todos los derechos reservados.","css":""}