{"framework":"apd-framework-9.0.8","title":"Photos Help","build_id":"559ac89e094622e54d8f1ddb","icon":"..\/GlobalArt\/AppIconDefault_Photos.png","sections":{"pht15cfd7b0":{"name":"Use iCloud Photo Sharing","children":["pht7a4c765b","pht013f36be9","phtf7fe6394","pht5f6df5f0","phtdfcac5c5","pht884a8908"]},"pht3e99bb42d":{"name":"Gestures and keyboard shortcuts","children":["pht2951dfb9","pht6e593112","pht5188d4d20"]},"phtae8c5b29":{"name":"Order printed photos and projects","children":["pht211dd6d0","pht6e15ea68","pht6e15caf3","pht6e15b35b"]},"pht6d6040d1":{"name":"View and organize your photos","children":["pht56eafa987","pht40b0be510","phtb66b3c010","phta4e5a733f","phtcf31adcc8","pht6d60507a","pht6d975c7d","pht3bfab2f96"]},"pht6c803a97":{"name":"Import photos and video","children":["phta58cd90d3","pht3c36b1831","pht6c803201","phtae4e05c67","pht6c804da9","pht12e7a8015"]},"pht2883afa7":{"name":"Create cards","children":["pht6e157ba6","pht337d15be","pht6e15aa61","phtab5e66ba","phtab5e72eb"]},"phtb94d9ff5":{"name":"Create calendars","children":["phtb94d7e13","phtb94d7d07","phtb94d9674","phtb94d9019","phtb94da1cb","phtb94d945b"]},"pht6d60507a":{"name":"Organize photos in albums","children":["phtf677b8f5","pht6d60a1f1","pht6d60ca71","pht211de0d6"]},"pht6d609918":{"name":"Manage your Photos library","children":["pht211de786","pht6d60b524","pht6d60d10f","pht6d60348f","pht6be18f93","pht1ed9b966d"]},"phtaec3da2a9":{"name":"Create and order prints","children":["phtae8c5b29","pht6e15dbdb"]},"phtcf31adcc8":{"name":"Find photos","children":["pht64de33e5a","pht8d0ad5198","phtad9d981ab","pht4c00b8ddc"]},"phtae8c6983":{"name":"Create books","children":["pht6e159147","pht337d0a03","pht337d0fd8","pht6e15c151","phtab5e6905","pht245fde94","phtab5e682b"]},"pht3c36b1831":{"name":"From iCloud","children":["phtf5e48489c","phtc0bf4b9bb"]},"pht6e41d50b":{"name":"Share your photos and video","children":["pht15cfd7b0","phtc4361d5a","pht6e4207c4","pht6e41eaff","pht1d4c62349","pht6d97570c","pht1324a500e","pht6e157c5f"]},"pht6dc708cc":{"name":"Improve your photos","children":["pht304c2ace6","phta48b41fd8","phtba22db5d6","pht13f0918f0","phte0af949f0","phtf5bf79313","pht5c38b77c5","phte0ee9e101","pht427071907"]},"phtf5bf79313":{"name":"Adjust the look of photos","children":["phtc9d389ecc","phtfd442cdbb","pht335dba352"]},"pht6e15d3aa":{"name":"Create projects","children":["phtae8c6d40","phtae8c6983","phtb94d9ff5","pht2883afa7"]},"pht5302d0f6":{"name":"Work with Photos","children":["pht5156cc968","pht6d609918","pht8a576439"]}},"birdseed_version":4,"toc":["pht035bc2c35","pht6c803a97","pht6d6040d1","pht6dc708cc","pht6e41d50b","pht6e15d3aa","phtaec3da2a9","pht5302d0f6","pht3e99bb42d"],"locale":"en","version":"1.1","enable_tracking":false,"source_schema":"apd-schema","platform":"mac","build_date":"2015.07.06-11:35:29","landing":"pht54710c4e","product":"photos","urls":{},"copyright":"","topics":{"pht6e157ba6":{"name":"Create a card","href":"pht6e157ba6.html","unavailable":true},"phtb94d945b":{"name":"Delete a calendar","href":"phtb94d945b.html","unavailable":true},"pht245fde94":{"name":"Create maps in a book","href":"pht245fde94.html","unavailable":true},"phtb66b3c010":{"name":"Change how photos are displayed","href":"phtb66b3c010.html","unavailable":true},"phta58cd90d3":{"name":"Overview","href":"phta58cd90d3.html","unavailable":true},"pht6d60b524":{"name":"Use multiple libraries","href":"pht6d60b524.html","unavailable":true},"pht40b0be510":{"name":"Select and deselect photos","href":"pht40b0be510.html","unavailable":true},"pht5706dfc6":{"categories":["glossary"],"name":"iCloud","href":"pht5706dfc6.html","unavailable":true},"pht6d60ca71":{"name":"Create Smart Albums","href":"pht6d60ca71.html","unavailable":true},"pht8a576439":{"name":"Get Photos updates","href":"pht8a576439.html","unavailable":true},"pht9bb241b3":{"categories":["glossary"],"name":"selecting photos","href":"pht9bb241b3.html","unavailable":true},"pht5f6df5f0":{"name":"Change a shared album","href":"pht5f6df5f0.html","unavailable":true},"phtf677b8f5":{"name":"What are albums?","href":"phtf677b8f5.html","unavailable":true},"pht6e15aa61":{"name":"Add and remove photos","href":"pht6e15aa61.html","unavailable":true},"pht304c2ace6":{"name":"Editing basics","href":"pht304c2ace6.html","unavailable":true},"pht211de0d6":{"name":"Create folders","href":"pht211de0d6.html","unavailable":true},"pht427071907":{"name":"Edit using extensions","href":"pht427071907.html","unavailable":true},"pht6d60348f":{"name":"Restore from Time Machine","href":"pht6d60348f.html","unavailable":true},"phtf5e48489c":{"name":"From iCloud Photo Library","href":"phtf5e48489c.html","unavailable":true},"phtc0bf4b9bb":{"name":"From My Photo Stream","href":"phtc0bf4b9bb.html","unavailable":true},"pht6e15b35b":{"name":"Order a book, card, or calendar","href":"pht6e15b35b.html","unavailable":true},"phtfd442cdbb":{"name":"Make advanced adjustments","href":"phtfd442cdbb.html","unavailable":true},"phte0ee9e101":{"name":"Remove red-eye","href":"phte0ee9e101.html","unavailable":true},"pht98de9564":{"categories":["glossary"],"name":"eject","href":"pht98de9564.html","unavailable":true},"phtc3c7c148":{"categories":["glossary"],"name":"page spread","href":"phtc3c7c148.html","unavailable":true},"pht6e15c151":{"name":"Work with pages","href":"pht6e15c151.html","unavailable":true},"pht211de786":{"name":"Overview","href":"pht211de786.html","unavailable":true},"pht101081c3":{"categories":["glossary"],"name":"thumbnail","href":"pht101081c3.html","unavailable":true},"pht9b4411b24":{"name":"Keyboard shortcuts and gestures","href":"pht9b4411b24.html","searchName":"Keyboard shortcuts in Photos"},"pht10107b78":{"categories":["glossary"],"name":"size ratio","href":"pht10107b78.html","unavailable":true},"phtab5e72eb":{"name":"Delete a card","href":"phtab5e72eb.html","unavailable":true},"pht6d60a1f1":{"name":"Create albums","href":"pht6d60a1f1.html","unavailable":true},"pht884a8908":{"name":"Subscribe to albums","href":"pht884a8908.html","unavailable":true},"phtab5e682b":{"name":"Delete a book","href":"phtab5e682b.html","unavailable":true},"pht013f36be9":{"name":"Turn iCloud Photo Sharing on or off","href":"pht013f36be9.html","unavailable":true},"pht211dd6d0":{"name":"Overview","href":"pht211dd6d0.html","unavailable":true},"phtb94d7d07":{"name":"Arrange photos","href":"phtb94d7d07.html","unavailable":true},"pht6e159147":{"name":"Create a photo book","href":"pht6e159147.html","unavailable":true},"pht335dba352":{"name":"Customize the Adjustments pane","href":"pht335dba352.html","unavailable":true},"phtba22db5d6":{"name":"Rotate photos","href":"phtba22db5d6.html","unavailable":true},"pht6e41eaff":{"name":"Use Facebook, Flickr, and Twitter","href":"pht6e41eaff.html","unavailable":true},"phtf7fe6394":{"name":"Create a shared album","href":"phtf7fe6394.html","unavailable":true},"pht035bc2c35":{"name":"Photos overview","href":"pht035bc2c35.html","unavailable":true},"pht337d15be":{"name":"Arrange photos","href":"pht337d15be.html","unavailable":true},"pht8d0ad5198":{"name":"Find photos by keyword","href":"pht8d0ad5198.html","unavailable":true},"pht2951dfb9":{"name":"Trackpad gestures","href":"pht2951dfb9.html","unavailable":true},"phtb711c0fd":{"categories":["glossary"],"name":"Apple ID","href":"phtb711c0fd.html","unavailable":true},"pht5156cc968":{"name":"Set Photos preferences","href":"pht5156cc968.html","unavailable":true},"phta4e5a733f":{"name":"View and add photo information","href":"phta4e5a733f.html","unavailable":true},"pht337d0fd8":{"name":"Add and remove photos","href":"pht337d0fd8.html","unavailable":true},"pht54710c4e":{"icon":"..\/GlobalArt\/AppLanding_Photos.png","categories":["landing"],"name":"Photos Help","href":"pht54710c4e.html"},"pht6e15ea68":{"name":"Order professional prints","href":"pht6e15ea68.html","unavailable":true},"phtb94d7e13":{"name":"Create a calendar","href":"phtb94d7e13.html","unavailable":true},"phtae4e05c67":{"name":"From storage media","href":"phtae4e05c67.html","unavailable":true},"phtab5e6905":{"name":"Format book text","href":"phtab5e6905.html","unavailable":true},"pht6e157c5f":{"name":"Export photos, videos, and slideshows","href":"pht6e157c5f.html","unavailable":true},"pht1ed9b966d":{"name":"Change where Photos stores your files","href":"pht1ed9b966d.html","unavailable":true},"pht6d97570c":{"name":"Use iTunes","href":"pht6d97570c.html","unavailable":true},"pht6dc73ede":{"categories":["glossary"],"name":"nondestructive editing","href":"pht6dc73ede.html","unavailable":true},"pht4c00b8ddc":{"name":"View photos by location","href":"pht4c00b8ddc.html","unavailable":true},"pht3bfab2f96":{"name":"Delete photos and video","href":"pht3bfab2f96.html","unavailable":true},"pht10107cfa":{"categories":["glossary"],"name":"key photo","href":"pht10107cfa.html","unavailable":true},"phtae8c6d40":{"name":"Create slideshows","href":"phtae8c6d40.html","unavailable":true},"pht5c38b77c5":{"name":"Retouch photos","href":"pht5c38b77c5.html","unavailable":true},"phtb94d9674":{"name":"Add or remove photos","href":"phtb94d9674.html","unavailable":true},"phtc9d389ecc":{"name":"Adjust a photo","href":"phtc9d389ecc.html","unavailable":true},"phtc3c7b374":{"categories":["glossary"],"name":"SD card","href":"phtc3c7b374.html","unavailable":true},"phtb94d9019":{"name":"Change the date information","href":"phtb94d9019.html","unavailable":true},"pht6d60d10f":{"name":"Back up your Photos library","href":"pht6d60d10f.html","unavailable":true},"pht6c804da9":{"name":"From other apps","href":"pht6c804da9.html","unavailable":true},"pht6e15caf3":{"name":"Prepare a project for printing","href":"pht6e15caf3.html","unavailable":true},"phtb94da1cb":{"name":"Format calendar text","href":"phtb94da1cb.html","unavailable":true},"pht6be18f93":{"name":"Repair your library","href":"pht6be18f93.html","unavailable":true},"pht6e4207c4":{"name":"Use Mail","href":"pht6e4207c4.html","unavailable":true},"phtc4361d5a":{"name":"Use Messages","href":"phtc4361d5a.html","unavailable":true},"pht13f0918f0":{"name":"Crop and straighten photos","href":"pht13f0918f0.html","unavailable":true},"phte0af949f0":{"name":"Apply filters to photos","href":"phte0af949f0.html","unavailable":true},"pht56eafa987":{"name":"View photos","href":"pht56eafa987.html","unavailable":true},"pht6e593112":{"searchName":"Keyboard shortcuts in Photos","unavailable":true,"name":"Keyboard shortcuts","href":"pht6e593112.html"},"pht6e15dbdb":{"name":"Print your own photos","href":"pht6e15dbdb.html","unavailable":true},"pht6d975c7d":{"name":"View video","href":"pht6d975c7d.html","unavailable":true},"pht98de9846":{"categories":["glossary"],"name":"Ken Burns effect","href":"pht98de9846.html","unavailable":true},"pht6c803201":{"name":"From a camera or mobile device","href":"pht6c803201.html","unavailable":true},"pht5188d4d20":{"name":"Keyboard shortcut symbols","href":"pht5188d4d20.html","unavailable":true},"phta48b41fd8":{"name":"Enhance photos automatically","href":"phta48b41fd8.html","unavailable":true},"pht98de9f27":{"categories":["glossary"],"name":"RAW-format photos","href":"pht98de9f27.html","unavailable":true},"pht1324a500e":{"name":"Use other apps and websites","href":"pht1324a500e.html","unavailable":true},"phtdbd88e7a":{"categories":["glossary"],"name":"photo albums and Smart Albums","href":"phtdbd88e7a.html","unavailable":true},"pht337d0a03":{"name":"Arrange photos","href":"pht337d0a03.html","unavailable":true},"pht64de33e5a":{"name":"Find photos by text or date","href":"pht64de33e5a.html","unavailable":true},"phtad9d981ab":{"name":"Find photos by face","href":"phtad9d981ab.html","unavailable":true},"phtdfcac5c5":{"name":"Manage subscribers","href":"phtdfcac5c5.html","unavailable":true},"phtc94a1416":{"name":"More resources","href":"phtc94a1416.html","unavailable":true},"pht7a4c765b":{"name":"Overview","href":"pht7a4c765b.html","unavailable":true},"pht12e7a8015":{"name":"Where are my imported files?","href":"pht12e7a8015.html","unavailable":true},"phtda5be08b":{"categories":["glossary"],"name":"keyword","href":"phtda5be08b.html","unavailable":true},"pht1d4c62349":{"name":"Use AirDrop","href":"pht1d4c62349.html","unavailable":true},"phtab5e66ba":{"name":"Format card text","href":"phtab5e66ba.html","unavailable":true},"phtc3c7c06e":{"categories":["glossary"],"name":"image file formats","href":"phtc3c7c06e.html","unavailable":true}},"copyright_text":"© 2015 Apple Inc. All rights reserved.","css":""}