{"framework":"apd-framework-9.0.8","title":"วิธีใช้แอปรูปภาพ","build_id":"55b17b2d680ce2c256ec6e2c","icon":"..\/GlobalArt\/AppIconDefault_Photos.png","sections":{"pht15cfd7b0":{"name":"การใช้การแชร์รูปภาพ iCloud","children":["pht7a4c765b","pht013f36be9","phtf7fe6394","pht5f6df5f0","phtdfcac5c5","pht884a8908"]},"pht3e99bb42d":{"name":"ท่าทางและปุ่มลัดแป้นพิมพ์","children":["pht2951dfb9","pht6e593112","pht5188d4d20"]},"phtae8c5b29":{"name":"การสั่งพิมพ์รูปภาพและโปรเจ็กต์","children":["pht211dd6d0","pht6e15ea68","pht6e15caf3","pht6e15b35b"]},"pht6d6040d1":{"name":"การดูและจัดระเบียบรูปภาพของคุณ","children":["pht56eafa987","pht40b0be510","phtb66b3c010","phta4e5a733f","phtcf31adcc8","pht6d60507a","pht6d975c7d","pht3bfab2f96"]},"pht6c803a97":{"name":"การนำเข้ารูปภาพและวิดีโอ","children":["phta58cd90d3","pht3c36b1831","pht6c803201","phtae4e05c67","pht6c804da9","pht12e7a8015"]},"pht2883afa7":{"name":"การสร้างการ์ด","children":["pht6e157ba6","pht337d15be","pht6e15aa61","phtab5e66ba","phtab5e72eb"]},"phtb94d9ff5":{"name":"การสร้างปฏิทิน","children":["phtb94d7e13","phtb94d7d07","phtb94d9674","phtb94d9019","phtb94da1cb","phtb94d945b"]},"pht6d60507a":{"name":"การจัดระเบียบรูปภาพในอัลบั้ม","children":["phtf677b8f5","pht6d60a1f1","pht6d60ca71","pht211de0d6"]},"pht6d609918":{"name":"การจัดการคลังรูปภาพของคุณ","children":["pht211de786","pht6d60b524","pht6d60d10f","pht6d60348f","pht6be18f93","pht1ed9b966d"]},"phtaec3da2a9":{"name":"การสร้างและสั่งงานพิมพ์","children":["phtae8c5b29","pht6e15dbdb"]},"phtcf31adcc8":{"name":"การค้นหารูปภาพ","children":["pht64de33e5a","pht8d0ad5198","phtad9d981ab","pht4c00b8ddc"]},"phtae8c6983":{"name":"การสร้างหนังสือ","children":["pht6e159147","pht337d0a03","pht337d0fd8","pht6e15c151","phtab5e6905","pht245fde94","phtab5e682b"]},"pht3c36b1831":{"name":"จาก iCloud","children":["phtf5e48489c","phtc0bf4b9bb"]},"pht6e41d50b":{"name":"การแชร์รูปภาพและวิดีโอของคุณ","children":["pht15cfd7b0","phtc4361d5a","pht6e4207c4","pht6e41eaff","pht1d4c62349","pht6d97570c","pht1324a500e","pht6e157c5f"]},"pht6dc708cc":{"name":"การปรับปรุงรูปภาพของคุณ","children":["pht304c2ace6","phta48b41fd8","phtba22db5d6","pht13f0918f0","phte0af949f0","phtf5bf79313","pht5c38b77c5","phte0ee9e101","pht427071907"]},"phtf5bf79313":{"name":"ปรับลักษณะของรูปภาพ","children":["phtc9d389ecc","phtfd442cdbb","pht335dba352"]},"pht6e15d3aa":{"name":"การสร้างโปรเจ็กต์","children":["phtae8c6d40","phtae8c6983","phtb94d9ff5","pht2883afa7"]},"pht5302d0f6":{"name":"การทำงานกับแอปรูปภาพ","children":["pht5156cc968","pht6d609918","pht8a576439"]}},"birdseed_version":4,"toc":["pht035bc2c35","pht6c803a97","pht6d6040d1","pht6dc708cc","pht6e41d50b","pht6e15d3aa","phtaec3da2a9","pht5302d0f6","pht3e99bb42d"],"locale":"th","version":"1.1","enable_tracking":false,"source_schema":"apd-schema","platform":"mac","build_date":"2015.07.23-17:30:52","landing":"pht54710c4e","product":"photos","urls":{},"copyright":"","topics":{"pht6e157ba6":{"name":"การสร้างการ์ด","href":"pht6e157ba6.html","unavailable":true},"phtb94d945b":{"name":"การลบปฏิทิน","href":"phtb94d945b.html","unavailable":true},"pht245fde94":{"name":"การสร้างแผนที่ในสมุด","href":"pht245fde94.html","unavailable":true},"phtb66b3c010":{"name":"การเปลี่ยนวิธีแสดงรูปภาพ","href":"phtb66b3c010.html","unavailable":true},"phta58cd90d3":{"name":"ภาพรวม","href":"phta58cd90d3.html","unavailable":true},"pht6d60b524":{"name":"การใช้หลายคลัง","href":"pht6d60b524.html","unavailable":true},"pht40b0be510":{"name":"การเลือกและยกเลิกการเลือกรูปภาพ","href":"pht40b0be510.html","unavailable":true},"pht5706dfc6":{"categories":["glossary"],"name":"iCloud","href":"pht5706dfc6.html","unavailable":true},"pht6d60ca71":{"name":"การสร้างอัลบั้มอัจฉริยะ","href":"pht6d60ca71.html","unavailable":true},"pht8a576439":{"name":"การขอรับรายการอัปเดตรูปภาพ","href":"pht8a576439.html","unavailable":true},"pht9bb241b3":{"categories":["glossary"],"name":"การเลือกรูปภาพ","href":"pht9bb241b3.html","unavailable":true},"pht5f6df5f0":{"name":"การเปลี่ยนอัลบั้มที่แชร์","href":"pht5f6df5f0.html","unavailable":true},"phtf677b8f5":{"name":"อัลบั้มคืออะไร","href":"phtf677b8f5.html","unavailable":true},"pht6e15aa61":{"name":"การเพิ่มและเอารูปภาพออก","href":"pht6e15aa61.html","unavailable":true},"pht304c2ace6":{"name":"ข้อมูลพื้นฐานการแก้ไข","href":"pht304c2ace6.html","unavailable":true},"pht211de0d6":{"name":"การสร้างโฟลเดอร์","href":"pht211de0d6.html","unavailable":true},"pht427071907":{"name":"การแก้ไขโดยใช้ส่วนขยาย","href":"pht427071907.html","unavailable":true},"pht6d60348f":{"name":"การกู้คืนจาก Time Machine","href":"pht6d60348f.html","unavailable":true},"phtf5e48489c":{"name":"จากคลังรูปภาพ iCloud","href":"phtf5e48489c.html","unavailable":true},"phtc0bf4b9bb":{"name":"จากการสตรีมรูปภาพของฉัน","href":"phtc0bf4b9bb.html","unavailable":true},"pht6e15b35b":{"name":"การสั่งสมุด การ์ด หรือปฏิทิน","href":"pht6e15b35b.html","unavailable":true},"phtfd442cdbb":{"name":"การปรับรูปภาพขั้นสูง","href":"phtfd442cdbb.html","unavailable":true},"phte0ee9e101":{"name":"ลบตาแดง","href":"phte0ee9e101.html","unavailable":true},"pht98de9564":{"categories":["glossary"],"name":"ถอดออก","href":"pht98de9564.html","unavailable":true},"phtc3c7c148":{"categories":["glossary"],"name":"หน้าคู่","href":"phtc3c7c148.html","unavailable":true},"pht6e15c151":{"name":"การจัดการหน้าต่างๆ","href":"pht6e15c151.html","unavailable":true},"pht211de786":{"name":"ภาพรวม","href":"pht211de786.html","unavailable":true},"pht101081c3":{"categories":["glossary"],"name":"รูปขนาดย่อ","href":"pht101081c3.html","unavailable":true},"pht9b4411b24":{"name":"คีย์ลัดแป้นพิมพ์และลักษณะท่าทาง","href":"pht9b4411b24.html","searchName":"ปุ่มลัดแป้นพิมพ์ในแอพรูปภาพ"},"pht10107b78":{"categories":["glossary"],"name":"สัดส่วนขนาด","href":"pht10107b78.html","unavailable":true},"phtab5e72eb":{"name":"การลบการ์ด","href":"phtab5e72eb.html","unavailable":true},"pht6d60a1f1":{"name":"การสร้างอัลบั้ม","href":"pht6d60a1f1.html","unavailable":true},"pht884a8908":{"name":"การสมัครรับอัลบั้ม","href":"pht884a8908.html","unavailable":true},"phtab5e682b":{"name":"ลบสมุด","href":"phtab5e682b.html","unavailable":true},"pht013f36be9":{"name":"การเปิดหรือปิดการแชร์รูปภาพ iCloud","href":"pht013f36be9.html","unavailable":true},"pht211dd6d0":{"name":"ภาพรวม","href":"pht211dd6d0.html","unavailable":true},"phtb94d7d07":{"name":"การจัดเรียงรูปภาพ","href":"phtb94d7d07.html","unavailable":true},"pht6e159147":{"name":"การสร้างสมุดภาพ","href":"pht6e159147.html","unavailable":true},"pht335dba352":{"name":"การปรับแต่งบานหน้าต่างการปรับด้วยตัวเอง","href":"pht335dba352.html","unavailable":true},"phtba22db5d6":{"name":"หมุนรูปภาพ","href":"phtba22db5d6.html","unavailable":true},"pht6e41eaff":{"name":"การใช้ Facebook, Flickr และ Twitter","href":"pht6e41eaff.html","unavailable":true},"phtf7fe6394":{"name":"การสร้างอัลบั้มที่แชร์","href":"phtf7fe6394.html","unavailable":true},"pht035bc2c35":{"name":"ภาพรวมแอปรูปภาพ","href":"pht035bc2c35.html","unavailable":true},"pht337d15be":{"name":"การจัดเรียงรูปภาพ","href":"pht337d15be.html","unavailable":true},"pht8d0ad5198":{"name":"การค้นหารูปภาพตามคำสำคัญ","href":"pht8d0ad5198.html","unavailable":true},"pht2951dfb9":{"name":"ท่าทางแทร็คแพด","href":"pht2951dfb9.html","unavailable":true},"phtb711c0fd":{"categories":["glossary"],"name":"Apple ID","href":"phtb711c0fd.html","unavailable":true},"pht5156cc968":{"name":"การติดตั้งการตั้งค่าแอปรูปภาพ","href":"pht5156cc968.html","unavailable":true},"phta4e5a733f":{"name":"ดูและเพิ่มข้อมูลรูปภาพ","href":"phta4e5a733f.html","unavailable":true},"pht337d0fd8":{"name":"การเพิ่มและเอารูปภาพออก","href":"pht337d0fd8.html","unavailable":true},"pht54710c4e":{"icon":"..\/GlobalArt\/AppLanding_Photos.png","categories":["landing"],"name":"วิธีใช้แอปรูปภาพ","href":"pht54710c4e.html"},"pht6e15ea68":{"name":"การสั่งพิมพ์แบบมืออาชีพ","href":"pht6e15ea68.html","unavailable":true},"phtb94d7e13":{"name":"การสร้างปฏิทิน","href":"phtb94d7e13.html","unavailable":true},"phtae4e05c67":{"name":"จากสื่อพื้นที่จัดเก็บ","href":"phtae4e05c67.html","unavailable":true},"phtab5e6905":{"name":"การจัดรูปแบบข้อความสมุด","href":"phtab5e6905.html","unavailable":true},"pht6e157c5f":{"name":"การส่งออกรูปภาพ วิดีโอ และสไลด์โชว์","href":"pht6e157c5f.html","unavailable":true},"pht1ed9b966d":{"name":"การเปลี่ยนแปลงรูปภาพที่จัดเก็บไฟล์ของคุณ","href":"pht1ed9b966d.html","unavailable":true},"pht6d97570c":{"name":"การใช้ iTunes","href":"pht6d97570c.html","unavailable":true},"pht6dc73ede":{"categories":["glossary"],"name":"การแก้ไขที่ไม่เป็นการทำลาย","href":"pht6dc73ede.html","unavailable":true},"pht4c00b8ddc":{"name":"ดูรูปภาพตามตำแหน่ง","href":"pht4c00b8ddc.html","unavailable":true},"pht3bfab2f96":{"name":"การลบรูปภาพและวิดีโอ","href":"pht3bfab2f96.html","unavailable":true},"pht10107cfa":{"categories":["glossary"],"name":"รูปภาพหลัก","href":"pht10107cfa.html","unavailable":true},"phtae8c6d40":{"name":"การสร้างสไลด์โชว์","href":"phtae8c6d40.html","unavailable":true},"pht5c38b77c5":{"name":"ตกแต่งรูปภาพ","href":"pht5c38b77c5.html","unavailable":true},"phtb94d9674":{"name":"การเพิ่มหรือเอารูปภาพออก","href":"phtb94d9674.html","unavailable":true},"phtc9d389ecc":{"name":"การปรับรูปภาพ","href":"phtc9d389ecc.html","unavailable":true},"phtc3c7b374":{"categories":["glossary"],"name":"การ์ด SD","href":"phtc3c7b374.html","unavailable":true},"phtb94d9019":{"name":"เปลี่ยนข้อมูลวันที่","href":"phtb94d9019.html","unavailable":true},"pht6d60d10f":{"name":"การสำรองข้อมูลคลังรูปภาพของคุณ","href":"pht6d60d10f.html","unavailable":true},"pht6c804da9":{"name":"จากแอปอื่นๆ","href":"pht6c804da9.html","unavailable":true},"pht6e15caf3":{"name":"การเตรียมโปรเจ็กต์สำหรับการพิมพ์","href":"pht6e15caf3.html","unavailable":true},"phtb94da1cb":{"name":"การจัดรูปแบบข้อความปฏิทิน","href":"phtb94da1cb.html","unavailable":true},"pht6be18f93":{"name":"การซ่อมแซมคลังของคุณ","href":"pht6be18f93.html","unavailable":true},"pht6e4207c4":{"name":"การใช้แอปเมล","href":"pht6e4207c4.html","unavailable":true},"phtc4361d5a":{"name":"การใช้แอปข้อความ","href":"phtc4361d5a.html","unavailable":true},"pht13f0918f0":{"name":"ครอบตัดและปรับตำแหน่งรูปภาพ","href":"pht13f0918f0.html","unavailable":true},"phte0af949f0":{"name":"ปรับฟิลเตอร์เพื่อใช้กับรูปภาพ","href":"phte0af949f0.html","unavailable":true},"pht56eafa987":{"name":"การดูรูปภาพ","href":"pht56eafa987.html","unavailable":true},"pht6e593112":{"searchName":"ปุ่มลัดแป้นพิมพ์ในแอพรูปภาพ","unavailable":true,"name":"ปุ่มลัดแป้นพิมพ์","href":"pht6e593112.html"},"pht6e15dbdb":{"name":"การพิมพ์รูปภาพของคุณเอง","href":"pht6e15dbdb.html","unavailable":true},"pht6d975c7d":{"name":"การดูวิดีโอ","href":"pht6d975c7d.html","unavailable":true},"pht98de9846":{"categories":["glossary"],"name":"เอฟเฟกต์ Ken Burns","href":"pht98de9846.html","unavailable":true},"pht6c803201":{"name":"จากกล้องหรืออุปกรณ์เคลื่อนที่","href":"pht6c803201.html","unavailable":true},"pht5188d4d20":{"name":"สัญลักษณ์ปุ่มลัดแป้นพิมพ์","href":"pht5188d4d20.html","unavailable":true},"phta48b41fd8":{"name":"ปรับคุณภาพรูปภาพโดยอัตโนมัติ","href":"phta48b41fd8.html","unavailable":true},"pht98de9f27":{"categories":["glossary"],"name":"รูปภาพแบบ RAW","href":"pht98de9f27.html","unavailable":true},"pht1324a500e":{"name":"การใช้แอปและเว็บไซต์อื่น","href":"pht1324a500e.html","unavailable":true},"phtdbd88e7a":{"categories":["glossary"],"name":"อัลบั้มรูปภาพและอัลบั้มอัจฉริยะ","href":"phtdbd88e7a.html","unavailable":true},"pht337d0a03":{"name":"การจัดเรียงรูปภาพ","href":"pht337d0a03.html","unavailable":true},"pht64de33e5a":{"name":"การค้นหารูปภาพตามข้อความหรือวันที่","href":"pht64de33e5a.html","unavailable":true},"phtad9d981ab":{"name":"การค้นหารูปภาพตามใบหน้า","href":"phtad9d981ab.html","unavailable":true},"phtdfcac5c5":{"name":"การจัดการผู้สมัครรับ","href":"phtdfcac5c5.html","unavailable":true},"phtc94a1416":{"name":"แหล่งข้อมูลเพิ่มเติม","href":"phtc94a1416.html","unavailable":true},"pht7a4c765b":{"name":"ภาพรวม","href":"pht7a4c765b.html","unavailable":true},"pht12e7a8015":{"name":"ไฟล์ที่นำเข้าของฉันอยู่ที่ใด","href":"pht12e7a8015.html","unavailable":true},"phtda5be08b":{"categories":["glossary"],"name":"คำสำคัญ","href":"phtda5be08b.html","unavailable":true},"pht1d4c62349":{"name":"การใช้ AirDrop","href":"pht1d4c62349.html","unavailable":true},"phtab5e66ba":{"name":"การจัดรูปแบบข้อความการ์ด","href":"phtab5e66ba.html","unavailable":true},"phtc3c7c06e":{"categories":["glossary"],"name":"รูปแบบไฟล์รูปภาพ","href":"phtc3c7c06e.html","unavailable":true}},"copyright_text":"© 2015 Apple Inc.สงวนลิขสิทธิ์","css":""}