{"framework":"apd-framework-9.0.8","title":"Trợ giúp Ảnh","build_id":"55b17b2f680ce2c256ec6e56","icon":"..\/GlobalArt\/AppIconDefault_Photos.png","sections":{"pht15cfd7b0":{"name":"Sử dụng Chia sẻ Ảnh iCloud","children":["pht7a4c765b","pht013f36be9","phtf7fe6394","pht5f6df5f0","phtdfcac5c5","pht884a8908"]},"pht3e99bb42d":{"name":"Cử chỉ và phím tắt trên bàn phím","children":["pht2951dfb9","pht6e593112","pht5188d4d20"]},"phtae8c5b29":{"name":"Đặt mua ảnh và dự án được in","children":["pht211dd6d0","pht6e15ea68","pht6e15caf3","pht6e15b35b"]},"pht6d6040d1":{"name":"Xem và sắp xếp ảnh","children":["pht56eafa987","pht40b0be510","phtb66b3c010","phta4e5a733f","phtcf31adcc8","pht6d60507a","pht6d975c7d","pht3bfab2f96"]},"pht6c803a97":{"name":"Nhập ảnh và video","children":["phta58cd90d3","pht3c36b1831","pht6c803201","phtae4e05c67","pht6c804da9","pht12e7a8015"]},"pht2883afa7":{"name":"Tạo thiệp","children":["pht6e157ba6","pht337d15be","pht6e15aa61","phtab5e66ba","phtab5e72eb"]},"phtb94d9ff5":{"name":"Tạo lịch","children":["phtb94d7e13","phtb94d7d07","phtb94d9674","phtb94d9019","phtb94da1cb","phtb94d945b"]},"pht6d60507a":{"name":"Sắp xếp ảnh trong album","children":["phtf677b8f5","pht6d60a1f1","pht6d60ca71","pht211de0d6"]},"pht6d609918":{"name":"Quản lý thư viện Ảnh của bạn","children":["pht211de786","pht6d60b524","pht6d60d10f","pht6d60348f","pht6be18f93","pht1ed9b966d"]},"phtaec3da2a9":{"name":"Tạo và đặt mua bản in","children":["phtae8c5b29","pht6e15dbdb"]},"phtcf31adcc8":{"name":"Tìm ảnh","children":["pht64de33e5a","pht8d0ad5198","phtad9d981ab","pht4c00b8ddc"]},"phtae8c6983":{"name":"Tạo sách","children":["pht6e159147","pht337d0a03","pht337d0fd8","pht6e15c151","phtab5e6905","pht245fde94","phtab5e682b"]},"pht3c36b1831":{"name":"Từ iCloud","children":["phtf5e48489c","phtc0bf4b9bb"]},"pht6e41d50b":{"name":"Chia sẻ ảnh và video của bạn","children":["pht15cfd7b0","phtc4361d5a","pht6e4207c4","pht6e41eaff","pht1d4c62349","pht6d97570c","pht1324a500e","pht6e157c5f"]},"pht6dc708cc":{"name":"Cải thiện ảnh của bạn","children":["pht304c2ace6","phta48b41fd8","phtba22db5d6","pht13f0918f0","phte0af949f0","phtf5bf79313","pht5c38b77c5","phte0ee9e101","pht427071907"]},"phtf5bf79313":{"name":"Điều chỉnh hình thức của ảnh","children":["phtc9d389ecc","phtfd442cdbb","pht335dba352"]},"pht6e15d3aa":{"name":"Tạo dự án","children":["phtae8c6d40","phtae8c6983","phtb94d9ff5","pht2883afa7"]},"pht5302d0f6":{"name":"Làm việc với Ảnh","children":["pht5156cc968","pht6d609918","pht8a576439"]}},"birdseed_version":4,"toc":["pht035bc2c35","pht6c803a97","pht6d6040d1","pht6dc708cc","pht6e41d50b","pht6e15d3aa","phtaec3da2a9","pht5302d0f6","pht3e99bb42d"],"locale":"vi","version":"1.1","enable_tracking":false,"source_schema":"apd-schema","platform":"mac","build_date":"2015.07.23-15:54:29","landing":"pht54710c4e","product":"photos","urls":{},"copyright":"","topics":{"pht6e157ba6":{"name":"Tạo thiệp","href":"pht6e157ba6.html","unavailable":true},"phtb94d945b":{"name":"Xóa lịch","href":"phtb94d945b.html","unavailable":true},"pht245fde94":{"name":"Tạo bản đồ trong sách","href":"pht245fde94.html","unavailable":true},"phtb66b3c010":{"name":"Thay đổi cách hiển thị ảnh","href":"phtb66b3c010.html","unavailable":true},"phta58cd90d3":{"name":"Tổng quan","href":"phta58cd90d3.html","unavailable":true},"pht6d60b524":{"name":"Sử dụng nhiều thư viện","href":"pht6d60b524.html","unavailable":true},"pht40b0be510":{"name":"Chọn và bỏ chọn ảnh","href":"pht40b0be510.html","unavailable":true},"pht5706dfc6":{"categories":["glossary"],"name":"iCloud","href":"pht5706dfc6.html","unavailable":true},"pht6d60ca71":{"name":"Tạo Album Thông minh","href":"pht6d60ca71.html","unavailable":true},"pht8a576439":{"name":"Nhận bản cập nhật Ảnh","href":"pht8a576439.html","unavailable":true},"pht9bb241b3":{"categories":["glossary"],"name":"chọn ảnh","href":"pht9bb241b3.html","unavailable":true},"pht5f6df5f0":{"name":"Thay đổi album được chia sẻ","href":"pht5f6df5f0.html","unavailable":true},"phtf677b8f5":{"name":"Album là gì?","href":"phtf677b8f5.html","unavailable":true},"pht6e15aa61":{"name":"Thêm và xóa ảnh","href":"pht6e15aa61.html","unavailable":true},"pht304c2ace6":{"name":"Thông tin cơ bản về chức năng sửa","href":"pht304c2ace6.html","unavailable":true},"pht211de0d6":{"name":"Tạo thư mục","href":"pht211de0d6.html","unavailable":true},"pht427071907":{"name":"Sửa bằng phần mở rộng","href":"pht427071907.html","unavailable":true},"pht6d60348f":{"name":"Khôi phục từ Time Machine","href":"pht6d60348f.html","unavailable":true},"phtf5e48489c":{"name":"Từ Thư viện Ảnh iCloud","href":"phtf5e48489c.html","unavailable":true},"phtc0bf4b9bb":{"name":"Từ Kho Ảnh của tôi","href":"phtc0bf4b9bb.html","unavailable":true},"pht6e15b35b":{"name":"Đặt mua sách, thiệp hoặc lịch","href":"pht6e15b35b.html","unavailable":true},"phtfd442cdbb":{"name":"Thực hiện các điều chỉnh nâng cao","href":"phtfd442cdbb.html","unavailable":true},"phte0ee9e101":{"name":"Loại bỏ mắt đỏ","href":"phte0ee9e101.html","unavailable":true},"pht98de9564":{"categories":["glossary"],"name":"tháo","href":"pht98de9564.html","unavailable":true},"phtc3c7c148":{"categories":["glossary"],"name":"mở rộng trang","href":"phtc3c7c148.html","unavailable":true},"pht6e15c151":{"name":"Làm việc với trang","href":"pht6e15c151.html","unavailable":true},"pht211de786":{"name":"Tổng quan","href":"pht211de786.html","unavailable":true},"pht101081c3":{"categories":["glossary"],"name":"hình thu nhỏ","href":"pht101081c3.html","unavailable":true},"pht9b4411b24":{"name":"Phím tắt trên bàn phím và cử chỉ","href":"pht9b4411b24.html","searchName":"Phím tắt trong Ảnh"},"pht10107b78":{"categories":["glossary"],"name":"tỷ lệ kích cỡ","href":"pht10107b78.html","unavailable":true},"phtab5e72eb":{"name":"Xóa thiệp","href":"phtab5e72eb.html","unavailable":true},"pht6d60a1f1":{"name":"Tạo album","href":"pht6d60a1f1.html","unavailable":true},"pht884a8908":{"name":"Đăng ký xem album","href":"pht884a8908.html","unavailable":true},"phtab5e682b":{"name":"Xóa sách","href":"phtab5e682b.html","unavailable":true},"pht013f36be9":{"name":"Bật hoặc tắt Chia sẻ Ảnh iCloud","href":"pht013f36be9.html","unavailable":true},"pht211dd6d0":{"name":"Tổng quan","href":"pht211dd6d0.html","unavailable":true},"phtb94d7d07":{"name":"Sắp xếp ảnh","href":"phtb94d7d07.html","unavailable":true},"pht6e159147":{"name":"Tạo sách ảnh","href":"pht6e159147.html","unavailable":true},"pht335dba352":{"name":"Tùy chỉnh khung Điều chỉnh","href":"pht335dba352.html","unavailable":true},"phtba22db5d6":{"name":"Xoay ảnh","href":"phtba22db5d6.html","unavailable":true},"pht6e41eaff":{"name":"Sử dụng Facebook, Flickr và Twitter","href":"pht6e41eaff.html","unavailable":true},"phtf7fe6394":{"name":"Tạo album được chia sẻ","href":"phtf7fe6394.html","unavailable":true},"pht035bc2c35":{"name":"Tổng quan về Ảnh","href":"pht035bc2c35.html","unavailable":true},"pht337d15be":{"name":"Sắp xếp ảnh","href":"pht337d15be.html","unavailable":true},"pht8d0ad5198":{"name":"Tìm ảnh theo từ khóa","href":"pht8d0ad5198.html","unavailable":true},"pht2951dfb9":{"name":"Cử chỉ bàn di chuột","href":"pht2951dfb9.html","unavailable":true},"phtb711c0fd":{"categories":["glossary"],"name":"ID Apple","href":"phtb711c0fd.html","unavailable":true},"pht5156cc968":{"name":"Đặt tùy chọn Ảnh","href":"pht5156cc968.html","unavailable":true},"phta4e5a733f":{"name":"Xem và thêm thông tin về ảnh","href":"phta4e5a733f.html","unavailable":true},"pht337d0fd8":{"name":"Thêm và xóa ảnh","href":"pht337d0fd8.html","unavailable":true},"pht54710c4e":{"icon":"..\/GlobalArt\/AppLanding_Photos.png","categories":["landing"],"name":"Trợ giúp Ảnh","href":"pht54710c4e.html"},"pht6e15ea68":{"name":"Đặt mua bản in chuyên nghiệp","href":"pht6e15ea68.html","unavailable":true},"phtb94d7e13":{"name":"Tạo lịch","href":"phtb94d7e13.html","unavailable":true},"phtae4e05c67":{"name":"Từ phương tiện lưu trữ","href":"phtae4e05c67.html","unavailable":true},"phtab5e6905":{"name":"Định dạng văn bản sách","href":"phtab5e6905.html","unavailable":true},"pht6e157c5f":{"name":"Xuất ảnh, video và bản trình chiếu","href":"pht6e157c5f.html","unavailable":true},"pht1ed9b966d":{"name":"Thay đổi nơi Ảnh lưu tệp của bạn","href":"pht1ed9b966d.html","unavailable":true},"pht6d97570c":{"name":"Sử dụng iTunes","href":"pht6d97570c.html","unavailable":true},"pht6dc73ede":{"categories":["glossary"],"name":"sửa không hủy được","href":"pht6dc73ede.html","unavailable":true},"pht4c00b8ddc":{"name":"Xem ảnh theo địa điểm","href":"pht4c00b8ddc.html","unavailable":true},"pht3bfab2f96":{"name":"Xóa ảnh và video","href":"pht3bfab2f96.html","unavailable":true},"pht10107cfa":{"categories":["glossary"],"name":"ảnh chính","href":"pht10107cfa.html","unavailable":true},"phtae8c6d40":{"name":"Tạo bản trình chiếu","href":"phtae8c6d40.html","unavailable":true},"pht5c38b77c5":{"name":"Chỉnh sửa ảnh","href":"pht5c38b77c5.html","unavailable":true},"phtb94d9674":{"name":"Thêm hoặc xóa ảnh","href":"phtb94d9674.html","unavailable":true},"phtc9d389ecc":{"name":"Điều chỉnh ảnh","href":"phtc9d389ecc.html","unavailable":true},"phtc3c7b374":{"categories":["glossary"],"name":"thẻ SD","href":"phtc3c7b374.html","unavailable":true},"phtb94d9019":{"name":"Thay đổi thông tin về ngày","href":"phtb94d9019.html","unavailable":true},"pht6d60d10f":{"name":"Sao lưu thư viện Ảnh","href":"pht6d60d10f.html","unavailable":true},"pht6c804da9":{"name":"Từ các ứng dụng khác","href":"pht6c804da9.html","unavailable":true},"pht6e15caf3":{"name":"Chuẩn bị dự án để in","href":"pht6e15caf3.html","unavailable":true},"phtb94da1cb":{"name":"Định dạng văn bản lịch","href":"phtb94da1cb.html","unavailable":true},"pht6be18f93":{"name":"Sửa chữa thư viện của bạn","href":"pht6be18f93.html","unavailable":true},"pht6e4207c4":{"name":"Sử dụng Mail","href":"pht6e4207c4.html","unavailable":true},"phtc4361d5a":{"name":"Sử dụng Tin nhắn","href":"phtc4361d5a.html","unavailable":true},"pht13f0918f0":{"name":"Cắt xén và kéo thẳng ảnh","href":"pht13f0918f0.html","unavailable":true},"phte0af949f0":{"name":"Áp dụng bộ lọc cho ảnh","href":"phte0af949f0.html","unavailable":true},"pht56eafa987":{"name":"Xem ảnh","href":"pht56eafa987.html","unavailable":true},"pht6e593112":{"searchName":"Phím tắt trong Ảnh","unavailable":true,"name":"Phím tắt trên bàn phím","href":"pht6e593112.html"},"pht6e15dbdb":{"name":"In ảnh của chính bạn","href":"pht6e15dbdb.html","unavailable":true},"pht6d975c7d":{"name":"Xem video","href":"pht6d975c7d.html","unavailable":true},"pht98de9846":{"categories":["glossary"],"name":"hiệu ứng Ken Burns","href":"pht98de9846.html","unavailable":true},"pht6c803201":{"name":"Từ camera hoặc thiết bị di động","href":"pht6c803201.html","unavailable":true},"pht5188d4d20":{"name":"Biểu tượng phím tắt trên bàn phím","href":"pht5188d4d20.html","unavailable":true},"phta48b41fd8":{"name":"Tự động cải thiện ảnh","href":"phta48b41fd8.html","unavailable":true},"pht98de9f27":{"categories":["glossary"],"name":"ảnh có định dạng RAW","href":"pht98de9f27.html","unavailable":true},"pht1324a500e":{"name":"Sử dụng các ứng dụng và trang web khác","href":"pht1324a500e.html","unavailable":true},"phtdbd88e7a":{"categories":["glossary"],"name":"album ảnh và Album Thông minh","href":"phtdbd88e7a.html","unavailable":true},"pht337d0a03":{"name":"Sắp xếp ảnh","href":"pht337d0a03.html","unavailable":true},"pht64de33e5a":{"name":"Tìm ảnh theo văn bản hoặc ngày","href":"pht64de33e5a.html","unavailable":true},"phtad9d981ab":{"name":"Tìm ảnh theo khuôn mặt","href":"phtad9d981ab.html","unavailable":true},"phtdfcac5c5":{"name":"Quản lý người đăng ký","href":"phtdfcac5c5.html","unavailable":true},"phtc94a1416":{"name":"Tài nguyên khác","href":"phtc94a1416.html","unavailable":true},"pht7a4c765b":{"name":"Tổng quan","href":"pht7a4c765b.html","unavailable":true},"pht12e7a8015":{"name":"Các tệp đã nhập của tôi ở đâu?","href":"pht12e7a8015.html","unavailable":true},"phtda5be08b":{"categories":["glossary"],"name":"từ khóa","href":"phtda5be08b.html","unavailable":true},"pht1d4c62349":{"name":"Sử dụng AirDrop","href":"pht1d4c62349.html","unavailable":true},"phtab5e66ba":{"name":"Định dạng văn bản thiệp","href":"phtab5e66ba.html","unavailable":true},"phtc3c7c06e":{"categories":["glossary"],"name":"định dạng tệp hình ảnh","href":"phtc3c7c06e.html","unavailable":true}},"copyright_text":"© 2015 Apple Inc. Mọi quyền được bảo lưu.","css":""}