{"framework":"apd-framework-9.0.8","title":"Pomoc Zdjęć","build_id":"55b17b27680ce2c256ec6dde","icon":"..\/GlobalArt\/AppIconDefault_Photos.png","sections":{"pht15cfd7b0":{"name":"Korzystanie z funkcji Udostępnianie zdjęć iCloud","children":["pht7a4c765b","pht013f36be9","phtf7fe6394","pht5f6df5f0","phtdfcac5c5","pht884a8908"]},"pht3e99bb42d":{"name":"Gesty i skróty klawiszowe","children":["pht2951dfb9","pht6e593112","pht5188d4d20"]},"phtae8c5b29":{"name":"Zamawianie odbitek i produktów drukowanych","children":["pht211dd6d0","pht6e15ea68","pht6e15caf3","pht6e15b35b"]},"pht6d6040d1":{"name":"Przeglądanie i porządkowanie zdjęć","children":["pht56eafa987","pht40b0be510","phtb66b3c010","phta4e5a733f","phtcf31adcc8","pht6d60507a","pht6d975c7d","pht3bfab2f96"]},"pht6c803a97":{"name":"Importowanie zdjęć i wideo","children":["phta58cd90d3","pht3c36b1831","pht6c803201","phtae4e05c67","pht6c804da9","pht12e7a8015"]},"pht2883afa7":{"name":"Tworzenie kart","children":["pht6e157ba6","pht337d15be","pht6e15aa61","phtab5e66ba","phtab5e72eb"]},"phtb94d9ff5":{"name":"Tworzenie kalendarzy","children":["phtb94d7e13","phtb94d7d07","phtb94d9674","phtb94d9019","phtb94da1cb","phtb94d945b"]},"pht6d60507a":{"name":"Organizowanie zdjęć w albumach","children":["phtf677b8f5","pht6d60a1f1","pht6d60ca71","pht211de0d6"]},"pht6d609918":{"name":"Zarządzanie biblioteką programu Zdjęcia","children":["pht211de786","pht6d60b524","pht6d60d10f","pht6d60348f","pht6be18f93","pht1ed9b966d"]},"phtaec3da2a9":{"name":"Tworzenie i zamawianie odbitek","children":["phtae8c5b29","pht6e15dbdb"]},"phtcf31adcc8":{"name":"Znajdowanie zdjęć","children":["pht64de33e5a","pht8d0ad5198","phtad9d981ab","pht4c00b8ddc"]},"phtae8c6983":{"name":"Tworzenie książek","children":["pht6e159147","pht337d0a03","pht337d0fd8","pht6e15c151","phtab5e6905","pht245fde94","phtab5e682b"]},"pht3c36b1831":{"name":"Z iCloud","children":["phtf5e48489c","phtc0bf4b9bb"]},"pht6e41d50b":{"name":"Udostępnianie zdjęć i wideo","children":["pht15cfd7b0","phtc4361d5a","pht6e4207c4","pht6e41eaff","pht1d4c62349","pht6d97570c","pht1324a500e","pht6e157c5f"]},"pht6dc708cc":{"name":"Poprawianie zdjęć","children":["pht304c2ace6","phta48b41fd8","phtba22db5d6","pht13f0918f0","phte0af949f0","phtf5bf79313","pht5c38b77c5","phte0ee9e101","pht427071907"]},"phtf5bf79313":{"name":"Korygowanie wyglądu zdjęć","children":["phtc9d389ecc","phtfd442cdbb","pht335dba352"]},"pht6e15d3aa":{"name":"Tworzenie projektów","children":["phtae8c6d40","phtae8c6983","phtb94d9ff5","pht2883afa7"]},"pht5302d0f6":{"name":"Praca w programie Zdjęcia","children":["pht5156cc968","pht6d609918","pht8a576439"]}},"birdseed_version":4,"toc":["pht035bc2c35","pht6c803a97","pht6d6040d1","pht6dc708cc","pht6e41d50b","pht6e15d3aa","phtaec3da2a9","pht5302d0f6","pht3e99bb42d"],"locale":"pl","version":"1.1","enable_tracking":false,"source_schema":"apd-schema","platform":"mac","build_date":"2015.07.23-17:43:32","landing":"pht54710c4e","product":"photos","urls":{},"copyright":"","topics":{"pht6e157ba6":{"name":"Tworzenie karty","href":"pht6e157ba6.html","unavailable":true},"phtb94d945b":{"name":"Usuwanie kalendarza","href":"phtb94d945b.html","unavailable":true},"pht245fde94":{"name":"Tworzenie map w książce","href":"pht245fde94.html","unavailable":true},"phtb66b3c010":{"name":"Zmiana sposobu wyświetlania zdjęć","href":"phtb66b3c010.html","unavailable":true},"phta58cd90d3":{"name":"Omówienie","href":"phta58cd90d3.html","unavailable":true},"pht6d60b524":{"name":"Korzystanie z wielu bibliotek","href":"pht6d60b524.html","unavailable":true},"pht40b0be510":{"name":"Zaznaczanie lub usuwanie zaznaczenia zdjęć","href":"pht40b0be510.html","unavailable":true},"pht5706dfc6":{"categories":["glossary"],"name":"iCloud","href":"pht5706dfc6.html","unavailable":true},"pht6d60ca71":{"name":"Tworzenie albumów inteligentnych","href":"pht6d60ca71.html","unavailable":true},"pht8a576439":{"name":"Uaktualnianie programu Zdjęcia","href":"pht8a576439.html","unavailable":true},"pht9bb241b3":{"categories":["glossary"],"name":"zaznaczanie zdjęć","href":"pht9bb241b3.html","unavailable":true},"pht5f6df5f0":{"name":"Zmiana albumu udostępnianego","href":"pht5f6df5f0.html","unavailable":true},"phtf677b8f5":{"name":"Czym są albumy?","href":"phtf677b8f5.html","unavailable":true},"pht6e15aa61":{"name":"Dodawanie i usuwanie zdjęć","href":"pht6e15aa61.html","unavailable":true},"pht304c2ace6":{"name":"Podstawy edycji","href":"pht304c2ace6.html","unavailable":true},"pht211de0d6":{"name":"Tworzenie katalogów","href":"pht211de0d6.html","unavailable":true},"pht427071907":{"name":"Edycja przy użyciu rozszerzeń","href":"pht427071907.html","unavailable":true},"pht6d60348f":{"name":"Odtwarzanie z Time Machine","href":"pht6d60348f.html","unavailable":true},"phtf5e48489c":{"name":"Z biblioteki zdjęć iCloud","href":"phtf5e48489c.html","unavailable":true},"phtc0bf4b9bb":{"name":"Ze swojego strumienia zdjęć","href":"phtc0bf4b9bb.html","unavailable":true},"pht6e15b35b":{"name":"Zamawianie książki, karty lub kalendarza","href":"pht6e15b35b.html","unavailable":true},"phtfd442cdbb":{"name":"Stosowanie korekt zaawansowanych","href":"phtfd442cdbb.html","unavailable":true},"phte0ee9e101":{"name":"Usuwanie efektu „czerwonych oczu”","href":"phte0ee9e101.html","unavailable":true},"pht98de9564":{"categories":["glossary"],"name":"wysuwanie","href":"pht98de9564.html","unavailable":true},"phtc3c7c148":{"categories":["glossary"],"name":"rozkładówka","href":"phtc3c7c148.html","unavailable":true},"pht6e15c151":{"name":"Praca ze stronami","href":"pht6e15c151.html","unavailable":true},"pht211de786":{"name":"Omówienie","href":"pht211de786.html","unavailable":true},"pht101081c3":{"categories":["glossary"],"name":"miniaturka","href":"pht101081c3.html","unavailable":true},"pht9b4411b24":{"name":"Skróty klawiszowe i gesty","href":"pht9b4411b24.html","searchName":"Skróty klawiszowe w programie Zdjęcia"},"pht10107b78":{"categories":["glossary"],"name":"proporcje","href":"pht10107b78.html","unavailable":true},"phtab5e72eb":{"name":"Usuwanie karty","href":"phtab5e72eb.html","unavailable":true},"pht6d60a1f1":{"name":"Tworzenie albumów","href":"pht6d60a1f1.html","unavailable":true},"pht884a8908":{"name":"Subskrybowanie albumów","href":"pht884a8908.html","unavailable":true},"phtab5e682b":{"name":"Usuwanie książki","href":"phtab5e682b.html","unavailable":true},"pht013f36be9":{"name":"Włączanie i wyłączanie funkcji Udostępnianie zdjęć iCloud","href":"pht013f36be9.html","unavailable":true},"pht211dd6d0":{"name":"Omówienie","href":"pht211dd6d0.html","unavailable":true},"phtb94d7d07":{"name":"Układanie zdjęć","href":"phtb94d7d07.html","unavailable":true},"pht6e159147":{"name":"Tworzenie książki ze zdjęciami","href":"pht6e159147.html","unavailable":true},"pht335dba352":{"name":"Dostosowywanie panelu Korekty","href":"pht335dba352.html","unavailable":true},"phtba22db5d6":{"name":"Obracanie zdjęć","href":"phtba22db5d6.html","unavailable":true},"pht6e41eaff":{"name":"Korzystanie z serwisów Facebook, Flickr i Twitter","href":"pht6e41eaff.html","unavailable":true},"phtf7fe6394":{"name":"Tworzenie albumu udostępnianego","href":"phtf7fe6394.html","unavailable":true},"pht035bc2c35":{"name":"Omówienie programu Zdjęcia","href":"pht035bc2c35.html","unavailable":true},"pht337d15be":{"name":"Układanie zdjęć","href":"pht337d15be.html","unavailable":true},"pht8d0ad5198":{"name":"Znajdowanie zdjęć według słowa kluczowego","href":"pht8d0ad5198.html","unavailable":true},"pht2951dfb9":{"name":"Gesty gładzika","href":"pht2951dfb9.html","unavailable":true},"phtb711c0fd":{"categories":["glossary"],"name":"Apple ID","href":"phtb711c0fd.html","unavailable":true},"pht5156cc968":{"name":"Ustawianie preferencji Zdjęć","href":"pht5156cc968.html","unavailable":true},"phta4e5a733f":{"name":"Wyświetlanie i dodawanie informacji o zdjęciach","href":"phta4e5a733f.html","unavailable":true},"pht337d0fd8":{"name":"Dodawanie i usuwanie zdjęć","href":"pht337d0fd8.html","unavailable":true},"pht54710c4e":{"icon":"..\/GlobalArt\/AppLanding_Photos.png","categories":["landing"],"name":"Pomoc Zdjęć","href":"pht54710c4e.html"},"pht6e15ea68":{"name":"Zamawianie profesjonalnych odbitek","href":"pht6e15ea68.html","unavailable":true},"phtb94d7e13":{"name":"Tworzenie kalendarza","href":"phtb94d7e13.html","unavailable":true},"phtae4e05c67":{"name":"Z nośnika danych","href":"phtae4e05c67.html","unavailable":true},"phtab5e6905":{"name":"Formatowanie tekstu w książce","href":"phtab5e6905.html","unavailable":true},"pht6e157c5f":{"name":"Eksportowanie zdjęć, wideo i pokazów slajdów","href":"pht6e157c5f.html","unavailable":true},"pht1ed9b966d":{"name":"Zmiana miejsca przechowywania zdjęć przez program Zdjęcia","href":"pht1ed9b966d.html","unavailable":true},"pht6d97570c":{"name":"Korzystanie z programu iTunes","href":"pht6d97570c.html","unavailable":true},"pht6dc73ede":{"categories":["glossary"],"name":"edycja niedestrukcyjna edycja niedestruktywna","href":"pht6dc73ede.html","unavailable":true},"pht4c00b8ddc":{"name":"Wyświetlanie zdjęć według miejsc","href":"pht4c00b8ddc.html","unavailable":true},"pht3bfab2f96":{"name":"Usuwanie zdjęć i wideo","href":"pht3bfab2f96.html","unavailable":true},"pht10107cfa":{"categories":["glossary"],"name":"zdjęcie kluczowe","href":"pht10107cfa.html","unavailable":true},"phtae8c6d40":{"name":"Tworzenie pokazów slajdów","href":"phtae8c6d40.html","unavailable":true},"pht5c38b77c5":{"name":"Retuszowanie zdjęć","href":"pht5c38b77c5.html","unavailable":true},"phtb94d9674":{"name":"Dodawanie lub usuwanie zdjęć","href":"phtb94d9674.html","unavailable":true},"phtc9d389ecc":{"name":"Korygowanie zdjęcia","href":"phtc9d389ecc.html","unavailable":true},"phtc3c7b374":{"categories":["glossary"],"name":"karta SD","href":"phtc3c7b374.html","unavailable":true},"phtb94d9019":{"name":"Zmiana dat","href":"phtb94d9019.html","unavailable":true},"pht6d60d10f":{"name":"Archiwizowanie biblioteki programu Zdjęcia","href":"pht6d60d10f.html","unavailable":true},"pht6c804da9":{"name":"Z innych programów","href":"pht6c804da9.html","unavailable":true},"pht6e15caf3":{"name":"Przygotowywanie projektu do wydrukowania","href":"pht6e15caf3.html","unavailable":true},"phtb94da1cb":{"name":"Formatowanie tekstu w kalendarzu","href":"phtb94da1cb.html","unavailable":true},"pht6be18f93":{"name":"Naprawianie biblioteki","href":"pht6be18f93.html","unavailable":true},"pht6e4207c4":{"name":"Korzystanie z programu Mail","href":"pht6e4207c4.html","unavailable":true},"phtc4361d5a":{"name":"Korzystanie z programu Wiadomości","href":"phtc4361d5a.html","unavailable":true},"pht13f0918f0":{"name":"Kadrowanie lub prostowanie zdjęć","href":"pht13f0918f0.html","unavailable":true},"phte0af949f0":{"name":"Stosowanie filtrów do zdjęć","href":"phte0af949f0.html","unavailable":true},"pht56eafa987":{"name":"Przeglądanie zdjęć","href":"pht56eafa987.html","unavailable":true},"pht6e593112":{"searchName":"Skróty klawiszowe w programie Zdjęcia","unavailable":true,"name":"Skróty klawiszowe","href":"pht6e593112.html"},"pht6e15dbdb":{"name":"Drukowanie własnych zdjęć","href":"pht6e15dbdb.html","unavailable":true},"pht6d975c7d":{"name":"Wyświetlanie wideo","href":"pht6d975c7d.html","unavailable":true},"pht98de9846":{"categories":["glossary"],"name":"efekt Kena Burnsa","href":"pht98de9846.html","unavailable":true},"pht6c803201":{"name":"Z aparatu lub urządzenia przenośnego","href":"pht6c803201.html","unavailable":true},"pht5188d4d20":{"name":"Symbole skrótów klawiszowych","href":"pht5188d4d20.html","unavailable":true},"phta48b41fd8":{"name":"Automatyczne korekcje zdjęć","href":"phta48b41fd8.html","unavailable":true},"pht98de9f27":{"categories":["glossary"],"name":"zdjęcia w formacie RAW","href":"pht98de9f27.html","unavailable":true},"pht1324a500e":{"name":"Korzystanie z innych programów i serwisów","href":"pht1324a500e.html","unavailable":true},"phtdbd88e7a":{"categories":["glossary"],"name":"albumy ze zdjęciami i albumy inteligentne","href":"phtdbd88e7a.html","unavailable":true},"pht337d0a03":{"name":"Układanie zdjęć","href":"pht337d0a03.html","unavailable":true},"pht64de33e5a":{"name":"Znajdowanie zdjęć według tekstu lub daty","href":"pht64de33e5a.html","unavailable":true},"phtad9d981ab":{"name":"Znajdowanie zdjęć według twarzy","href":"phtad9d981ab.html","unavailable":true},"phtdfcac5c5":{"name":"Zarządzanie subskrybentami","href":"phtdfcac5c5.html","unavailable":true},"phtc94a1416":{"name":"Dodatkowe materiały","href":"phtc94a1416.html","unavailable":true},"pht7a4c765b":{"name":"Omówienie","href":"pht7a4c765b.html","unavailable":true},"pht12e7a8015":{"name":"Gdzie są moje zaimportowane pliki?","href":"pht12e7a8015.html","unavailable":true},"phtda5be08b":{"categories":["glossary"],"name":"słowo kluczowe","href":"phtda5be08b.html","unavailable":true},"pht1d4c62349":{"name":"Korzystanie z AirDrop","href":"pht1d4c62349.html","unavailable":true},"phtab5e66ba":{"name":"Formatowanie tekstu na karcie","href":"phtab5e66ba.html","unavailable":true},"phtc3c7c06e":{"categories":["glossary"],"name":"formaty graficzne","href":"phtc3c7c06e.html","unavailable":true}},"copyright_text":"© 2015 Apple Inc. Wszystkie prawa zastrzeżone.","css":""}