{"framework":"apd-framework-9.0.8","title":"Nápověda pro Fotografie","build_id":"55b17b27680ce2c256ec6dd2","icon":"..\/GlobalArt\/AppIconDefault_Photos.png","sections":{"pht15cfd7b0":{"name":"Využití služby Sdílení fotek na iCloudu","children":["pht7a4c765b","pht013f36be9","phtf7fe6394","pht5f6df5f0","phtdfcac5c5","pht884a8908"]},"pht3e99bb42d":{"name":"Gesta a klávesové zkratky","children":["pht2951dfb9","pht6e593112","pht5188d4d20"]},"phtae8c5b29":{"name":"Objednávání tištěných fotografií a projektů","children":["pht211dd6d0","pht6e15ea68","pht6e15caf3","pht6e15b35b"]},"pht6d6040d1":{"name":"Prohlížení a uspořádání fotografií","children":["pht56eafa987","pht40b0be510","phtb66b3c010","phta4e5a733f","phtcf31adcc8","pht6d60507a","pht6d975c7d","pht3bfab2f96"]},"pht6c803a97":{"name":"Import fotografií a videí","children":["phta58cd90d3","pht3c36b1831","pht6c803201","phtae4e05c67","pht6c804da9","pht12e7a8015"]},"pht2883afa7":{"name":"Vytváření přání","children":["pht6e157ba6","pht337d15be","pht6e15aa61","phtab5e66ba","phtab5e72eb"]},"phtb94d9ff5":{"name":"Vytváření kalendářů","children":["phtb94d7e13","phtb94d7d07","phtb94d9674","phtb94d9019","phtb94da1cb","phtb94d945b"]},"pht6d60507a":{"name":"Uspořádání fotografií v albech","children":["phtf677b8f5","pht6d60a1f1","pht6d60ca71","pht211de0d6"]},"pht6d609918":{"name":"Správa knihovny Fotky","children":["pht211de786","pht6d60b524","pht6d60d10f","pht6d60348f","pht6be18f93","pht1ed9b966d"]},"phtaec3da2a9":{"name":"Vytváření a objednávání výtisků","children":["phtae8c5b29","pht6e15dbdb"]},"phtcf31adcc8":{"name":"Hledání fotografií","children":["pht64de33e5a","pht8d0ad5198","phtad9d981ab","pht4c00b8ddc"]},"phtae8c6983":{"name":"Vytváření knih","children":["pht6e159147","pht337d0a03","pht337d0fd8","pht6e15c151","phtab5e6905","pht245fde94","phtab5e682b"]},"pht3c36b1831":{"name":"Z iCloudu","children":["phtf5e48489c","phtc0bf4b9bb"]},"pht6e41d50b":{"name":"Sdílení fotografií a videí","children":["pht15cfd7b0","phtc4361d5a","pht6e4207c4","pht6e41eaff","pht1d4c62349","pht6d97570c","pht1324a500e","pht6e157c5f"]},"pht6dc708cc":{"name":"Vylepšení fotografií","children":["pht304c2ace6","phta48b41fd8","phtba22db5d6","pht13f0918f0","phte0af949f0","phtf5bf79313","pht5c38b77c5","phte0ee9e101","pht427071907"]},"phtf5bf79313":{"name":"Úprava vzhledu fotografií","children":["phtc9d389ecc","phtfd442cdbb","pht335dba352"]},"pht6e15d3aa":{"name":"Vytváření projektů","children":["phtae8c6d40","phtae8c6983","phtb94d9ff5","pht2883afa7"]},"pht5302d0f6":{"name":"Práce s aplikací Fotky","children":["pht5156cc968","pht6d609918","pht8a576439"]}},"birdseed_version":4,"toc":["pht035bc2c35","pht6c803a97","pht6d6040d1","pht6dc708cc","pht6e41d50b","pht6e15d3aa","phtaec3da2a9","pht5302d0f6","pht3e99bb42d"],"locale":"cs","version":"1.1","enable_tracking":false,"source_schema":"apd-schema","platform":"mac","build_date":"2015.07.23-17:34:59","landing":"pht54710c4e","product":"photos","urls":{},"copyright":"","topics":{"pht6e157ba6":{"name":"Vytvoření přání","href":"pht6e157ba6.html","unavailable":true},"phtb94d945b":{"name":"Smazání kalendáře","href":"phtb94d945b.html","unavailable":true},"pht245fde94":{"name":"Vytváření map v knize","href":"pht245fde94.html","unavailable":true},"phtb66b3c010":{"name":"Změna způsobu zobrazení fotografií","href":"phtb66b3c010.html","unavailable":true},"phta58cd90d3":{"name":"Přehled","href":"phta58cd90d3.html","unavailable":true},"pht6d60b524":{"name":"Použití více knihoven","href":"pht6d60b524.html","unavailable":true},"pht40b0be510":{"name":"Výběr nebo zrušení výběru fotografií","href":"pht40b0be510.html","unavailable":true},"pht5706dfc6":{"categories":["glossary"],"name":"iCloud","href":"pht5706dfc6.html","unavailable":true},"pht6d60ca71":{"name":"Vytváření dynamických alb","href":"pht6d60ca71.html","unavailable":true},"pht8a576439":{"name":"Získání aktualizací pro Fotky","href":"pht8a576439.html","unavailable":true},"pht9bb241b3":{"categories":["glossary"],"name":"Výběr fotografií","href":"pht9bb241b3.html","unavailable":true},"pht5f6df5f0":{"name":"Změna sdíleného alba","href":"pht5f6df5f0.html","unavailable":true},"phtf677b8f5":{"name":"Co jsou alba?","href":"phtf677b8f5.html","unavailable":true},"pht6e15aa61":{"name":"Přidávání a odstraňování fotografií","href":"pht6e15aa61.html","unavailable":true},"pht304c2ace6":{"name":"Základní úpravy","href":"pht304c2ace6.html","unavailable":true},"pht211de0d6":{"name":"Vytváření složek","href":"pht211de0d6.html","unavailable":true},"pht427071907":{"name":"Úpravy s použitím rozšíření","href":"pht427071907.html","unavailable":true},"pht6d60348f":{"name":"Obnovení z Time Machine","href":"pht6d60348f.html","unavailable":true},"phtf5e48489c":{"name":"Z knihovny fotografií na iCloudu","href":"phtf5e48489c.html","unavailable":true},"phtc0bf4b9bb":{"name":"Z Mého fotostreamu","href":"phtc0bf4b9bb.html","unavailable":true},"pht6e15b35b":{"name":"Objednávka alba, přání nebo kalendáře","href":"pht6e15b35b.html","unavailable":true},"phtfd442cdbb":{"name":"Pokročilé úpravy","href":"phtfd442cdbb.html","unavailable":true},"phte0ee9e101":{"name":"Retušování červených očí","href":"phte0ee9e101.html","unavailable":true},"pht98de9564":{"categories":["glossary"],"name":"Vysunout","href":"pht98de9564.html","unavailable":true},"phtc3c7c148":{"categories":["glossary"],"name":"Dvojstránka","href":"phtc3c7c148.html","unavailable":true},"pht6e15c151":{"name":"Práce se stránkami","href":"pht6e15c151.html","unavailable":true},"pht211de786":{"name":"Přehled","href":"pht211de786.html","unavailable":true},"pht101081c3":{"categories":["glossary"],"name":"Náhled","href":"pht101081c3.html","unavailable":true},"pht9b4411b24":{"name":"Klávesové zkratky a gesta","href":"pht9b4411b24.html","searchName":"Klávesové zkratky v aplikaci Fotky"},"pht10107b78":{"categories":["glossary"],"name":"Poměr velikosti","href":"pht10107b78.html","unavailable":true},"phtab5e72eb":{"name":"Smazání přání","href":"phtab5e72eb.html","unavailable":true},"pht6d60a1f1":{"name":"Vytváření alb","href":"pht6d60a1f1.html","unavailable":true},"pht884a8908":{"name":"Odběr alb","href":"pht884a8908.html","unavailable":true},"phtab5e682b":{"name":"Smazání alba","href":"phtab5e682b.html","unavailable":true},"pht013f36be9":{"name":"Zapnutí nebo vypnutí funkce Sdílení fotografií na iCloudu","href":"pht013f36be9.html","unavailable":true},"pht211dd6d0":{"name":"Přehled","href":"pht211dd6d0.html","unavailable":true},"phtb94d7d07":{"name":"Uspořádání fotografií","href":"phtb94d7d07.html","unavailable":true},"pht6e159147":{"name":"Vytvoření knihy fotografií","href":"pht6e159147.html","unavailable":true},"pht335dba352":{"name":"Přizpůsobení panelu Úpravy","href":"pht335dba352.html","unavailable":true},"phtba22db5d6":{"name":"Otáčení fotografií","href":"phtba22db5d6.html","unavailable":true},"pht6e41eaff":{"name":"Použití Facebooku, Flickru a Twitteru","href":"pht6e41eaff.html","unavailable":true},"phtf7fe6394":{"name":"Vytvoření sdíleného alba","href":"phtf7fe6394.html","unavailable":true},"pht035bc2c35":{"name":"Přehled aplikace Fotky","href":"pht035bc2c35.html","unavailable":true},"pht337d15be":{"name":"Uspořádání fotografií","href":"pht337d15be.html","unavailable":true},"pht8d0ad5198":{"name":"Hledání fotografií podle klíčových slov","href":"pht8d0ad5198.html","unavailable":true},"pht2951dfb9":{"name":"Gesta na trackpadu","href":"pht2951dfb9.html","unavailable":true},"phtb711c0fd":{"categories":["glossary"],"name":"Apple ID","href":"phtb711c0fd.html","unavailable":true},"pht5156cc968":{"name":"Nastavení předvoleb pro Fotky","href":"pht5156cc968.html","unavailable":true},"phta4e5a733f":{"name":"Zobrazení a přidání informací o fotografii","href":"phta4e5a733f.html","unavailable":true},"pht337d0fd8":{"name":"Přidávání a odstraňování fotografií","href":"pht337d0fd8.html","unavailable":true},"pht54710c4e":{"icon":"..\/GlobalArt\/AppLanding_Photos.png","categories":["landing"],"name":"Nápověda pro Fotky","href":"pht54710c4e.html"},"pht6e15ea68":{"name":"Objednávání profesionálních výtisků","href":"pht6e15ea68.html","unavailable":true},"phtb94d7e13":{"name":"Vytvoření kalendáře","href":"phtb94d7e13.html","unavailable":true},"phtae4e05c67":{"name":"Z paměťového média","href":"phtae4e05c67.html","unavailable":true},"phtab5e6905":{"name":"Formátování textu stránky","href":"phtab5e6905.html","unavailable":true},"pht6e157c5f":{"name":"Export fotografií, videí a prezentací","href":"pht6e157c5f.html","unavailable":true},"pht1ed9b966d":{"name":"Změna místa, kam aplikace Fotky ukládá vaše soubory","href":"pht1ed9b966d.html","unavailable":true},"pht6d97570c":{"name":"Použití iTunes","href":"pht6d97570c.html","unavailable":true},"pht6dc73ede":{"categories":["glossary"],"name":"Nedestruktivní úpravy","href":"pht6dc73ede.html","unavailable":true},"pht4c00b8ddc":{"name":"Zobrazení fotografií podle míst","href":"pht4c00b8ddc.html","unavailable":true},"pht3bfab2f96":{"name":"Mazání fotografií a videí","href":"pht3bfab2f96.html","unavailable":true},"pht10107cfa":{"categories":["glossary"],"name":"Titulní fotografie","href":"pht10107cfa.html","unavailable":true},"phtae8c6d40":{"name":"Vytváření prezentací","href":"phtae8c6d40.html","unavailable":true},"pht5c38b77c5":{"name":"Retušování fotografií","href":"pht5c38b77c5.html","unavailable":true},"phtb94d9674":{"name":"Přidávání a odstraňování fotografií","href":"phtb94d9674.html","unavailable":true},"phtc9d389ecc":{"name":"Úprava fotografie","href":"phtc9d389ecc.html","unavailable":true},"phtc3c7b374":{"categories":["glossary"],"name":"SD karta","href":"phtc3c7b374.html","unavailable":true},"phtb94d9019":{"name":"Změna informací o datu","href":"phtb94d9019.html","unavailable":true},"pht6d60d10f":{"name":"Zálohování knihovny Fotky","href":"pht6d60d10f.html","unavailable":true},"pht6c804da9":{"name":"Z jiných aplikací","href":"pht6c804da9.html","unavailable":true},"pht6e15caf3":{"name":"Příprava projektu k tisku","href":"pht6e15caf3.html","unavailable":true},"phtb94da1cb":{"name":"Formátování textu kalendáře","href":"phtb94da1cb.html","unavailable":true},"pht6be18f93":{"name":"Oprava knihovny","href":"pht6be18f93.html","unavailable":true},"pht6e4207c4":{"name":"Použití Mailu","href":"pht6e4207c4.html","unavailable":true},"phtc4361d5a":{"name":"Použití Zpráv","href":"phtc4361d5a.html","unavailable":true},"pht13f0918f0":{"name":"Ořezávání a vyrovnávání fotografií","href":"pht13f0918f0.html","unavailable":true},"phte0af949f0":{"name":"Používání fotofiltrů","href":"phte0af949f0.html","unavailable":true},"pht56eafa987":{"name":"Zobrazení fotografií","href":"pht56eafa987.html","unavailable":true},"pht6e593112":{"searchName":"Klávesové zkratky v aplikaci Fotky","unavailable":true,"name":"Klávesové zkratky","href":"pht6e593112.html"},"pht6e15dbdb":{"name":"Tisk vašich fotografií","href":"pht6e15dbdb.html","unavailable":true},"pht6d975c7d":{"name":"Zobrazení videa","href":"pht6d975c7d.html","unavailable":true},"pht98de9846":{"categories":["glossary"],"name":"Efekt Kena Burnse","href":"pht98de9846.html","unavailable":true},"pht6c803201":{"name":"Z fotoaparátu nebo mobilního zařízení","href":"pht6c803201.html","unavailable":true},"pht5188d4d20":{"name":"Symboly používané v klávesových zkratkách","href":"pht5188d4d20.html","unavailable":true},"phta48b41fd8":{"name":"Automatické vylepšování fotografií","href":"phta48b41fd8.html","unavailable":true},"pht98de9f27":{"categories":["glossary"],"name":"Fotografie ve formátu RAW","href":"pht98de9f27.html","unavailable":true},"pht1324a500e":{"name":"Použití jiných aplikací a webových stránek","href":"pht1324a500e.html","unavailable":true},"phtdbd88e7a":{"categories":["glossary"],"name":"Fotoalba a dynamická alba","href":"phtdbd88e7a.html","unavailable":true},"pht337d0a03":{"name":"Uspořádání fotografií","href":"pht337d0a03.html","unavailable":true},"pht64de33e5a":{"name":"Hledání fotografií podle textu nebo data","href":"pht64de33e5a.html","unavailable":true},"phtad9d981ab":{"name":"Hledání fotografií podle tváří","href":"phtad9d981ab.html","unavailable":true},"phtdfcac5c5":{"name":"Správa odběratelů","href":"phtdfcac5c5.html","unavailable":true},"phtc94a1416":{"name":"Další zdroje","href":"phtc94a1416.html","unavailable":true},"pht7a4c765b":{"name":"Přehled","href":"pht7a4c765b.html","unavailable":true},"pht12e7a8015":{"name":"Kde jsou mé importované soubory?","href":"pht12e7a8015.html","unavailable":true},"phtda5be08b":{"categories":["glossary"],"name":"Klíčové slovo","href":"phtda5be08b.html","unavailable":true},"pht1d4c62349":{"name":"Použití AirDropu","href":"pht1d4c62349.html","unavailable":true},"phtab5e66ba":{"name":"Formátování textu přání","href":"phtab5e66ba.html","unavailable":true},"phtc3c7c06e":{"categories":["glossary"],"name":"Formáty souborů snímků","href":"phtc3c7c06e.html","unavailable":true}},"copyright_text":"© 2015 Apple Inc. Všechna práva vyhrazena.","css":""}