{"framework":"apd-framework-9.0.8","title":"Ajuda Fotos","build_id":"55b17b2d680ce2c256ec6e38","icon":"..\/GlobalArt\/AppIconDefault_Photos.png","sections":{"pht15cfd7b0":{"name":"Use Álbuns Compartilhados","children":["pht7a4c765b","pht013f36be9","phtf7fe6394","pht5f6df5f0","phtdfcac5c5","pht884a8908"]},"pht3e99bb42d":{"name":"Gestos e atalhos de teclado","children":["pht2951dfb9","pht6e593112","pht5188d4d20"]},"phtae8c5b29":{"name":"Encomende impressões de fotos e projetos","children":["pht211dd6d0","pht6e15ea68","pht6e15caf3","pht6e15b35b"]},"pht6d6040d1":{"name":"Visualize e organize suas fotos","children":["pht56eafa987","pht40b0be510","phtb66b3c010","phta4e5a733f","phtcf31adcc8","pht6d60507a","pht6d975c7d","pht3bfab2f96"]},"pht6c803a97":{"name":"Importe fotos e vídeos","children":["phta58cd90d3","pht3c36b1831","pht6c803201","phtae4e05c67","pht6c804da9","pht12e7a8015"]},"pht2883afa7":{"name":"Crie cartões","children":["pht6e157ba6","pht337d15be","pht6e15aa61","phtab5e66ba","phtab5e72eb"]},"phtb94d9ff5":{"name":"Crie calendários","children":["phtb94d7e13","phtb94d7d07","phtb94d9674","phtb94d9019","phtb94da1cb","phtb94d945b"]},"pht6d60507a":{"name":"Organize fotos em álbuns","children":["phtf677b8f5","pht6d60a1f1","pht6d60ca71","pht211de0d6"]},"pht6d609918":{"name":"Gerencie a fototeca do Fotos","children":["pht211de786","pht6d60b524","pht6d60d10f","pht6d60348f","pht6be18f93","pht1ed9b966d"]},"phtaec3da2a9":{"name":"Crie e encomende impressões","children":["phtae8c5b29","pht6e15dbdb"]},"phtcf31adcc8":{"name":"Buscar fotos","children":["pht64de33e5a","pht8d0ad5198","phtad9d981ab","pht4c00b8ddc"]},"phtae8c6983":{"name":"Crie livros","children":["pht6e159147","pht337d0a03","pht337d0fd8","pht6e15c151","phtab5e6905","pht245fde94","phtab5e682b"]},"pht3c36b1831":{"name":"Do iCloud","children":["phtf5e48489c","phtc0bf4b9bb"]},"pht6e41d50b":{"name":"Compartilhe suas fotos e vídeos","children":["pht15cfd7b0","phtc4361d5a","pht6e4207c4","pht6e41eaff","pht1d4c62349","pht6d97570c","pht1324a500e","pht6e157c5f"]},"pht6dc708cc":{"name":"Melhore suas fotos","children":["pht304c2ace6","phta48b41fd8","phtba22db5d6","pht13f0918f0","phte0af949f0","phtf5bf79313","pht5c38b77c5","phte0ee9e101","pht427071907"]},"phtf5bf79313":{"name":"Ajuste a aparência das fotos","children":["phtc9d389ecc","phtfd442cdbb","pht335dba352"]},"pht6e15d3aa":{"name":"Crie projetos","children":["phtae8c6d40","phtae8c6983","phtb94d9ff5","pht2883afa7"]},"pht5302d0f6":{"name":"Trabalhe com o Fotos","children":["pht5156cc968","pht6d609918","pht8a576439"]}},"birdseed_version":4,"toc":["pht035bc2c35","pht6c803a97","pht6d6040d1","pht6dc708cc","pht6e41d50b","pht6e15d3aa","phtaec3da2a9","pht5302d0f6","pht3e99bb42d"],"locale":"pt-br","version":"1.1","enable_tracking":false,"source_schema":"apd-schema","platform":"mac","build_date":"2015.07.23-17:38:23","landing":"pht54710c4e","product":"photos","urls":{},"copyright":"","topics":{"pht6e157ba6":{"name":"Criar um cartão","href":"pht6e157ba6.html","unavailable":true},"phtb94d945b":{"name":"Apague um calendário","href":"phtb94d945b.html","unavailable":true},"pht245fde94":{"name":"Crie mapas em um livro","href":"pht245fde94.html","unavailable":true},"phtb66b3c010":{"name":"Altere como as fotos são exibidas","href":"phtb66b3c010.html","unavailable":true},"phta58cd90d3":{"name":"Visão geral","href":"phta58cd90d3.html","unavailable":true},"pht6d60b524":{"name":"Use várias fototecas","href":"pht6d60b524.html","unavailable":true},"pht40b0be510":{"name":"Selecionar e anular a seleção de fotos","href":"pht40b0be510.html","unavailable":true},"pht5706dfc6":{"categories":["glossary"],"name":"iCloud","href":"pht5706dfc6.html","unavailable":true},"pht6d60ca71":{"name":"Crie Álbuns Inteligentes","href":"pht6d60ca71.html","unavailable":true},"pht8a576439":{"name":"Atualize o Fotos","href":"pht8a576439.html","unavailable":true},"pht9bb241b3":{"categories":["glossary"],"name":"seleção de fotos","href":"pht9bb241b3.html","unavailable":true},"pht5f6df5f0":{"name":"Altere um álbum compartilhado","href":"pht5f6df5f0.html","unavailable":true},"phtf677b8f5":{"name":"O que são álbuns?","href":"phtf677b8f5.html","unavailable":true},"pht6e15aa61":{"name":"Adicione e remova fotos","href":"pht6e15aa61.html","unavailable":true},"pht304c2ace6":{"name":"Conceitos básicos de edição","href":"pht304c2ace6.html","unavailable":true},"pht211de0d6":{"name":"Crie pastas","href":"pht211de0d6.html","unavailable":true},"pht427071907":{"name":"Edite usando extensões","href":"pht427071907.html","unavailable":true},"pht6d60348f":{"name":"Restaure do Time Machine","href":"pht6d60348f.html","unavailable":true},"phtf5e48489c":{"name":"Da Fototeca do iCloud","href":"phtf5e48489c.html","unavailable":true},"phtc0bf4b9bb":{"name":"Do Meu Compartilhamento de Fotos","href":"phtc0bf4b9bb.html","unavailable":true},"pht6e15b35b":{"name":"Encomende um livro, cartão ou calendário","href":"pht6e15b35b.html","unavailable":true},"phtfd442cdbb":{"name":"Faça ajustes avançados","href":"phtfd442cdbb.html","unavailable":true},"phte0ee9e101":{"name":"Remova olhos vermelhos","href":"phte0ee9e101.html","unavailable":true},"pht98de9564":{"categories":["glossary"],"name":"ejetar","href":"pht98de9564.html","unavailable":true},"phtc3c7c148":{"categories":["glossary"],"name":"página dupla","href":"phtc3c7c148.html","unavailable":true},"pht6e15c151":{"name":"Trabalhe com páginas","href":"pht6e15c151.html","unavailable":true},"pht211de786":{"name":"Visão geral","href":"pht211de786.html","unavailable":true},"pht101081c3":{"categories":["glossary"],"name":"miniatura","href":"pht101081c3.html","unavailable":true},"pht9b4411b24":{"name":"Atalhos de teclado e gestos","href":"pht9b4411b24.html","searchName":"Atalhos de teclado do Fotos"},"pht10107b78":{"categories":["glossary"],"name":"razão de tamanho","href":"pht10107b78.html","unavailable":true},"phtab5e72eb":{"name":"Apague um cartão","href":"phtab5e72eb.html","unavailable":true},"pht6d60a1f1":{"name":"Crie álbuns","href":"pht6d60a1f1.html","unavailable":true},"pht884a8908":{"name":"Assine álbuns","href":"pht884a8908.html","unavailable":true},"phtab5e682b":{"name":"Apagar um livro","href":"phtab5e682b.html","unavailable":true},"pht013f36be9":{"name":"Ative ou desative Álbuns Compartilhados","href":"pht013f36be9.html","unavailable":true},"pht211dd6d0":{"name":"Visão geral","href":"pht211dd6d0.html","unavailable":true},"phtb94d7d07":{"name":"Organize fotos","href":"phtb94d7d07.html","unavailable":true},"pht6e159147":{"name":"Crie livros de fotos","href":"pht6e159147.html","unavailable":true},"pht335dba352":{"name":"Personalize o painel Ajustes","href":"pht335dba352.html","unavailable":true},"phtba22db5d6":{"name":"Gire fotos","href":"phtba22db5d6.html","unavailable":true},"pht6e41eaff":{"name":"Use Facebook, Flickr e Twitter","href":"pht6e41eaff.html","unavailable":true},"phtf7fe6394":{"name":"Crie um álbum compartilhado","href":"phtf7fe6394.html","unavailable":true},"pht035bc2c35":{"name":"Visão geral do Fotos","href":"pht035bc2c35.html","unavailable":true},"pht337d15be":{"name":"Organize fotos","href":"pht337d15be.html","unavailable":true},"pht8d0ad5198":{"name":"Busque fotos por palavra-chave","href":"pht8d0ad5198.html","unavailable":true},"pht2951dfb9":{"name":"Gestos do Trackpad","href":"pht2951dfb9.html","unavailable":true},"phtb711c0fd":{"categories":["glossary"],"name":"ID Apple","href":"phtb711c0fd.html","unavailable":true},"pht5156cc968":{"name":"Ajuste as preferências do Fotos","href":"pht5156cc968.html","unavailable":true},"phta4e5a733f":{"name":"Visualize e adicione informações à foto","href":"phta4e5a733f.html","unavailable":true},"pht337d0fd8":{"name":"Adicione e remova fotos","href":"pht337d0fd8.html","unavailable":true},"pht54710c4e":{"icon":"..\/GlobalArt\/AppLanding_Photos.png","categories":["landing"],"name":"Ajuda Fotos","href":"pht54710c4e.html"},"pht6e15ea68":{"name":"Encomende impressões profissionais","href":"pht6e15ea68.html","unavailable":true},"phtb94d7e13":{"name":"Crie um calendário","href":"phtb94d7e13.html","unavailable":true},"phtae4e05c67":{"name":"De mídias de armazenamento","href":"phtae4e05c67.html","unavailable":true},"phtab5e6905":{"name":"Formate o texto do livro","href":"phtab5e6905.html","unavailable":true},"pht6e157c5f":{"name":"Exporte fotos, vídeos e apresentações de slides","href":"pht6e157c5f.html","unavailable":true},"pht1ed9b966d":{"name":"Altere o local de armazenamento de arquivos do Fotos","href":"pht1ed9b966d.html","unavailable":true},"pht6d97570c":{"name":"Use o iTunes","href":"pht6d97570c.html","unavailable":true},"pht6dc73ede":{"categories":["glossary"],"name":"edição não destrutiva","href":"pht6dc73ede.html","unavailable":true},"pht4c00b8ddc":{"name":"Visualize fotos por localização","href":"pht4c00b8ddc.html","unavailable":true},"pht3bfab2f96":{"name":"Apague fotos e vídeos","href":"pht3bfab2f96.html","unavailable":true},"pht10107cfa":{"categories":["glossary"],"name":"foto chave","href":"pht10107cfa.html","unavailable":true},"phtae8c6d40":{"name":"Crie apresentações de slides","href":"phtae8c6d40.html","unavailable":true},"pht5c38b77c5":{"name":"Retoque fotos","href":"pht5c38b77c5.html","unavailable":true},"phtb94d9674":{"name":"Adicionar ou remover fotos","href":"phtb94d9674.html","unavailable":true},"phtc9d389ecc":{"name":"Ajuste uma foto","href":"phtc9d389ecc.html","unavailable":true},"phtc3c7b374":{"categories":["glossary"],"name":"cartão SD","href":"phtc3c7b374.html","unavailable":true},"phtb94d9019":{"name":"Altere as informações da data","href":"phtb94d9019.html","unavailable":true},"pht6d60d10f":{"name":"Faça backup da fototeca do Fotos","href":"pht6d60d10f.html","unavailable":true},"pht6c804da9":{"name":"De outros aplicativos","href":"pht6c804da9.html","unavailable":true},"pht6e15caf3":{"name":"Prepare um projeto para impressão","href":"pht6e15caf3.html","unavailable":true},"phtb94da1cb":{"name":"Formate o texto do calendário","href":"phtb94da1cb.html","unavailable":true},"pht6be18f93":{"name":"Repare a fototeca","href":"pht6be18f93.html","unavailable":true},"pht6e4207c4":{"name":"Use o Mail","href":"pht6e4207c4.html","unavailable":true},"phtc4361d5a":{"name":"Use o Mensagens","href":"phtc4361d5a.html","unavailable":true},"pht13f0918f0":{"name":"Recorte e endireite fotos","href":"pht13f0918f0.html","unavailable":true},"phte0af949f0":{"name":"Aplique filtros às fotos","href":"phte0af949f0.html","unavailable":true},"pht56eafa987":{"name":"Visualize fotos","href":"pht56eafa987.html","unavailable":true},"pht6e593112":{"searchName":"Atalhos de teclado do Fotos","unavailable":true,"name":"Atalhos de teclado","href":"pht6e593112.html"},"pht6e15dbdb":{"name":"Imprima suas próprias fotos","href":"pht6e15dbdb.html","unavailable":true},"pht6d975c7d":{"name":"Visualize vídeos","href":"pht6d975c7d.html","unavailable":true},"pht98de9846":{"categories":["glossary"],"name":"efeito Ken Burns","href":"pht98de9846.html","unavailable":true},"pht6c803201":{"name":"De uma câmera ou dispositivo móvel","href":"pht6c803201.html","unavailable":true},"pht5188d4d20":{"name":"Símbolos do atalho de teclado","href":"pht5188d4d20.html","unavailable":true},"phta48b41fd8":{"name":"Melhore fotos automaticamente","href":"phta48b41fd8.html","unavailable":true},"pht98de9f27":{"categories":["glossary"],"name":"Fotos no formato RAW","href":"pht98de9f27.html","unavailable":true},"pht1324a500e":{"name":"Use outros aplicativos e sites","href":"pht1324a500e.html","unavailable":true},"phtdbd88e7a":{"categories":["glossary"],"name":"álbuns de fotos e Álbuns Inteligentes","href":"phtdbd88e7a.html","unavailable":true},"pht337d0a03":{"name":"Organize fotos","href":"pht337d0a03.html","unavailable":true},"pht64de33e5a":{"name":"Busque fotos por texto ou data","href":"pht64de33e5a.html","unavailable":true},"phtad9d981ab":{"name":"Busque fotos por rosto","href":"phtad9d981ab.html","unavailable":true},"phtdfcac5c5":{"name":"Gerencie assinantes","href":"phtdfcac5c5.html","unavailable":true},"phtc94a1416":{"name":"Mais recursos","href":"phtc94a1416.html","unavailable":true},"pht7a4c765b":{"name":"Visão geral","href":"pht7a4c765b.html","unavailable":true},"pht12e7a8015":{"name":"Onde estão os meus arquivos importados?","href":"pht12e7a8015.html","unavailable":true},"phtda5be08b":{"categories":["glossary"],"name":"palavra-chave","href":"phtda5be08b.html","unavailable":true},"pht1d4c62349":{"name":"Use o AirDrop","href":"pht1d4c62349.html","unavailable":true},"phtab5e66ba":{"name":"Formate o texto do cartão","href":"phtab5e66ba.html","unavailable":true},"phtc3c7c06e":{"categories":["glossary"],"name":"formatos de arquivo de imagem","href":"phtc3c7c06e.html","unavailable":true}},"copyright_text":"© 2015 Apple Inc. Todos os direitos reservados.","css":""}