{"framework":"apd-framework-9.0.12","title":"照片帮助","build_id":"55b90a4f680ce24f54e2ba20","icon":"..\/GlobalArt\/AppIconDefault_Photos.png","sections":{"pht15cfd7b0":{"name":"使用“iCloud 照片共享”","children":["pht7a4c765b","pht013f36be9","phtf7fe6394","pht5f6df5f0","phtdfcac5c5","pht884a8908"]},"pht3e99bb42d":{"name":"手势和键盘快捷键","children":["pht2951dfb9","pht6e593112","pht5188d4d20"]},"phtae8c5b29":{"name":"订购冲印的照片和项目","children":["pht211dd6d0","pht6e15ea68","pht6e15caf3","pht6e15b35b"]},"pht6d6040d1":{"name":"查看和整理照片","children":["pht56eafa987","pht40b0be510","phtb66b3c010","phta4e5a733f","phtcf31adcc8","pht6d60507a","pht6d975c7d","pht3bfab2f96"]},"pht6c803a97":{"name":"导入照片和视频","children":["phta58cd90d3","pht3c36b1831","pht6c803201","phtae4e05c67","pht6c804da9","pht12e7a8015"]},"pht2883afa7":{"name":"创建卡片","children":["pht6e157ba6","pht337d15be","pht6e15aa61","phtab5e66ba","phtab5e72eb"]},"phtb94d9ff5":{"name":"创建日历","children":["phtb94d7e13","phtb94d7d07","phtb94d9674","phtb94d9019","phtb94da1cb","phtb94d945b"]},"pht6d60507a":{"name":"整理相簿中的照片","children":["phtf677b8f5","pht6d60a1f1","pht6d60ca71","pht211de0d6"]},"pht6d609918":{"name":"管理您的“照片”图库","children":["pht211de786","pht6d60b524","pht6d60d10f","pht6d60348f","pht6be18f93","pht1ed9b966d"]},"phtaec3da2a9":{"name":"创建和订购冲印照片","children":["phtae8c5b29","pht6e15dbdb"]},"phtcf31adcc8":{"name":"查找照片","children":["pht64de33e5a","pht8d0ad5198","phtad9d981ab","pht4c00b8ddc"]},"phtae8c6983":{"name":"创建相册","children":["pht6e159147","pht337d0a03","pht337d0fd8","pht6e15c151","phtab5e6905","pht245fde94","phtab5e682b"]},"pht3c36b1831":{"name":"来自 iCloud","children":["phtf5e48489c","phtc0bf4b9bb"]},"pht6e41d50b":{"name":"共享您的照片和视频","children":["pht15cfd7b0","phtc4361d5a","pht6e4207c4","pht6e41eaff","pht1d4c62349","pht6d97570c","pht1324a500e","pht6e157c5f"]},"pht6dc708cc":{"name":"改进照片","children":["pht304c2ace6","phta48b41fd8","phtba22db5d6","pht13f0918f0","phte0af949f0","phtf5bf79313","pht5c38b77c5","phte0ee9e101","pht427071907"]},"phtf5bf79313":{"name":"调整照片的外观","children":["phtc9d389ecc","phtfd442cdbb","pht335dba352"]},"pht6e15d3aa":{"name":"创建项目","children":["phtae8c6d40","phtae8c6983","phtb94d9ff5","pht2883afa7"]},"pht5302d0f6":{"name":"与“照片”配合工作","children":["pht5156cc968","pht6d609918","pht8a576439"]}},"birdseed_version":4,"toc":["pht035bc2c35","pht6c803a97","pht6d6040d1","pht6dc708cc","pht6e41d50b","pht6e15d3aa","phtaec3da2a9","pht5302d0f6","pht3e99bb42d"],"locale":"zh-cn","version":"1.1","enable_tracking":false,"source_schema":"apd-schema","platform":"mac","build_date":"2015.07.29-10:21:10","landing":"pht54710c4e","product":"photos","urls":{},"copyright":"","topics":{"pht6e157ba6":{"name":"创建卡片","href":"pht6e157ba6.html","unavailable":true},"phtb94d945b":{"name":"删除日历","href":"phtb94d945b.html","unavailable":true},"pht245fde94":{"name":"在相册中创建地图","href":"pht245fde94.html","unavailable":true},"phtb66b3c010":{"name":"更改照片的显示方式","href":"phtb66b3c010.html","unavailable":true},"phta58cd90d3":{"name":"概览","href":"phta58cd90d3.html","unavailable":true},"pht6d60b524":{"name":"使用多个图库","href":"pht6d60b524.html","unavailable":true},"pht40b0be510":{"name":"选择和取消选择照片","href":"pht40b0be510.html","unavailable":true},"pht5706dfc6":{"categories":["glossary"],"name":"iCloud","href":"pht5706dfc6.html","unavailable":true},"pht6d60ca71":{"name":"创建智能相簿","href":"pht6d60ca71.html","unavailable":true},"pht8a576439":{"name":"获取“照片”更新","href":"pht8a576439.html","unavailable":true},"pht9bb241b3":{"categories":["glossary"],"name":"选择照片","href":"pht9bb241b3.html","unavailable":true},"pht5f6df5f0":{"name":"更改共享相簿","href":"pht5f6df5f0.html","unavailable":true},"phtf677b8f5":{"name":"什么是相簿？","href":"phtf677b8f5.html","unavailable":true},"pht6e15aa61":{"name":"添加和移除照片","href":"pht6e15aa61.html","unavailable":true},"pht304c2ace6":{"name":"编辑基础知识","href":"pht304c2ace6.html","unavailable":true},"pht211de0d6":{"name":"创建文件夹","href":"pht211de0d6.html","unavailable":true},"pht427071907":{"name":"使用扩展进行编辑","href":"pht427071907.html","unavailable":true},"pht6d60348f":{"name":"从 Time Machine 恢复","href":"pht6d60348f.html","unavailable":true},"phtf5e48489c":{"name":"来自“iCloud 照片图库”","href":"phtf5e48489c.html","unavailable":true},"phtc0bf4b9bb":{"name":"来自“我的照片流”","href":"phtc0bf4b9bb.html","unavailable":true},"pht6e15b35b":{"name":"订购相册、卡片或日历","href":"pht6e15b35b.html","unavailable":true},"phtfd442cdbb":{"name":"进行高级调整","href":"phtfd442cdbb.html","unavailable":true},"phte0ee9e101":{"name":"消除红眼","href":"phte0ee9e101.html","unavailable":true},"pht98de9564":{"categories":["glossary"],"name":"推出","href":"pht98de9564.html","unavailable":true},"phtc3c7c148":{"categories":["glossary"],"name":"页面版式","href":"phtc3c7c148.html","unavailable":true},"pht6e15c151":{"name":"处理页面","href":"pht6e15c151.html","unavailable":true},"pht211de786":{"name":"概览","href":"pht211de786.html","unavailable":true},"pht101081c3":{"categories":["glossary"],"name":"缩略图","href":"pht101081c3.html","unavailable":true},"pht9b4411b24":{"name":"键盘快捷键和手势","href":"pht9b4411b24.html","searchName":"“照片”中的键盘快捷键"},"pht10107b78":{"categories":["glossary"],"name":"大小比例","href":"pht10107b78.html","unavailable":true},"phtab5e72eb":{"name":"删除卡片","href":"phtab5e72eb.html","unavailable":true},"pht6d60a1f1":{"name":"创建相簿","href":"pht6d60a1f1.html","unavailable":true},"pht884a8908":{"name":"订阅相簿","href":"pht884a8908.html","unavailable":true},"phtab5e682b":{"name":"删除相册","href":"phtab5e682b.html","unavailable":true},"pht013f36be9":{"name":"打开或关闭“iCloud 照片共享”","href":"pht013f36be9.html","unavailable":true},"pht211dd6d0":{"name":"概览","href":"pht211dd6d0.html","unavailable":true},"phtb94d7d07":{"name":"排列照片","href":"phtb94d7d07.html","unavailable":true},"pht6e159147":{"name":"创建相册","href":"pht6e159147.html","unavailable":true},"pht335dba352":{"name":"自定“调整”面板","href":"pht335dba352.html","unavailable":true},"phtba22db5d6":{"name":"旋转照片","href":"phtba22db5d6.html","unavailable":true},"pht6e41eaff":{"name":"使用 Facebook、Flickr 和 Twitter","href":"pht6e41eaff.html","unavailable":true},"phtf7fe6394":{"name":"创建共享相簿","href":"phtf7fe6394.html","unavailable":true},"pht035bc2c35":{"name":"照片概览","href":"pht035bc2c35.html","unavailable":true},"pht337d15be":{"name":"排列照片","href":"pht337d15be.html","unavailable":true},"pht8d0ad5198":{"name":"按关键词查找照片","href":"pht8d0ad5198.html","unavailable":true},"pht2951dfb9":{"name":"触控板手势","href":"pht2951dfb9.html","unavailable":true},"phtb711c0fd":{"categories":["glossary"],"name":"Apple ID","href":"phtb711c0fd.html","unavailable":true},"pht5156cc968":{"name":"设定“照片”偏好设置","href":"pht5156cc968.html","unavailable":true},"phta4e5a733f":{"name":"查看和添加照片信息","href":"phta4e5a733f.html","unavailable":true},"pht337d0fd8":{"name":"添加和移除照片","href":"pht337d0fd8.html","unavailable":true},"pht54710c4e":{"icon":"..\/GlobalArt\/AppLanding_Photos.png","categories":["landing"],"name":"照片帮助","href":"pht54710c4e.html"},"pht6e15ea68":{"name":"订购专业冲印照片","href":"pht6e15ea68.html","unavailable":true},"phtb94d7e13":{"name":"创建日历","href":"phtb94d7e13.html","unavailable":true},"phtae4e05c67":{"name":"来自储存介质","href":"phtae4e05c67.html","unavailable":true},"phtab5e6905":{"name":"格式化相册文本","href":"phtab5e6905.html","unavailable":true},"pht6e157c5f":{"name":"导出照片、视频和幻灯片放映","href":"pht6e157c5f.html","unavailable":true},"pht1ed9b966d":{"name":"修改“照片”储存文件的位置","href":"pht1ed9b966d.html","unavailable":true},"pht6d97570c":{"name":"使用 iTunes","href":"pht6d97570c.html","unavailable":true},"pht6dc73ede":{"categories":["glossary"],"name":"非破坏性编辑","href":"pht6dc73ede.html","unavailable":true},"pht4c00b8ddc":{"name":"按位置查看照片","href":"pht4c00b8ddc.html","unavailable":true},"pht3bfab2f96":{"name":"删除照片和视频","href":"pht3bfab2f96.html","unavailable":true},"pht10107cfa":{"categories":["glossary"],"name":"关键照片","href":"pht10107cfa.html","unavailable":true},"phtae8c6d40":{"name":"创建幻灯片放映","href":"phtae8c6d40.html","unavailable":true},"pht5c38b77c5":{"name":"润饰照片","href":"pht5c38b77c5.html","unavailable":true},"phtb94d9674":{"name":"添加或移除照片","href":"phtb94d9674.html","unavailable":true},"phtc9d389ecc":{"name":"调整照片","href":"phtc9d389ecc.html","unavailable":true},"phtc3c7b374":{"categories":["glossary"],"name":"SD 卡","href":"phtc3c7b374.html","unavailable":true},"phtb94d9019":{"name":"更改日期信息","href":"phtb94d9019.html","unavailable":true},"pht6d60d10f":{"name":"备份您的“照片”图库","href":"pht6d60d10f.html","unavailable":true},"pht6c804da9":{"name":"来自其他应用","href":"pht6c804da9.html","unavailable":true},"pht6e15caf3":{"name":"准备要冲印的项目","href":"pht6e15caf3.html","unavailable":true},"phtb94da1cb":{"name":"格式化日历文本","href":"phtb94da1cb.html","unavailable":true},"pht6be18f93":{"name":"修复您的图库","href":"pht6be18f93.html","unavailable":true},"pht6e4207c4":{"name":"使用“邮件”","href":"pht6e4207c4.html","unavailable":true},"phtc4361d5a":{"name":"使用“信息”","href":"phtc4361d5a.html","unavailable":true},"pht13f0918f0":{"name":"裁剪和校正照片","href":"pht13f0918f0.html","unavailable":true},"phte0af949f0":{"name":"将滤镜应用到照片","href":"phte0af949f0.html","unavailable":true},"pht56eafa987":{"name":"查看照片","href":"pht56eafa987.html","unavailable":true},"pht6e593112":{"searchName":"“照片”中的键盘快捷键","unavailable":true,"name":"键盘快捷键","href":"pht6e593112.html"},"pht6e15dbdb":{"name":"冲印您自己的照片","href":"pht6e15dbdb.html","unavailable":true},"pht6d975c7d":{"name":"查看视频","href":"pht6d975c7d.html","unavailable":true},"pht98de9846":{"categories":["glossary"],"name":"Ken Burns 效果","href":"pht98de9846.html","unavailable":true},"pht6c803201":{"name":"来自相机或移动设备","href":"pht6c803201.html","unavailable":true},"pht5188d4d20":{"name":"键盘快捷键符号","href":"pht5188d4d20.html","unavailable":true},"phta48b41fd8":{"name":"自动增强照片","href":"phta48b41fd8.html","unavailable":true},"pht98de9f27":{"categories":["glossary"],"name":"RAW 格式的照片","href":"pht98de9f27.html","unavailable":true},"pht1324a500e":{"name":"使用其他应用和网站","href":"pht1324a500e.html","unavailable":true},"phtdbd88e7a":{"categories":["glossary"],"name":"相簿和智能相簿","href":"phtdbd88e7a.html","unavailable":true},"pht337d0a03":{"name":"排列照片","href":"pht337d0a03.html","unavailable":true},"pht64de33e5a":{"name":"按文本或日期查找照片","href":"pht64de33e5a.html","unavailable":true},"phtad9d981ab":{"name":"按面孔查找照片","href":"phtad9d981ab.html","unavailable":true},"phtdfcac5c5":{"name":"管理订阅者","href":"phtdfcac5c5.html","unavailable":true},"phtc94a1416":{"name":"更多资源","href":"phtc94a1416.html","unavailable":true},"pht7a4c765b":{"name":"概览","href":"pht7a4c765b.html","unavailable":true},"pht12e7a8015":{"name":"导入的文件存放在哪里？","href":"pht12e7a8015.html","unavailable":true},"phtda5be08b":{"categories":["glossary"],"name":"关键词","href":"phtda5be08b.html","unavailable":true},"pht1d4c62349":{"name":"使用 AirDrop","href":"pht1d4c62349.html","unavailable":true},"phtab5e66ba":{"name":"格式化卡片文本","href":"phtab5e66ba.html","unavailable":true},"phtc3c7c06e":{"categories":["glossary"],"name":"图像文件格式","href":"phtc3c7c06e.html","unavailable":true}},"copyright_text":"© 2015 Apple Inc.保留一切权利。","css":""}