{"framework":"apd-framework-9.0.8","title":"Foto's Help","build_id":"55b17b30680ce2c256ec6e62","icon":"..\/GlobalArt\/AppIconDefault_Photos.png","sections":{"pht15cfd7b0":{"name":"iCloud-fotodeling gebruiken","children":["pht7a4c765b","pht013f36be9","phtf7fe6394","pht5f6df5f0","phtdfcac5c5","pht884a8908"]},"pht3e99bb42d":{"name":"Bewegingen en toetscombinaties","children":["pht2951dfb9","pht6e593112","pht5188d4d20"]},"phtae8c5b29":{"name":"Afdrukken van foto's en projecten bestellen","children":["pht211dd6d0","pht6e15ea68","pht6e15caf3","pht6e15b35b"]},"pht6d6040d1":{"name":"Uw foto's bekijken en ordenen","children":["pht56eafa987","pht40b0be510","phtb66b3c010","phta4e5a733f","phtcf31adcc8","pht6d60507a","pht6d975c7d","pht3bfab2f96"]},"pht6c803a97":{"name":"Foto's en video's importeren","children":["phta58cd90d3","pht3c36b1831","pht6c803201","phtae4e05c67","pht6c804da9","pht12e7a8015"]},"pht2883afa7":{"name":"Kaarten aanmaken","children":["pht6e157ba6","pht337d15be","pht6e15aa61","phtab5e66ba","phtab5e72eb"]},"phtb94d9ff5":{"name":"Kalenders aanmaken","children":["phtb94d7e13","phtb94d7d07","phtb94d9674","phtb94d9019","phtb94da1cb","phtb94d945b"]},"pht6d60507a":{"name":"Foto's in albums ordenen","children":["phtf677b8f5","pht6d60a1f1","pht6d60ca71","pht211de0d6"]},"pht6d609918":{"name":"Uw Foto's-bibliotheek beheren","children":["pht211de786","pht6d60b524","pht6d60d10f","pht6d60348f","pht6be18f93","pht1ed9b966d"]},"phtaec3da2a9":{"name":"Afdrukken aanmaken en bestellen","children":["phtae8c5b29","pht6e15dbdb"]},"phtcf31adcc8":{"name":"Foto's zoeken","children":["pht64de33e5a","pht8d0ad5198","phtad9d981ab","pht4c00b8ddc"]},"phtae8c6983":{"name":"Fotoboeken aanmaken","children":["pht6e159147","pht337d0a03","pht337d0fd8","pht6e15c151","phtab5e6905","pht245fde94","phtab5e682b"]},"pht3c36b1831":{"name":"Uit iCloud","children":["phtf5e48489c","phtc0bf4b9bb"]},"pht6e41d50b":{"name":"Uw foto's en video's delen","children":["pht15cfd7b0","phtc4361d5a","pht6e4207c4","pht6e41eaff","pht1d4c62349","pht6d97570c","pht1324a500e","pht6e157c5f"]},"pht6dc708cc":{"name":"Uw foto's verbeteren","children":["pht304c2ace6","phta48b41fd8","phtba22db5d6","pht13f0918f0","phte0af949f0","phtf5bf79313","pht5c38b77c5","phte0ee9e101","pht427071907"]},"phtf5bf79313":{"name":"De weergave van foto's aanpassen","children":["phtc9d389ecc","phtfd442cdbb","pht335dba352"]},"pht6e15d3aa":{"name":"Projecten aanmaken","children":["phtae8c6d40","phtae8c6983","phtb94d9ff5","pht2883afa7"]},"pht5302d0f6":{"name":"Werken met Foto's","children":["pht5156cc968","pht6d609918","pht8a576439"]}},"birdseed_version":4,"toc":["pht035bc2c35","pht6c803a97","pht6d6040d1","pht6dc708cc","pht6e41d50b","pht6e15d3aa","phtaec3da2a9","pht5302d0f6","pht3e99bb42d"],"locale":"nl","version":"1.1","enable_tracking":false,"source_schema":"apd-schema","platform":"mac","build_date":"2015.07.23-17:26:08","landing":"pht54710c4e","product":"photos","urls":{},"copyright":"","topics":{"pht6e157ba6":{"name":"Een kaart aanmaken","href":"pht6e157ba6.html","unavailable":true},"phtb94d945b":{"name":"Een kalender verwijderen","href":"phtb94d945b.html","unavailable":true},"pht245fde94":{"name":"Kaarten in een boek aanmaken","href":"pht245fde94.html","unavailable":true},"phtb66b3c010":{"name":"Foto's op een andere manier weergeven","href":"phtb66b3c010.html","unavailable":true},"phta58cd90d3":{"name":"Overzicht","href":"phta58cd90d3.html","unavailable":true},"pht6d60b524":{"name":"Met meerdere bibliotheken werken","href":"pht6d60b524.html","unavailable":true},"pht40b0be510":{"name":"Foto's selecteren en deselecteren","href":"pht40b0be510.html","unavailable":true},"pht5706dfc6":{"categories":["glossary"],"name":"iCloud","href":"pht5706dfc6.html","unavailable":true},"pht6d60ca71":{"name":"Slimme albums aanmaken","href":"pht6d60ca71.html","unavailable":true},"pht8a576439":{"name":"Updates van Foto's downloaden","href":"pht8a576439.html","unavailable":true},"pht9bb241b3":{"categories":["glossary"],"name":"selecteren, foto's","href":"pht9bb241b3.html","unavailable":true},"pht5f6df5f0":{"name":"Een gedeeld album wijzigen","href":"pht5f6df5f0.html","unavailable":true},"phtf677b8f5":{"name":"Wat zijn albums?","href":"phtf677b8f5.html","unavailable":true},"pht6e15aa61":{"name":"Foto's toevoegen en verwijderen","href":"pht6e15aa61.html","unavailable":true},"pht304c2ace6":{"name":"Basisbewerkingen","href":"pht304c2ace6.html","unavailable":true},"pht211de0d6":{"name":"Mappen aanmaken","href":"pht211de0d6.html","unavailable":true},"pht427071907":{"name":"Bewerken met behulp van extensies","href":"pht427071907.html","unavailable":true},"pht6d60348f":{"name":"Terugzetten vanuit Time Machine","href":"pht6d60348f.html","unavailable":true},"phtf5e48489c":{"name":"Uit de iCloud-fotobibliotheek","href":"phtf5e48489c.html","unavailable":true},"phtc0bf4b9bb":{"name":"Via Mijn fotostream","href":"phtc0bf4b9bb.html","unavailable":true},"pht6e15b35b":{"name":"Een fotoboek, kaart of kalender bestellen","href":"pht6e15b35b.html","unavailable":true},"phtfd442cdbb":{"name":"Geavanceerde aanpassingen aanbrengen","href":"phtfd442cdbb.html","unavailable":true},"phte0ee9e101":{"name":"Rode ogen verwijderen","href":"phte0ee9e101.html","unavailable":true},"pht98de9564":{"categories":["glossary"],"name":"verwijderen","href":"pht98de9564.html","unavailable":true},"phtc3c7c148":{"categories":["glossary"],"name":"paginacombinatie","href":"phtc3c7c148.html","unavailable":true},"pht6e15c151":{"name":"Werken met pagina's","href":"pht6e15c151.html","unavailable":true},"pht211de786":{"name":"Overzicht","href":"pht211de786.html","unavailable":true},"pht101081c3":{"categories":["glossary"],"name":"miniatuur","href":"pht101081c3.html","unavailable":true},"pht9b4411b24":{"name":"Toetscombinaties en bewegingen","href":"pht9b4411b24.html","searchName":"Toetscombinaties in Foto's"},"pht10107b78":{"categories":["glossary"],"name":"formaatverhouding","href":"pht10107b78.html","unavailable":true},"phtab5e72eb":{"name":"Een kaart verwijderen","href":"phtab5e72eb.html","unavailable":true},"pht6d60a1f1":{"name":"Albums aanmaken","href":"pht6d60a1f1.html","unavailable":true},"pht884a8908":{"name":"Abonneren op albums","href":"pht884a8908.html","unavailable":true},"phtab5e682b":{"name":"Een boek verwijderen","href":"phtab5e682b.html","unavailable":true},"pht013f36be9":{"name":"iCloud-fotodeling in- of uitschakelen","href":"pht013f36be9.html","unavailable":true},"pht211dd6d0":{"name":"Overzicht","href":"pht211dd6d0.html","unavailable":true},"phtb94d7d07":{"name":"Foto's ordenen","href":"phtb94d7d07.html","unavailable":true},"pht6e159147":{"name":"Een fotoboek aanmaken","href":"pht6e159147.html","unavailable":true},"pht335dba352":{"name":"Het paneel 'Aanpassingen' aanpassen","href":"pht335dba352.html","unavailable":true},"phtba22db5d6":{"name":"Foto's roteren","href":"phtba22db5d6.html","unavailable":true},"pht6e41eaff":{"name":"Facebook, Flickr en Twitter gebruiken","href":"pht6e41eaff.html","unavailable":true},"phtf7fe6394":{"name":"Een gedeeld album aanmaken","href":"phtf7fe6394.html","unavailable":true},"pht035bc2c35":{"name":"Overzicht van Foto's","href":"pht035bc2c35.html","unavailable":true},"pht337d15be":{"name":"Foto's ordenen","href":"pht337d15be.html","unavailable":true},"pht8d0ad5198":{"name":"Foto's zoeken op trefwoord","href":"pht8d0ad5198.html","unavailable":true},"pht2951dfb9":{"name":"Trackpadbewegingen","href":"pht2951dfb9.html","unavailable":true},"phtb711c0fd":{"categories":["glossary"],"name":"Apple ID","href":"phtb711c0fd.html","unavailable":true},"pht5156cc968":{"name":"Voorkeuren voor Foto's instellen","href":"pht5156cc968.html","unavailable":true},"phta4e5a733f":{"name":"Informatie over foto's bekijken en toevoegen","href":"phta4e5a733f.html","unavailable":true},"pht337d0fd8":{"name":"Foto's toevoegen en verwijderen","href":"pht337d0fd8.html","unavailable":true},"pht54710c4e":{"icon":"..\/GlobalArt\/AppLanding_Photos.png","categories":["landing"],"name":"Foto's Help","href":"pht54710c4e.html"},"pht6e15ea68":{"name":"Professionele afdrukken bestellen","href":"pht6e15ea68.html","unavailable":true},"phtb94d7e13":{"name":"Een kalender aanmaken","href":"phtb94d7e13.html","unavailable":true},"phtae4e05c67":{"name":"Van opslagmedia","href":"phtae4e05c67.html","unavailable":true},"phtab5e6905":{"name":"Tekst in een fotoboek opmaken","href":"phtab5e6905.html","unavailable":true},"pht6e157c5f":{"name":"Foto's, video's en diavoorstellingen exporteren","href":"pht6e157c5f.html","unavailable":true},"pht1ed9b966d":{"name":"De locatie wijzigen waar Foto's uw bestanden bewaart","href":"pht1ed9b966d.html","unavailable":true},"pht6d97570c":{"name":"iTunes gebruiken","href":"pht6d97570c.html","unavailable":true},"pht6dc73ede":{"categories":["glossary"],"name":"niet-destructief bewerken","href":"pht6dc73ede.html","unavailable":true},"pht4c00b8ddc":{"name":"Foto's bekijken per locatie","href":"pht4c00b8ddc.html","unavailable":true},"pht3bfab2f96":{"name":"Foto's en video's verwijderen","href":"pht3bfab2f96.html","unavailable":true},"pht10107cfa":{"categories":["glossary"],"name":"hoofdfoto","href":"pht10107cfa.html","unavailable":true},"phtae8c6d40":{"name":"Diavoorstellingen aanmaken","href":"phtae8c6d40.html","unavailable":true},"pht5c38b77c5":{"name":"Foto's retoucheren","href":"pht5c38b77c5.html","unavailable":true},"phtb94d9674":{"name":"Foto's toevoegen of verwijderen","href":"phtb94d9674.html","unavailable":true},"phtc9d389ecc":{"name":"Een foto aanpassen","href":"phtc9d389ecc.html","unavailable":true},"phtc3c7b374":{"categories":["glossary"],"name":"SD-kaart","href":"phtc3c7b374.html","unavailable":true},"phtb94d9019":{"name":"De datuminformatie wijzigen","href":"phtb94d9019.html","unavailable":true},"pht6d60d10f":{"name":"Een reservekopie maken van de Foto's-bibliotheek","href":"pht6d60d10f.html","unavailable":true},"pht6c804da9":{"name":"Uit andere programma's","href":"pht6c804da9.html","unavailable":true},"pht6e15caf3":{"name":"Een project voorbereiden voor afdrukken","href":"pht6e15caf3.html","unavailable":true},"phtb94da1cb":{"name":"Tekst in een kalender opmaken","href":"phtb94da1cb.html","unavailable":true},"pht6be18f93":{"name":"Uw bibliotheek herstellen","href":"pht6be18f93.html","unavailable":true},"pht6e4207c4":{"name":"Mail gebruiken","href":"pht6e4207c4.html","unavailable":true},"phtc4361d5a":{"name":"Berichten gebruiken","href":"phtc4361d5a.html","unavailable":true},"pht13f0918f0":{"name":"Foto's bijsnijden en rechtmaken","href":"pht13f0918f0.html","unavailable":true},"phte0af949f0":{"name":"Filters toepassen op foto's","href":"phte0af949f0.html","unavailable":true},"pht56eafa987":{"name":"Foto's bekijken","href":"pht56eafa987.html","unavailable":true},"pht6e593112":{"searchName":"Toetscombinaties in Foto's","unavailable":true,"name":"Toetscombinaties","href":"pht6e593112.html"},"pht6e15dbdb":{"name":"Uw eigen foto's afdrukken","href":"pht6e15dbdb.html","unavailable":true},"pht6d975c7d":{"name":"Video's bekijken","href":"pht6d975c7d.html","unavailable":true},"pht98de9846":{"categories":["glossary"],"name":"Ken Burns-effect","href":"pht98de9846.html","unavailable":true},"pht6c803201":{"name":"Van een camera of een mobiel apparaat","href":"pht6c803201.html","unavailable":true},"pht5188d4d20":{"name":"Symbolen in toetscombinaties","href":"pht5188d4d20.html","unavailable":true},"phta48b41fd8":{"name":"Foto's automatisch verbeteren","href":"phta48b41fd8.html","unavailable":true},"pht98de9f27":{"categories":["glossary"],"name":"RAW-structuur","href":"pht98de9f27.html","unavailable":true},"pht1324a500e":{"name":"Andere programma's en websites gebruiken","href":"pht1324a500e.html","unavailable":true},"phtdbd88e7a":{"categories":["glossary"],"name":"fotoalbums en slimme albums","href":"phtdbd88e7a.html","unavailable":true},"pht337d0a03":{"name":"Foto's ordenen","href":"pht337d0a03.html","unavailable":true},"pht64de33e5a":{"name":"Foto's zoeken op tekst of datum","href":"pht64de33e5a.html","unavailable":true},"phtad9d981ab":{"name":"Foto's zoeken op gezicht","href":"phtad9d981ab.html","unavailable":true},"phtdfcac5c5":{"name":"Abonnees beheren","href":"phtdfcac5c5.html","unavailable":true},"phtc94a1416":{"name":"Meer informatie","href":"phtc94a1416.html","unavailable":true},"pht7a4c765b":{"name":"Overzicht","href":"pht7a4c765b.html","unavailable":true},"pht12e7a8015":{"name":"Waar zijn mijn geïmporteerde bestanden?","href":"pht12e7a8015.html","unavailable":true},"phtda5be08b":{"categories":["glossary"],"name":"trefwoord","href":"phtda5be08b.html","unavailable":true},"pht1d4c62349":{"name":"AirDrop gebruiken","href":"pht1d4c62349.html","unavailable":true},"phtab5e66ba":{"name":"Tekst op een kaart opmaken","href":"phtab5e66ba.html","unavailable":true},"phtc3c7c06e":{"categories":["glossary"],"name":"afbeeldingsstructuren","href":"phtc3c7c06e.html","unavailable":true}},"copyright_text":"© 2015 Apple Inc. Alle rechten voorbehouden.","css":""}