{"framework":"apd-framework-9.0.8","title":"Fotos-Hilfe","build_id":"55b17b2b680ce2c256ec6e14","icon":"..\/GlobalArt\/AppIconDefault_Photos.png","sections":{"pht15cfd7b0":{"name":"Verwenden der iCloud-Fotofreigabe","children":["pht7a4c765b","pht013f36be9","phtf7fe6394","pht5f6df5f0","phtdfcac5c5","pht884a8908"]},"pht3e99bb42d":{"name":"Gesten und Tastaturkurzbefehle","children":["pht2951dfb9","pht6e593112","pht5188d4d20"]},"phtae8c5b29":{"name":"Bestellen gedruckter Fotos und Projekte","children":["pht211dd6d0","pht6e15ea68","pht6e15caf3","pht6e15b35b"]},"pht6d6040d1":{"name":"Anzeigen und Organisieren Ihrer Fotos","children":["pht56eafa987","pht40b0be510","phtb66b3c010","phta4e5a733f","phtcf31adcc8","pht6d60507a","pht6d975c7d","pht3bfab2f96"]},"pht6c803a97":{"name":"Importieren von Fotos und Videos","children":["phta58cd90d3","pht3c36b1831","pht6c803201","phtae4e05c67","pht6c804da9","pht12e7a8015"]},"pht2883afa7":{"name":"Erstellen von Karten","children":["pht6e157ba6","pht337d15be","pht6e15aa61","phtab5e66ba","phtab5e72eb"]},"phtb94d9ff5":{"name":"Erstellen von Kalendern","children":["phtb94d7e13","phtb94d7d07","phtb94d9674","phtb94d9019","phtb94da1cb","phtb94d945b"]},"pht6d60507a":{"name":"Organisieren von Fotos in Alben","children":["phtf677b8f5","pht6d60a1f1","pht6d60ca71","pht211de0d6"]},"pht6d609918":{"name":"Verwalten Ihrer Fotomediathek","children":["pht211de786","pht6d60b524","pht6d60d10f","pht6d60348f","pht6be18f93","pht1ed9b966d"]},"phtaec3da2a9":{"name":"Erstellen und Bestellen von Abzügen","children":["phtae8c5b29","pht6e15dbdb"]},"phtcf31adcc8":{"name":"Suchen von Fotos","children":["pht64de33e5a","pht8d0ad5198","phtad9d981ab","pht4c00b8ddc"]},"phtae8c6983":{"name":"Erstellen von Büchern","children":["pht6e159147","pht337d0a03","pht337d0fd8","pht6e15c151","phtab5e6905","pht245fde94","phtab5e682b"]},"pht3c36b1831":{"name":"Aus iCloud","children":["phtf5e48489c","phtc0bf4b9bb"]},"pht6e41d50b":{"name":"Freigeben von Fotos und Videos","children":["pht15cfd7b0","phtc4361d5a","pht6e4207c4","pht6e41eaff","pht1d4c62349","pht6d97570c","pht1324a500e","pht6e157c5f"]},"pht6dc708cc":{"name":"Verbessern von Fotos","children":["pht304c2ace6","phta48b41fd8","phtba22db5d6","pht13f0918f0","phte0af949f0","phtf5bf79313","pht5c38b77c5","phte0ee9e101","pht427071907"]},"phtf5bf79313":{"name":"Anpassen des Erscheinungsbilds von Fotos","children":["phtc9d389ecc","phtfd442cdbb","pht335dba352"]},"pht6e15d3aa":{"name":"Erstellen von Projekten","children":["phtae8c6d40","phtae8c6983","phtb94d9ff5","pht2883afa7"]},"pht5302d0f6":{"name":"Arbeiten mit Fotos","children":["pht5156cc968","pht6d609918","pht8a576439"]}},"birdseed_version":4,"toc":["pht035bc2c35","pht6c803a97","pht6d6040d1","pht6dc708cc","pht6e41d50b","pht6e15d3aa","phtaec3da2a9","pht5302d0f6","pht3e99bb42d"],"locale":"de","version":"1.1","enable_tracking":false,"source_schema":"apd-schema","platform":"mac","build_date":"2015.07.23-17:46:06","landing":"pht54710c4e","product":"photos","urls":{},"copyright":"","topics":{"pht6e157ba6":{"name":"Erstellen einer Grußkarte","href":"pht6e157ba6.html","unavailable":true},"phtb94d945b":{"name":"Löschen eines Kalenders","href":"phtb94d945b.html","unavailable":true},"pht245fde94":{"name":"Erstellen einer Karte in einem Buch","href":"pht245fde94.html","unavailable":true},"phtb66b3c010":{"name":"Ändern der Fotodarstellung","href":"phtb66b3c010.html","unavailable":true},"phta58cd90d3":{"name":"Übersicht","href":"phta58cd90d3.html","unavailable":true},"pht6d60b524":{"name":"Verwenden mehrerer Mediatheken","href":"pht6d60b524.html","unavailable":true},"pht40b0be510":{"name":"Auswählen und Aufheben der Auswahl von Fotos","href":"pht40b0be510.html","unavailable":true},"pht5706dfc6":{"categories":["glossary"],"name":"iCloud","href":"pht5706dfc6.html","unavailable":true},"pht6d60ca71":{"name":"Erstellen von intelligenten Alben","href":"pht6d60ca71.html","unavailable":true},"pht8a576439":{"name":"Aktualisieren von Fotos","href":"pht8a576439.html","unavailable":true},"pht9bb241b3":{"categories":["glossary"],"name":"Auswählen von Fotos","href":"pht9bb241b3.html","unavailable":true},"pht5f6df5f0":{"name":"Ändern eines freigegebenen Albums","href":"pht5f6df5f0.html","unavailable":true},"phtf677b8f5":{"name":"Alben","href":"phtf677b8f5.html","unavailable":true},"pht6e15aa61":{"name":"Hinzufügen und Entfernen von Fotos","href":"pht6e15aa61.html","unavailable":true},"pht304c2ace6":{"name":"Grundlagen der Bearbeitung","href":"pht304c2ace6.html","unavailable":true},"pht211de0d6":{"name":"Erstellen von Ordnern","href":"pht211de0d6.html","unavailable":true},"pht427071907":{"name":"Verwendung von Erweiterungen bearbeiten","href":"pht427071907.html","unavailable":true},"pht6d60348f":{"name":"Wiederherstellen mit Time Machine","href":"pht6d60348f.html","unavailable":true},"phtf5e48489c":{"name":"Aus der iCloud-Fotomediathek","href":"phtf5e48489c.html","unavailable":true},"phtc0bf4b9bb":{"name":"Aus „Mein Fotostream“","href":"phtc0bf4b9bb.html","unavailable":true},"pht6e15b35b":{"name":"Bestellen eines Buchs, einer Karte oder eines Kalenders","href":"pht6e15b35b.html","unavailable":true},"phtfd442cdbb":{"name":"Vornehmen professioneller Anpassungen","href":"phtfd442cdbb.html","unavailable":true},"phte0ee9e101":{"name":"Entfernen des Rote-Augen-Effekts","href":"phte0ee9e101.html","unavailable":true},"pht98de9564":{"categories":["glossary"],"name":"Auswerfen","href":"pht98de9564.html","unavailable":true},"phtc3c7c148":{"categories":["glossary"],"name":"Aufgeschlagene Buchseiten","href":"phtc3c7c148.html","unavailable":true},"pht6e15c151":{"name":"Arbeiten mit Seiten","href":"pht6e15c151.html","unavailable":true},"pht211de786":{"name":"Übersicht","href":"pht211de786.html","unavailable":true},"pht101081c3":{"categories":["glossary"],"name":"Miniatur","href":"pht101081c3.html","unavailable":true},"pht9b4411b24":{"name":"Tastaturkurzbefehle und Gesten","href":"pht9b4411b24.html","searchName":"Tastaturkurzbefehle in Fotos"},"pht10107b78":{"categories":["glossary"],"name":"Seitenverhältnis","href":"pht10107b78.html","unavailable":true},"phtab5e72eb":{"name":"Löschen einer Grußkarte","href":"phtab5e72eb.html","unavailable":true},"pht6d60a1f1":{"name":"Erstellen von Alben","href":"pht6d60a1f1.html","unavailable":true},"pht884a8908":{"name":"Abonnieren von Alben","href":"pht884a8908.html","unavailable":true},"phtab5e682b":{"name":"Löschen eines Buchs","href":"phtab5e682b.html","unavailable":true},"pht013f36be9":{"name":"Aktivieren oder Deaktivieren der iCloud-Fotofreigabe","href":"pht013f36be9.html","unavailable":true},"pht211dd6d0":{"name":"Übersicht","href":"pht211dd6d0.html","unavailable":true},"phtb94d7d07":{"name":"Anordnen von Fotos","href":"phtb94d7d07.html","unavailable":true},"pht6e159147":{"name":"Erstellen eines Fotobuchs","href":"pht6e159147.html","unavailable":true},"pht335dba352":{"name":"Einstellen des Bereichs „Anpassungen“","href":"pht335dba352.html","unavailable":true},"phtba22db5d6":{"name":"Rotieren von Fotos","href":"phtba22db5d6.html","unavailable":true},"pht6e41eaff":{"name":"Verwenden von Facebook, Flickr und Twitter","href":"pht6e41eaff.html","unavailable":true},"phtf7fe6394":{"name":"Erstellen eines freigegebenen Albums","href":"phtf7fe6394.html","unavailable":true},"pht035bc2c35":{"name":"Fotos – Übersicht","href":"pht035bc2c35.html","unavailable":true},"pht337d15be":{"name":"Anordnen von Fotos","href":"pht337d15be.html","unavailable":true},"pht8d0ad5198":{"name":"Suchen von Fotos nach Schlagwörtern","href":"pht8d0ad5198.html","unavailable":true},"pht2951dfb9":{"name":"Trackpad-Gesten","href":"pht2951dfb9.html","unavailable":true},"phtb711c0fd":{"categories":["glossary"],"name":"Apple-ID","href":"phtb711c0fd.html","unavailable":true},"pht5156cc968":{"name":"Anpassen der Einstellungen in Fotos","href":"pht5156cc968.html","unavailable":true},"phta4e5a733f":{"name":"Anzeigen und Hinzufügen von Fotoinformationen","href":"phta4e5a733f.html","unavailable":true},"pht337d0fd8":{"name":"Hinzufügen und Entfernen von Fotos","href":"pht337d0fd8.html","unavailable":true},"pht54710c4e":{"icon":"..\/GlobalArt\/AppLanding_Photos.png","categories":["landing"],"name":"Fotos-Hilfe","href":"pht54710c4e.html"},"pht6e15ea68":{"name":"Bestellen professioneller Abzüge","href":"pht6e15ea68.html","unavailable":true},"phtb94d7e13":{"name":"Erstellen eines Kalenders","href":"phtb94d7e13.html","unavailable":true},"phtae4e05c67":{"name":"Von Speichermedien","href":"phtae4e05c67.html","unavailable":true},"phtab5e6905":{"name":"Formatieren von Buchtext","href":"phtab5e6905.html","unavailable":true},"pht6e157c5f":{"name":"Exportieren von Fotos, Videos und Diashows","href":"pht6e157c5f.html","unavailable":true},"pht1ed9b966d":{"name":"Ändern des Speicherorts für Ihre Dateien in der App „Fotos“","href":"pht1ed9b966d.html","unavailable":true},"pht6d97570c":{"name":"Verwenden von iTunes","href":"pht6d97570c.html","unavailable":true},"pht6dc73ede":{"categories":["glossary"],"name":"Verlustfreie Bearbeitung","href":"pht6dc73ede.html","unavailable":true},"pht4c00b8ddc":{"name":"Anzeigen von Fotos nach Ort","href":"pht4c00b8ddc.html","unavailable":true},"pht3bfab2f96":{"name":"Löschen von Fotos und Videos","href":"pht3bfab2f96.html","unavailable":true},"pht10107cfa":{"categories":["glossary"],"name":"Schlüsselfoto","href":"pht10107cfa.html","unavailable":true},"phtae8c6d40":{"name":"Erstellen von Diashows","href":"phtae8c6d40.html","unavailable":true},"pht5c38b77c5":{"name":"Retuschieren von Fotos","href":"pht5c38b77c5.html","unavailable":true},"phtb94d9674":{"name":"Hinzufügen oder Entfernen von Fotos","href":"phtb94d9674.html","unavailable":true},"phtc9d389ecc":{"name":"Anpassen eines Fotos","href":"phtc9d389ecc.html","unavailable":true},"phtc3c7b374":{"categories":["glossary"],"name":"SD-Karte","href":"phtc3c7b374.html","unavailable":true},"phtb94d9019":{"name":"Ändern der Datumsinformationen","href":"phtb94d9019.html","unavailable":true},"pht6d60d10f":{"name":"Sichern Ihrer Fotomediathek","href":"pht6d60d10f.html","unavailable":true},"pht6c804da9":{"name":"Aus anderen Apps","href":"pht6c804da9.html","unavailable":true},"pht6e15caf3":{"name":"Vorbereiten eines Projekts für den Druck","href":"pht6e15caf3.html","unavailable":true},"phtb94da1cb":{"name":"Formatieren von Kalendertext","href":"phtb94da1cb.html","unavailable":true},"pht6be18f93":{"name":"Reparieren Ihrer Mediathek","href":"pht6be18f93.html","unavailable":true},"pht6e4207c4":{"name":"Verwenden von Mail","href":"pht6e4207c4.html","unavailable":true},"phtc4361d5a":{"name":"Verwenden von Nachrichten","href":"phtc4361d5a.html","unavailable":true},"pht13f0918f0":{"name":"Beschneiden und Begradigen eines Fotos","href":"pht13f0918f0.html","unavailable":true},"phte0af949f0":{"name":"Anwenden von Filtern auf Fotos","href":"phte0af949f0.html","unavailable":true},"pht56eafa987":{"name":"Anzeigen von Fotos","href":"pht56eafa987.html","unavailable":true},"pht6e593112":{"searchName":"Tastaturkurzbefehle in Fotos","unavailable":true,"name":"Tastaturkurzbefehle","href":"pht6e593112.html"},"pht6e15dbdb":{"name":"Drucken eigener Fotos","href":"pht6e15dbdb.html","unavailable":true},"pht6d975c7d":{"name":"Anzeigen von Videos","href":"pht6d975c7d.html","unavailable":true},"pht98de9846":{"categories":["glossary"],"name":"Ken Burns-Effekt","href":"pht98de9846.html","unavailable":true},"pht6c803201":{"name":"Von einer Kamera oder einem Mobilgerät","href":"pht6c803201.html","unavailable":true},"pht5188d4d20":{"name":"Tastaturkurzbefehlsymbole","href":"pht5188d4d20.html","unavailable":true},"phta48b41fd8":{"name":"Automatisches Optimieren von Fotos","href":"phta48b41fd8.html","unavailable":true},"pht98de9f27":{"categories":["glossary"],"name":"Fotos im RAW-Format","href":"pht98de9f27.html","unavailable":true},"pht1324a500e":{"name":"Verwenden von Apps und Websites","href":"pht1324a500e.html","unavailable":true},"phtdbd88e7a":{"categories":["glossary"],"name":"Fotoalben und intelligente Alben","href":"phtdbd88e7a.html","unavailable":true},"pht337d0a03":{"name":"Anordnen von Fotos","href":"pht337d0a03.html","unavailable":true},"pht64de33e5a":{"name":"Suchen von Fotos nach Text oder Datum","href":"pht64de33e5a.html","unavailable":true},"phtad9d981ab":{"name":"Suchen von Fotos nach Gesichtern","href":"phtad9d981ab.html","unavailable":true},"phtdfcac5c5":{"name":"Verwalten von Abonnenten","href":"phtdfcac5c5.html","unavailable":true},"phtc94a1416":{"name":"Weitere Ressourcen","href":"phtc94a1416.html","unavailable":true},"pht7a4c765b":{"name":"Übersicht","href":"pht7a4c765b.html","unavailable":true},"pht12e7a8015":{"name":"Wo befinden sich meine importieren Dateien?","href":"pht12e7a8015.html","unavailable":true},"phtda5be08b":{"categories":["glossary"],"name":"Schlagwort","href":"phtda5be08b.html","unavailable":true},"pht1d4c62349":{"name":"Verwenden von AirDrop","href":"pht1d4c62349.html","unavailable":true},"phtab5e66ba":{"name":"Formatieren von Text auf einer Grußkarte","href":"phtab5e66ba.html","unavailable":true},"phtc3c7c06e":{"categories":["glossary"],"name":"Bilddateiformate","href":"phtc3c7c06e.html","unavailable":true}},"copyright_text":"Copyright © 2015 Apple Inc. Alle Rechte vorbehalten.","css":""}