{"framework":"apd-framework-9.0.8","title":"Bilder-hjelp","build_id":"55b17b2a680ce2c256ec6e08","icon":"..\/GlobalArt\/AppIconDefault_Photos.png","sections":{"pht15cfd7b0":{"name":"Bruk iCloud-bildedeling","children":["pht7a4c765b","pht013f36be9","phtf7fe6394","pht5f6df5f0","phtdfcac5c5","pht884a8908"]},"pht3e99bb42d":{"name":"Bevegelser og tastatursnarveier","children":["pht2951dfb9","pht6e593112","pht5188d4d20"]},"phtae8c5b29":{"name":"Bestill trykte bilder og prosjekter","children":["pht211dd6d0","pht6e15ea68","pht6e15caf3","pht6e15b35b"]},"pht6d6040d1":{"name":"Vis og organiser bilder","children":["pht56eafa987","pht40b0be510","phtb66b3c010","phta4e5a733f","phtcf31adcc8","pht6d60507a","pht6d975c7d","pht3bfab2f96"]},"pht6c803a97":{"name":"Importer bilder og video","children":["phta58cd90d3","pht3c36b1831","pht6c803201","phtae4e05c67","pht6c804da9","pht12e7a8015"]},"pht2883afa7":{"name":"Opprett kort","children":["pht6e157ba6","pht337d15be","pht6e15aa61","phtab5e66ba","phtab5e72eb"]},"phtb94d9ff5":{"name":"Opprett kalendere","children":["phtb94d7e13","phtb94d7d07","phtb94d9674","phtb94d9019","phtb94da1cb","phtb94d945b"]},"pht6d60507a":{"name":"Organiser bilder i albumer","children":["phtf677b8f5","pht6d60a1f1","pht6d60ca71","pht211de0d6"]},"pht6d609918":{"name":"Organiser Bilder-biblioteket","children":["pht211de786","pht6d60b524","pht6d60d10f","pht6d60348f","pht6be18f93","pht1ed9b966d"]},"phtaec3da2a9":{"name":"Opprett og bestill papirbilder","children":["phtae8c5b29","pht6e15dbdb"]},"phtcf31adcc8":{"name":"Finn bilder","children":["pht64de33e5a","pht8d0ad5198","phtad9d981ab","pht4c00b8ddc"]},"phtae8c6983":{"name":"Opprett bøker","children":["pht6e159147","pht337d0a03","pht337d0fd8","pht6e15c151","phtab5e6905","pht245fde94","phtab5e682b"]},"pht3c36b1831":{"name":"Fra iCloud","children":["phtf5e48489c","phtc0bf4b9bb"]},"pht6e41d50b":{"name":"Del bilder og video","children":["pht15cfd7b0","phtc4361d5a","pht6e4207c4","pht6e41eaff","pht1d4c62349","pht6d97570c","pht1324a500e","pht6e157c5f"]},"pht6dc708cc":{"name":"Forbedre bildene","children":["pht304c2ace6","phta48b41fd8","phtba22db5d6","pht13f0918f0","phte0af949f0","phtf5bf79313","pht5c38b77c5","phte0ee9e101","pht427071907"]},"phtf5bf79313":{"name":"Juster utseendet på bilder","children":["phtc9d389ecc","phtfd442cdbb","pht335dba352"]},"pht6e15d3aa":{"name":"Opprett prosjekter","children":["phtae8c6d40","phtae8c6983","phtb94d9ff5","pht2883afa7"]},"pht5302d0f6":{"name":"Arbeid med Bilder","children":["pht5156cc968","pht6d609918","pht8a576439"]}},"birdseed_version":4,"toc":["pht035bc2c35","pht6c803a97","pht6d6040d1","pht6dc708cc","pht6e41d50b","pht6e15d3aa","phtaec3da2a9","pht5302d0f6","pht3e99bb42d"],"locale":"nb","version":"1.1","enable_tracking":false,"source_schema":"apd-schema","platform":"mac","build_date":"2015.07.23-17:46:27","landing":"pht54710c4e","product":"photos","urls":{},"copyright":"","topics":{"pht6e157ba6":{"name":"Opprett et kort","href":"pht6e157ba6.html","unavailable":true},"phtb94d945b":{"name":"Slett en kalender","href":"phtb94d945b.html","unavailable":true},"pht245fde94":{"name":"Opprett kart i en bok","href":"pht245fde94.html","unavailable":true},"phtb66b3c010":{"name":"Endre hvordan bilder vises","href":"phtb66b3c010.html","unavailable":true},"phta58cd90d3":{"name":"Oversikt","href":"phta58cd90d3.html","unavailable":true},"pht6d60b524":{"name":"Bruk flere biblioteker","href":"pht6d60b524.html","unavailable":true},"pht40b0be510":{"name":"Marker og opphev markering av bilder","href":"pht40b0be510.html","unavailable":true},"pht5706dfc6":{"categories":["glossary"],"name":"iCloud","href":"pht5706dfc6.html","unavailable":true},"pht6d60ca71":{"name":"Opprett smarte albumer","href":"pht6d60ca71.html","unavailable":true},"pht8a576439":{"name":"Få Bilder-oppdateringer","href":"pht8a576439.html","unavailable":true},"pht9bb241b3":{"categories":["glossary"],"name":"markere bilder","href":"pht9bb241b3.html","unavailable":true},"pht5f6df5f0":{"name":"Endre et delt album","href":"pht5f6df5f0.html","unavailable":true},"phtf677b8f5":{"name":"Hva er albumer?","href":"phtf677b8f5.html","unavailable":true},"pht6e15aa61":{"name":"Legg til og fjern bilder","href":"pht6e15aa61.html","unavailable":true},"pht304c2ace6":{"name":"Grunnleggende redigering","href":"pht304c2ace6.html","unavailable":true},"pht211de0d6":{"name":"Opprett mapper","href":"pht211de0d6.html","unavailable":true},"pht427071907":{"name":"Rediger ved hjelp av tillegg","href":"pht427071907.html","unavailable":true},"pht6d60348f":{"name":"Gjenopprett fra Time Machine","href":"pht6d60348f.html","unavailable":true},"phtf5e48489c":{"name":"Fra iCloud-bildebibliotek","href":"phtf5e48489c.html","unavailable":true},"phtc0bf4b9bb":{"name":"Fra Min bildestrøm","href":"phtc0bf4b9bb.html","unavailable":true},"pht6e15b35b":{"name":"Bestill bok, kort eller kalender","href":"pht6e15b35b.html","unavailable":true},"phtfd442cdbb":{"name":"Gjør avanserte justeringer","href":"phtfd442cdbb.html","unavailable":true},"phte0ee9e101":{"name":"Fjern røde øyne","href":"phte0ee9e101.html","unavailable":true},"pht98de9564":{"categories":["glossary"],"name":"mat ut","href":"pht98de9564.html","unavailable":true},"phtc3c7c148":{"categories":["glossary"],"name":"oppslag","href":"phtc3c7c148.html","unavailable":true},"pht6e15c151":{"name":"Arbeid med sider","href":"pht6e15c151.html","unavailable":true},"pht211de786":{"name":"Oversikt","href":"pht211de786.html","unavailable":true},"pht101081c3":{"categories":["glossary"],"name":"miniatyrbilde","href":"pht101081c3.html","unavailable":true},"pht9b4411b24":{"name":"Tastatursnarveier og bevegelser","href":"pht9b4411b24.html","searchName":"Tastatursnarveier i Bilder"},"pht10107b78":{"categories":["glossary"],"name":"størrelsesforhold","href":"pht10107b78.html","unavailable":true},"phtab5e72eb":{"name":"Slett et kort","href":"phtab5e72eb.html","unavailable":true},"pht6d60a1f1":{"name":"Opprett albumer","href":"pht6d60a1f1.html","unavailable":true},"pht884a8908":{"name":"Abonner på albumer","href":"pht884a8908.html","unavailable":true},"phtab5e682b":{"name":"Slett en bok","href":"phtab5e682b.html","unavailable":true},"pht013f36be9":{"name":"Slå av og på bildedeling i iCloud","href":"pht013f36be9.html","unavailable":true},"pht211dd6d0":{"name":"Oversikt","href":"pht211dd6d0.html","unavailable":true},"phtb94d7d07":{"name":"Plasser bilder","href":"phtb94d7d07.html","unavailable":true},"pht6e159147":{"name":"Opprett en bildebok","href":"pht6e159147.html","unavailable":true},"pht335dba352":{"name":"Tilpass Juster-panelet","href":"pht335dba352.html","unavailable":true},"phtba22db5d6":{"name":"Roter bilder","href":"phtba22db5d6.html","unavailable":true},"pht6e41eaff":{"name":"Bruk Facebook, Flickr og Twitter","href":"pht6e41eaff.html","unavailable":true},"phtf7fe6394":{"name":"Opprett et delt album","href":"phtf7fe6394.html","unavailable":true},"pht035bc2c35":{"name":"Oversikt over Bilder","href":"pht035bc2c35.html","unavailable":true},"pht337d15be":{"name":"Plasser bilder","href":"pht337d15be.html","unavailable":true},"pht8d0ad5198":{"name":"Finn bilder etter nøkkelord","href":"pht8d0ad5198.html","unavailable":true},"pht2951dfb9":{"name":"Styreflatebevegelser","href":"pht2951dfb9.html","unavailable":true},"phtb711c0fd":{"categories":["glossary"],"name":"Apple-ID","href":"phtb711c0fd.html","unavailable":true},"pht5156cc968":{"name":"Angi Bilder-valg","href":"pht5156cc968.html","unavailable":true},"phta4e5a733f":{"name":"Vis og legg til bildeinformasjon","href":"phta4e5a733f.html","unavailable":true},"pht337d0fd8":{"name":"Legg til og fjern bilder","href":"pht337d0fd8.html","unavailable":true},"pht54710c4e":{"icon":"..\/GlobalArt\/AppLanding_Photos.png","categories":["landing"],"name":"Bilder-hjelp","href":"pht54710c4e.html"},"pht6e15ea68":{"name":"Bestill profesjonelle papirbilder","href":"pht6e15ea68.html","unavailable":true},"phtb94d7e13":{"name":"Opprett en kalender","href":"phtb94d7e13.html","unavailable":true},"phtae4e05c67":{"name":"Fra lagringsmedier","href":"phtae4e05c67.html","unavailable":true},"phtab5e6905":{"name":"Formater boktekst","href":"phtab5e6905.html","unavailable":true},"pht6e157c5f":{"name":"Eksporter bilder, videoer og lysbildeserier","href":"pht6e157c5f.html","unavailable":true},"pht1ed9b966d":{"name":"Endre hvor Bilder lagrer bildene dine","href":"pht1ed9b966d.html","unavailable":true},"pht6d97570c":{"name":"Bruk iTunes","href":"pht6d97570c.html","unavailable":true},"pht6dc73ede":{"categories":["glossary"],"name":"ikke-destruktiv redigering","href":"pht6dc73ede.html","unavailable":true},"pht4c00b8ddc":{"name":"Vis bilder etter sted","href":"pht4c00b8ddc.html","unavailable":true},"pht3bfab2f96":{"name":"Slett bilder og video","href":"pht3bfab2f96.html","unavailable":true},"pht10107cfa":{"categories":["glossary"],"name":"hovedbilde","href":"pht10107cfa.html","unavailable":true},"phtae8c6d40":{"name":"Opprett lysbildeserier","href":"phtae8c6d40.html","unavailable":true},"pht5c38b77c5":{"name":"Retusjer bilder","href":"pht5c38b77c5.html","unavailable":true},"phtb94d9674":{"name":"Legg til eller fjerne bilder","href":"phtb94d9674.html","unavailable":true},"phtc9d389ecc":{"name":"Juster et bilde","href":"phtc9d389ecc.html","unavailable":true},"phtc3c7b374":{"categories":["glossary"],"name":"SD-kort","href":"phtc3c7b374.html","unavailable":true},"phtb94d9019":{"name":"Endre datoinformasjon","href":"phtb94d9019.html","unavailable":true},"pht6d60d10f":{"name":"Sikkerhetskopier Bilder-biblioteket","href":"pht6d60d10f.html","unavailable":true},"pht6c804da9":{"name":"Fra andre programmer","href":"pht6c804da9.html","unavailable":true},"pht6e15caf3":{"name":"Forbered et prosjekt til utskrift","href":"pht6e15caf3.html","unavailable":true},"phtb94da1cb":{"name":"Formater kalendertekst","href":"phtb94da1cb.html","unavailable":true},"pht6be18f93":{"name":"Reparer biblioteket","href":"pht6be18f93.html","unavailable":true},"pht6e4207c4":{"name":"Bruk Mail","href":"pht6e4207c4.html","unavailable":true},"phtc4361d5a":{"name":"Bruk Meldinger","href":"phtc4361d5a.html","unavailable":true},"pht13f0918f0":{"name":"Beskjær og rett opp bilder","href":"pht13f0918f0.html","unavailable":true},"phte0af949f0":{"name":"Bruk filtre på bilder","href":"phte0af949f0.html","unavailable":true},"pht56eafa987":{"name":"Vis bilder","href":"pht56eafa987.html","unavailable":true},"pht6e593112":{"searchName":"Tastatursnarveier i Bilder","unavailable":true,"name":"Tastatursnarveier","href":"pht6e593112.html"},"pht6e15dbdb":{"name":"Få bildene på papir","href":"pht6e15dbdb.html","unavailable":true},"pht6d975c7d":{"name":"Vis video","href":"pht6d975c7d.html","unavailable":true},"pht98de9846":{"categories":["glossary"],"name":"Ken Burns-effekt","href":"pht98de9846.html","unavailable":true},"pht6c803201":{"name":"Fra et kamera eller en mobil enhet","href":"pht6c803201.html","unavailable":true},"pht5188d4d20":{"name":"Tastatursnarveissymboler","href":"pht5188d4d20.html","unavailable":true},"phta48b41fd8":{"name":"Forbedre bilder automatisk","href":"phta48b41fd8.html","unavailable":true},"pht98de9f27":{"categories":["glossary"],"name":"Bilder i RAW-format","href":"pht98de9f27.html","unavailable":true},"pht1324a500e":{"name":"Bruk andre programmer og nettsteder","href":"pht1324a500e.html","unavailable":true},"phtdbd88e7a":{"categories":["glossary"],"name":"bildealbumer og smarte albumer","href":"phtdbd88e7a.html","unavailable":true},"pht337d0a03":{"name":"Plasser bilder","href":"pht337d0a03.html","unavailable":true},"pht64de33e5a":{"name":"Finn bilder etter tekst eller dato","href":"pht64de33e5a.html","unavailable":true},"phtad9d981ab":{"name":"Finn bilder etter ansikt","href":"phtad9d981ab.html","unavailable":true},"phtdfcac5c5":{"name":"Administrer abonnenter","href":"phtdfcac5c5.html","unavailable":true},"phtc94a1416":{"name":"Flere ressurser","href":"phtc94a1416.html","unavailable":true},"pht7a4c765b":{"name":"Oversikt","href":"pht7a4c765b.html","unavailable":true},"pht12e7a8015":{"name":"Hvor er de importerte filene?","href":"pht12e7a8015.html","unavailable":true},"phtda5be08b":{"categories":["glossary"],"name":"nøkkelord","href":"phtda5be08b.html","unavailable":true},"pht1d4c62349":{"name":"Bruk AirDrop","href":"pht1d4c62349.html","unavailable":true},"phtab5e66ba":{"name":"Formater korttekst","href":"phtab5e66ba.html","unavailable":true},"phtc3c7c06e":{"categories":["glossary"],"name":"bildefilformater","href":"phtc3c7c06e.html","unavailable":true}},"copyright_text":"© 2015 Apple Inc. Alle rettigheter forbeholdes.","css":""}