{"framework":"apd-framework-9.0.8","title":"Aiuto Foto","build_id":"55b17b2f680ce2c256ec6e4a","icon":"..\/GlobalArt\/AppIconDefault_Photos.png","sections":{"pht15cfd7b0":{"name":"Utilizzare “Condivisione foto iCloud”","children":["pht7a4c765b","pht013f36be9","phtf7fe6394","pht5f6df5f0","phtdfcac5c5","pht884a8908"]},"pht3e99bb42d":{"name":"Gesti e abbreviazioni da tastiera","children":["pht2951dfb9","pht6e593112","pht5188d4d20"]},"phtae8c5b29":{"name":"Ordinare foto e progetti stampati","children":["pht211dd6d0","pht6e15ea68","pht6e15caf3","pht6e15b35b"]},"pht6d6040d1":{"name":"Visualizzare e organizzare le foto","children":["pht56eafa987","pht40b0be510","phtb66b3c010","phta4e5a733f","phtcf31adcc8","pht6d60507a","pht6d975c7d","pht3bfab2f96"]},"pht6c803a97":{"name":"Importare foto e video","children":["phta58cd90d3","pht3c36b1831","pht6c803201","phtae4e05c67","pht6c804da9","pht12e7a8015"]},"pht2883afa7":{"name":"Creare biglietti","children":["pht6e157ba6","pht337d15be","pht6e15aa61","phtab5e66ba","phtab5e72eb"]},"phtb94d9ff5":{"name":"Creare calendari","children":["phtb94d7e13","phtb94d7d07","phtb94d9674","phtb94d9019","phtb94da1cb","phtb94d945b"]},"pht6d60507a":{"name":"Organizzare le foto in album","children":["phtf677b8f5","pht6d60a1f1","pht6d60ca71","pht211de0d6"]},"pht6d609918":{"name":"Gestire la libreria di Foto","children":["pht211de786","pht6d60b524","pht6d60d10f","pht6d60348f","pht6be18f93","pht1ed9b966d"]},"phtaec3da2a9":{"name":"Creare e ordinare stampe","children":["phtae8c5b29","pht6e15dbdb"]},"phtcf31adcc8":{"name":"Cerca le foto","children":["pht64de33e5a","pht8d0ad5198","phtad9d981ab","pht4c00b8ddc"]},"phtae8c6983":{"name":"Creare libri","children":["pht6e159147","pht337d0a03","pht337d0fd8","pht6e15c151","phtab5e6905","pht245fde94","phtab5e682b"]},"pht3c36b1831":{"name":"Da iCloud","children":["phtf5e48489c","phtc0bf4b9bb"]},"pht6e41d50b":{"name":"Condividere foto e video","children":["pht15cfd7b0","phtc4361d5a","pht6e4207c4","pht6e41eaff","pht1d4c62349","pht6d97570c","pht1324a500e","pht6e157c5f"]},"pht6dc708cc":{"name":"Migliorare le foto","children":["pht304c2ace6","phta48b41fd8","phtba22db5d6","pht13f0918f0","phte0af949f0","phtf5bf79313","pht5c38b77c5","phte0ee9e101","pht427071907"]},"phtf5bf79313":{"name":"Regolare l'aspetto delle foto","children":["phtc9d389ecc","phtfd442cdbb","pht335dba352"]},"pht6e15d3aa":{"name":"Creare progetti","children":["phtae8c6d40","phtae8c6983","phtb94d9ff5","pht2883afa7"]},"pht5302d0f6":{"name":"Lavorare con Foto","children":["pht5156cc968","pht6d609918","pht8a576439"]}},"birdseed_version":4,"toc":["pht035bc2c35","pht6c803a97","pht6d6040d1","pht6dc708cc","pht6e41d50b","pht6e15d3aa","phtaec3da2a9","pht5302d0f6","pht3e99bb42d"],"locale":"it","version":"1.1","enable_tracking":false,"source_schema":"apd-schema","platform":"mac","build_date":"2015.07.23-17:40:07","landing":"pht54710c4e","product":"photos","urls":{},"copyright":"","topics":{"pht6e157ba6":{"name":"Creare un biglietto","href":"pht6e157ba6.html","unavailable":true},"phtb94d945b":{"name":"Eliminare un calendario","href":"phtb94d945b.html","unavailable":true},"pht245fde94":{"name":"Creare mappe in un libro","href":"pht245fde94.html","unavailable":true},"phtb66b3c010":{"name":"Modificare il modo in cui vengono mostrate le foto","href":"phtb66b3c010.html","unavailable":true},"phta58cd90d3":{"name":"Panoramica","href":"phta58cd90d3.html","unavailable":true},"pht6d60b524":{"name":"Utilizzare più librerie","href":"pht6d60b524.html","unavailable":true},"pht40b0be510":{"name":"Selezionare e deselezionare le foto","href":"pht40b0be510.html","unavailable":true},"pht5706dfc6":{"categories":["glossary"],"name":"iCloud","href":"pht5706dfc6.html","unavailable":true},"pht6d60ca71":{"name":"Creare album smart","href":"pht6d60ca71.html","unavailable":true},"pht8a576439":{"name":"Ottenere gli aggiornamenti di Foto","href":"pht8a576439.html","unavailable":true},"pht9bb241b3":{"categories":["glossary"],"name":"selezionare foto","href":"pht9bb241b3.html","unavailable":true},"pht5f6df5f0":{"name":"Modificare un album condiviso","href":"pht5f6df5f0.html","unavailable":true},"phtf677b8f5":{"name":"Cosa sono gli album?","href":"phtf677b8f5.html","unavailable":true},"pht6e15aa61":{"name":"Aggiungere o rimuovere foto","href":"pht6e15aa61.html","unavailable":true},"pht304c2ace6":{"name":"Nozioni di base sulla modifica","href":"pht304c2ace6.html","unavailable":true},"pht211de0d6":{"name":"Creare cartelle","href":"pht211de0d6.html","unavailable":true},"pht427071907":{"name":"Modificare utilizzando le estensioni","href":"pht427071907.html","unavailable":true},"pht6d60348f":{"name":"Ripristinare da Time Machine","href":"pht6d60348f.html","unavailable":true},"phtf5e48489c":{"name":"Dalla libreria foto di iCloud","href":"phtf5e48489c.html","unavailable":true},"phtc0bf4b9bb":{"name":"Da “Il mio streaming foto”","href":"phtc0bf4b9bb.html","unavailable":true},"pht6e15b35b":{"name":"Ordinare un fotolibro, un biglietto o un calendario","href":"pht6e15b35b.html","unavailable":true},"phtfd442cdbb":{"name":"Effettuare regolazioni avanzate","href":"phtfd442cdbb.html","unavailable":true},"phte0ee9e101":{"name":"Rimuovere gli occhi rossi","href":"phte0ee9e101.html","unavailable":true},"pht98de9564":{"categories":["glossary"],"name":"espelli","href":"pht98de9564.html","unavailable":true},"phtc3c7c148":{"categories":["glossary"],"name":"pagina aperta","href":"phtc3c7c148.html","unavailable":true},"pht6e15c151":{"name":"Lavorare con le pagine","href":"pht6e15c151.html","unavailable":true},"pht211de786":{"name":"Panoramica","href":"pht211de786.html","unavailable":true},"pht101081c3":{"categories":["glossary"],"name":"miniatura","href":"pht101081c3.html","unavailable":true},"pht9b4411b24":{"name":"Abbreviazioni da tastiera e gesti","href":"pht9b4411b24.html","searchName":"Abbreviazioni da tastiera in Foto"},"pht10107b78":{"categories":["glossary"],"name":"proporzione","href":"pht10107b78.html","unavailable":true},"phtab5e72eb":{"name":"Eliminare un biglietto","href":"phtab5e72eb.html","unavailable":true},"pht6d60a1f1":{"name":"Creare album","href":"pht6d60a1f1.html","unavailable":true},"pht884a8908":{"name":"Iscriversi agli album","href":"pht884a8908.html","unavailable":true},"phtab5e682b":{"name":"Eliminare un fotolibro","href":"phtab5e682b.html","unavailable":true},"pht013f36be9":{"name":"Attivare o disattivare “Condivisione foto iCloud”","href":"pht013f36be9.html","unavailable":true},"pht211dd6d0":{"name":"Panoramica","href":"pht211dd6d0.html","unavailable":true},"phtb94d7d07":{"name":"Organizzare foto","href":"phtb94d7d07.html","unavailable":true},"pht6e159147":{"name":"Creare un fotolibro","href":"pht6e159147.html","unavailable":true},"pht335dba352":{"name":"Personalizzare il pannello Regolazioni","href":"pht335dba352.html","unavailable":true},"phtba22db5d6":{"name":"Ruotare le foto","href":"phtba22db5d6.html","unavailable":true},"pht6e41eaff":{"name":"Utilizzare Facebook, Flickr e Twitter","href":"pht6e41eaff.html","unavailable":true},"phtf7fe6394":{"name":"Creare un album condiviso","href":"phtf7fe6394.html","unavailable":true},"pht035bc2c35":{"name":"Panoramica su Foto","href":"pht035bc2c35.html","unavailable":true},"pht337d15be":{"name":"Organizzare foto","href":"pht337d15be.html","unavailable":true},"pht8d0ad5198":{"name":"Cercare le foto per parola chiave","href":"pht8d0ad5198.html","unavailable":true},"pht2951dfb9":{"name":"Gesti del trackpad","href":"pht2951dfb9.html","unavailable":true},"phtb711c0fd":{"categories":["glossary"],"name":"ID Apple","href":"phtb711c0fd.html","unavailable":true},"pht5156cc968":{"name":"Impostare le preferenze di Foto","href":"pht5156cc968.html","unavailable":true},"phta4e5a733f":{"name":"Visualizzare e aggiungere informazioni sulle foto","href":"phta4e5a733f.html","unavailable":true},"pht337d0fd8":{"name":"Aggiungere o rimuovere foto","href":"pht337d0fd8.html","unavailable":true},"pht54710c4e":{"icon":"..\/GlobalArt\/AppLanding_Photos.png","categories":["landing"],"name":"Aiuto Foto","href":"pht54710c4e.html"},"pht6e15ea68":{"name":"Ordinare stampe professionali","href":"pht6e15ea68.html","unavailable":true},"phtb94d7e13":{"name":"Creare un calendario","href":"phtb94d7e13.html","unavailable":true},"phtae4e05c67":{"name":"Da supporti di archiviazione","href":"phtae4e05c67.html","unavailable":true},"phtab5e6905":{"name":"Formattare il testo del fotolibro","href":"phtab5e6905.html","unavailable":true},"pht6e157c5f":{"name":"Esportare foto, video e presentazioni","href":"pht6e157c5f.html","unavailable":true},"pht1ed9b966d":{"name":"Modificare la posizione in cui Foto archivia i file","href":"pht1ed9b966d.html","unavailable":true},"pht6d97570c":{"name":"Utilizzare iTunes","href":"pht6d97570c.html","unavailable":true},"pht6dc73ede":{"categories":["glossary"],"name":"editing non distruttivo","href":"pht6dc73ede.html","unavailable":true},"pht4c00b8ddc":{"name":"Visualizzare le foto per posizione","href":"pht4c00b8ddc.html","unavailable":true},"pht3bfab2f96":{"name":"Eliminare foto e video","href":"pht3bfab2f96.html","unavailable":true},"pht10107cfa":{"categories":["glossary"],"name":"foto chiave","href":"pht10107cfa.html","unavailable":true},"phtae8c6d40":{"name":"Creare presentazioni","href":"phtae8c6d40.html","unavailable":true},"pht5c38b77c5":{"name":"Ritoccare le foto","href":"pht5c38b77c5.html","unavailable":true},"phtb94d9674":{"name":"Aggiungere o rimuovere le foto","href":"phtb94d9674.html","unavailable":true},"phtc9d389ecc":{"name":"Regolare una foto","href":"phtc9d389ecc.html","unavailable":true},"phtc3c7b374":{"categories":["glossary"],"name":"scheda SD","href":"phtc3c7b374.html","unavailable":true},"phtb94d9019":{"name":"Modificare le informazioni relative alla data","href":"phtb94d9019.html","unavailable":true},"pht6d60d10f":{"name":"Eseguire il backup della libreria di Foto","href":"pht6d60d10f.html","unavailable":true},"pht6c804da9":{"name":"Da altre app","href":"pht6c804da9.html","unavailable":true},"pht6e15caf3":{"name":"Preparare un progetto per la stampa","href":"pht6e15caf3.html","unavailable":true},"phtb94da1cb":{"name":"Formattare il testo del calendario","href":"phtb94da1cb.html","unavailable":true},"pht6be18f93":{"name":"Riparare la libreria","href":"pht6be18f93.html","unavailable":true},"pht6e4207c4":{"name":"Utilizzare Mail","href":"pht6e4207c4.html","unavailable":true},"phtc4361d5a":{"name":"Utilizzare Messaggi","href":"phtc4361d5a.html","unavailable":true},"pht13f0918f0":{"name":"Ritagliare e raddrizzare le foto","href":"pht13f0918f0.html","unavailable":true},"phte0af949f0":{"name":"Applicare filtri alle foto","href":"phte0af949f0.html","unavailable":true},"pht56eafa987":{"name":"Visualizzare le foto","href":"pht56eafa987.html","unavailable":true},"pht6e593112":{"searchName":"Abbreviazioni da tastiera in Foto","unavailable":true,"name":"Abbreviazioni da tastiera","href":"pht6e593112.html"},"pht6e15dbdb":{"name":"Stampare le proprie foto","href":"pht6e15dbdb.html","unavailable":true},"pht6d975c7d":{"name":"Visualizzare i video","href":"pht6d975c7d.html","unavailable":true},"pht98de9846":{"categories":["glossary"],"name":"effetto Ken Burns","href":"pht98de9846.html","unavailable":true},"pht6c803201":{"name":"Da una fotocamera o da un dispositivo mobile","href":"pht6c803201.html","unavailable":true},"pht5188d4d20":{"name":"Simboli delle abbreviazioni da tastiera","href":"pht5188d4d20.html","unavailable":true},"phta48b41fd8":{"name":"Ottimizzare automaticamente le foto","href":"phta48b41fd8.html","unavailable":true},"pht98de9f27":{"categories":["glossary"],"name":"Foto in formato RAW","href":"pht98de9f27.html","unavailable":true},"pht1324a500e":{"name":"Utilizzare altre app e siti web","href":"pht1324a500e.html","unavailable":true},"phtdbd88e7a":{"categories":["glossary"],"name":"album di foto e album smart","href":"phtdbd88e7a.html","unavailable":true},"pht337d0a03":{"name":"Organizzare foto","href":"pht337d0a03.html","unavailable":true},"pht64de33e5a":{"name":"Cercare le foto per testo o data","href":"pht64de33e5a.html","unavailable":true},"phtad9d981ab":{"name":"Cercare le foto per volti","href":"phtad9d981ab.html","unavailable":true},"phtdfcac5c5":{"name":"Gestire gli iscritti","href":"phtdfcac5c5.html","unavailable":true},"phtc94a1416":{"name":"Ulteriori risorse","href":"phtc94a1416.html","unavailable":true},"pht7a4c765b":{"name":"Panoramica","href":"pht7a4c765b.html","unavailable":true},"pht12e7a8015":{"name":"Posizione dei i file importati","href":"pht12e7a8015.html","unavailable":true},"phtda5be08b":{"categories":["glossary"],"name":"parola chiave","href":"phtda5be08b.html","unavailable":true},"pht1d4c62349":{"name":"Utilizzare AirDrop","href":"pht1d4c62349.html","unavailable":true},"phtab5e66ba":{"name":"Formattare il testo di un biglietto","href":"phtab5e66ba.html","unavailable":true},"phtc3c7c06e":{"categories":["glossary"],"name":"formati immagine","href":"phtc3c7c06e.html","unavailable":true}},"copyright_text":"© 2015 Apple Inc. Tutti i diritti riservati.","css":""}