{"framework":"apd-framework-9.0.8","title":"Ajuda de Fotografias","build_id":"55b17b25680ce2c256ec6db4","icon":"..\/GlobalArt\/AppIconDefault_Photos.png","sections":{"pht15cfd7b0":{"name":"Usar a Partilha em iCloud","children":["pht7a4c765b","pht013f36be9","phtf7fe6394","pht5f6df5f0","phtdfcac5c5","pht884a8908"]},"pht3e99bb42d":{"name":"Gestos e atalhos de teclado","children":["pht2951dfb9","pht6e593112","pht5188d4d20"]},"phtae8c5b29":{"name":"Encomendar fotografias e projetos impressos","children":["pht211dd6d0","pht6e15ea68","pht6e15caf3","pht6e15b35b"]},"pht6d6040d1":{"name":"Ver e organizar as fotografias","children":["pht56eafa987","pht40b0be510","phtb66b3c010","phta4e5a733f","phtcf31adcc8","pht6d60507a","pht6d975c7d","pht3bfab2f96"]},"pht6c803a97":{"name":"Importar fotografias e vídeo","children":["phta58cd90d3","pht3c36b1831","pht6c803201","phtae4e05c67","pht6c804da9","pht12e7a8015"]},"pht2883afa7":{"name":"Criar cartões","children":["pht6e157ba6","pht337d15be","pht6e15aa61","phtab5e66ba","phtab5e72eb"]},"phtb94d9ff5":{"name":"Criar calendários","children":["phtb94d7e13","phtb94d7d07","phtb94d9674","phtb94d9019","phtb94da1cb","phtb94d945b"]},"pht6d60507a":{"name":"Organizar fotografias em álbuns","children":["phtf677b8f5","pht6d60a1f1","pht6d60ca71","pht211de0d6"]},"pht6d609918":{"name":"Gerir a biblioteca de Fotografias","children":["pht211de786","pht6d60b524","pht6d60d10f","pht6d60348f","pht6be18f93","pht1ed9b966d"]},"phtaec3da2a9":{"name":"Criar e encomendar impressões","children":["phtae8c5b29","pht6e15dbdb"]},"phtcf31adcc8":{"name":"Procurar fotografias","children":["pht64de33e5a","pht8d0ad5198","phtad9d981ab","pht4c00b8ddc"]},"phtae8c6983":{"name":"Criar livros","children":["pht6e159147","pht337d0a03","pht337d0fd8","pht6e15c151","phtab5e6905","pht245fde94","phtab5e682b"]},"pht3c36b1831":{"name":"A partir de iCloud","children":["phtf5e48489c","phtc0bf4b9bb"]},"pht6e41d50b":{"name":"Partilhar fotografias e vídeos","children":["pht15cfd7b0","phtc4361d5a","pht6e4207c4","pht6e41eaff","pht1d4c62349","pht6d97570c","pht1324a500e","pht6e157c5f"]},"pht6dc708cc":{"name":"Melhorar as suas fotografias","children":["pht304c2ace6","phta48b41fd8","phtba22db5d6","pht13f0918f0","phte0af949f0","phtf5bf79313","pht5c38b77c5","phte0ee9e101","pht427071907"]},"phtf5bf79313":{"name":"Ajustar o aspeto das fotografias","children":["phtc9d389ecc","phtfd442cdbb","pht335dba352"]},"pht6e15d3aa":{"name":"Criar projetos","children":["phtae8c6d40","phtae8c6983","phtb94d9ff5","pht2883afa7"]},"pht5302d0f6":{"name":"Trabalhar com Fotografias","children":["pht5156cc968","pht6d609918","pht8a576439"]}},"birdseed_version":4,"toc":["pht035bc2c35","pht6c803a97","pht6d6040d1","pht6dc708cc","pht6e41d50b","pht6e15d3aa","phtaec3da2a9","pht5302d0f6","pht3e99bb42d"],"locale":"pt-pt","version":"1.1","enable_tracking":false,"source_schema":"apd-schema","platform":"mac","build_date":"2015.07.23-16:04:35","landing":"pht54710c4e","product":"photos","urls":{},"copyright":"","topics":{"pht6e157ba6":{"name":"Criar um cartão","href":"pht6e157ba6.html","unavailable":true},"phtb94d945b":{"name":"Apagar um calendário","href":"phtb94d945b.html","unavailable":true},"pht245fde94":{"name":"Criar mapas num livro","href":"pht245fde94.html","unavailable":true},"phtb66b3c010":{"name":"Alterar o modo como as fotografias são apresentadas","href":"phtb66b3c010.html","unavailable":true},"phta58cd90d3":{"name":"Visão geral","href":"phta58cd90d3.html","unavailable":true},"pht6d60b524":{"name":"Utilizar várias bibliotecas","href":"pht6d60b524.html","unavailable":true},"pht40b0be510":{"name":"Seleccionar e anular a selecção de fotografias","href":"pht40b0be510.html","unavailable":true},"pht5706dfc6":{"categories":["glossary"],"name":"iCloud","href":"pht5706dfc6.html","unavailable":true},"pht6d60ca71":{"name":"Criar álbuns inteligentes","href":"pht6d60ca71.html","unavailable":true},"pht8a576439":{"name":"Obter atualizações de Fotografias","href":"pht8a576439.html","unavailable":true},"pht9bb241b3":{"categories":["glossary"],"name":"seleccionar fotografias","href":"pht9bb241b3.html","unavailable":true},"pht5f6df5f0":{"name":"Alterar um álbum partilhado","href":"pht5f6df5f0.html","unavailable":true},"phtf677b8f5":{"name":"O que são álbuns?","href":"phtf677b8f5.html","unavailable":true},"pht6e15aa61":{"name":"Adicionar e remover fotografias","href":"pht6e15aa61.html","unavailable":true},"pht304c2ace6":{"name":"Noções básicas de edição","href":"pht304c2ace6.html","unavailable":true},"pht211de0d6":{"name":"Criar pastas","href":"pht211de0d6.html","unavailable":true},"pht427071907":{"name":"Editar extensões em utilização","href":"pht427071907.html","unavailable":true},"pht6d60348f":{"name":"Restaurar a partir do Time Machine","href":"pht6d60348f.html","unavailable":true},"phtf5e48489c":{"name":"A partir da Fototeca em iCloud","href":"phtf5e48489c.html","unavailable":true},"phtc0bf4b9bb":{"name":"A partir de “A minha partilha”","href":"phtc0bf4b9bb.html","unavailable":true},"pht6e15b35b":{"name":"Encomendar um livro, cartão ou calendário","href":"pht6e15b35b.html","unavailable":true},"phtfd442cdbb":{"name":"Fazer ajustes avançados","href":"phtfd442cdbb.html","unavailable":true},"phte0ee9e101":{"name":"Remover olhos vermelhos","href":"phte0ee9e101.html","unavailable":true},"pht98de9564":{"categories":["glossary"],"name":"ejectar","href":"pht98de9564.html","unavailable":true},"phtc3c7c148":{"categories":["glossary"],"name":"página lado-a-lado","href":"phtc3c7c148.html","unavailable":true},"pht6e15c151":{"name":"Trabalhar com páginas","href":"pht6e15c151.html","unavailable":true},"pht211de786":{"name":"Visão geral","href":"pht211de786.html","unavailable":true},"pht101081c3":{"categories":["glossary"],"name":"miniatura","href":"pht101081c3.html","unavailable":true},"pht9b4411b24":{"name":"Atalhos de teclado e gestos","href":"pht9b4411b24.html","searchName":"Atalhos de teclado de Fotografias"},"pht10107b78":{"categories":["glossary"],"name":"proporções","href":"pht10107b78.html","unavailable":true},"phtab5e72eb":{"name":"Apagar um cartão","href":"phtab5e72eb.html","unavailable":true},"pht6d60a1f1":{"name":"Criar álbuns","href":"pht6d60a1f1.html","unavailable":true},"pht884a8908":{"name":"Assinar álbuns","href":"pht884a8908.html","unavailable":true},"phtab5e682b":{"name":"Apagar um livro","href":"phtab5e682b.html","unavailable":true},"pht013f36be9":{"name":"Ativar ou desativar a Partilha em iCloud","href":"pht013f36be9.html","unavailable":true},"pht211dd6d0":{"name":"Visão geral","href":"pht211dd6d0.html","unavailable":true},"phtb94d7d07":{"name":"Organizar fotografias","href":"phtb94d7d07.html","unavailable":true},"pht6e159147":{"name":"Criar um álbum fotográfico","href":"pht6e159147.html","unavailable":true},"pht335dba352":{"name":"Personalizar o painel Ajustes","href":"pht335dba352.html","unavailable":true},"phtba22db5d6":{"name":"Rodar fotografias","href":"phtba22db5d6.html","unavailable":true},"pht6e41eaff":{"name":"Usar o Facebook, Flickr e Twitter","href":"pht6e41eaff.html","unavailable":true},"phtf7fe6394":{"name":"Criar um álbum partilhado","href":"phtf7fe6394.html","unavailable":true},"pht035bc2c35":{"name":"Visão geral de Fotografias","href":"pht035bc2c35.html","unavailable":true},"pht337d15be":{"name":"Organizar fotografias","href":"pht337d15be.html","unavailable":true},"pht8d0ad5198":{"name":"Procurar fotografias por palavra-chave","href":"pht8d0ad5198.html","unavailable":true},"pht2951dfb9":{"name":"Gestos no trackpad","href":"pht2951dfb9.html","unavailable":true},"phtb711c0fd":{"categories":["glossary"],"name":"ID Apple","href":"phtb711c0fd.html","unavailable":true},"pht5156cc968":{"name":"Definir as preferências de Fotografias","href":"pht5156cc968.html","unavailable":true},"phta4e5a733f":{"name":"Ver e adicionar informação sobre fotografias","href":"phta4e5a733f.html","unavailable":true},"pht337d0fd8":{"name":"Adicionar e remover fotografias","href":"pht337d0fd8.html","unavailable":true},"pht54710c4e":{"icon":"..\/GlobalArt\/AppLanding_Photos.png","categories":["landing"],"name":"Ajuda de Fotografias","href":"pht54710c4e.html"},"pht6e15ea68":{"name":"Encomendar fotografias com qualidade de impressão profissional","href":"pht6e15ea68.html","unavailable":true},"phtb94d7e13":{"name":"Criar um calendário","href":"phtb94d7e13.html","unavailable":true},"phtae4e05c67":{"name":"A partir de suportes de armazenamento","href":"phtae4e05c67.html","unavailable":true},"phtab5e6905":{"name":"Formatar o texto do livro","href":"phtab5e6905.html","unavailable":true},"pht6e157c5f":{"name":"Exportar fotografias, vídeos e diaporamas","href":"pht6e157c5f.html","unavailable":true},"pht1ed9b966d":{"name":"Alterar o local onde Fotografias guarda os ficheiros","href":"pht1ed9b966d.html","unavailable":true},"pht6d97570c":{"name":"Usar o iTunes","href":"pht6d97570c.html","unavailable":true},"pht6dc73ede":{"categories":["glossary"],"name":"edição não destrutiva","href":"pht6dc73ede.html","unavailable":true},"pht4c00b8ddc":{"name":"Ver fotografias por localização","href":"pht4c00b8ddc.html","unavailable":true},"pht3bfab2f96":{"name":"Apagar fotografias e vídeos","href":"pht3bfab2f96.html","unavailable":true},"pht10107cfa":{"categories":["glossary"],"name":"fotografia principal","href":"pht10107cfa.html","unavailable":true},"phtae8c6d40":{"name":"Criar diaporamas","href":"phtae8c6d40.html","unavailable":true},"pht5c38b77c5":{"name":"Retocar fotografias","href":"pht5c38b77c5.html","unavailable":true},"phtb94d9674":{"name":"Adicionar ou remover fotografias","href":"phtb94d9674.html","unavailable":true},"phtc9d389ecc":{"name":"Ajustar uma fotografia","href":"phtc9d389ecc.html","unavailable":true},"phtc3c7b374":{"categories":["glossary"],"name":"cartão SD","href":"phtc3c7b374.html","unavailable":true},"phtb94d9019":{"name":"Alterar a informação da data","href":"phtb94d9019.html","unavailable":true},"pht6d60d10f":{"name":"Efetuar uma cópia de segurança da biblioteca de Fotografias","href":"pht6d60d10f.html","unavailable":true},"pht6c804da9":{"name":"A partir de outras aplicações","href":"pht6c804da9.html","unavailable":true},"pht6e15caf3":{"name":"Preparar um projeto para ser impresso","href":"pht6e15caf3.html","unavailable":true},"phtb94da1cb":{"name":"Formatar o texto do calendário","href":"phtb94da1cb.html","unavailable":true},"pht6be18f93":{"name":"Reparar a biblioteca","href":"pht6be18f93.html","unavailable":true},"pht6e4207c4":{"name":"Usar a aplicação Mail","href":"pht6e4207c4.html","unavailable":true},"phtc4361d5a":{"name":"Usar a aplicação Mensagens","href":"phtc4361d5a.html","unavailable":true},"pht13f0918f0":{"name":"Recortar e endireitar fotografias","href":"pht13f0918f0.html","unavailable":true},"phte0af949f0":{"name":"Aplicar filtros a fotografias","href":"phte0af949f0.html","unavailable":true},"pht56eafa987":{"name":"Ver fotografias","href":"pht56eafa987.html","unavailable":true},"pht6e593112":{"searchName":"Atalhos de teclado de Fotografias","unavailable":true,"name":"Atalhos de teclado","href":"pht6e593112.html"},"pht6e15dbdb":{"name":"Imprimir fotografias","href":"pht6e15dbdb.html","unavailable":true},"pht6d975c7d":{"name":"Ver vídeos","href":"pht6d975c7d.html","unavailable":true},"pht98de9846":{"categories":["glossary"],"name":"efeito Ken Burns","href":"pht98de9846.html","unavailable":true},"pht6c803201":{"name":"A partir de uma câmara ou dispositivo móvel","href":"pht6c803201.html","unavailable":true},"pht5188d4d20":{"name":"Símbolos de atalhos de teclado","href":"pht5188d4d20.html","unavailable":true},"phta48b41fd8":{"name":"Melhorar fotografias automaticamente","href":"phta48b41fd8.html","unavailable":true},"pht98de9f27":{"categories":["glossary"],"name":"fotografias em formato RAW","href":"pht98de9f27.html","unavailable":true},"pht1324a500e":{"name":"Usar outras aplicações e sites","href":"pht1324a500e.html","unavailable":true},"phtdbd88e7a":{"categories":["glossary"],"name":"álbuns de fotografias e álbuns inteligentes","href":"phtdbd88e7a.html","unavailable":true},"pht337d0a03":{"name":"Organizar fotografias","href":"pht337d0a03.html","unavailable":true},"pht64de33e5a":{"name":"Procurar fotografias por texto ou data","href":"pht64de33e5a.html","unavailable":true},"phtad9d981ab":{"name":"Procurar fotografias por rosto","href":"phtad9d981ab.html","unavailable":true},"phtdfcac5c5":{"name":"Gerir assinantes","href":"phtdfcac5c5.html","unavailable":true},"phtc94a1416":{"name":"Mais recursos","href":"phtc94a1416.html","unavailable":true},"pht7a4c765b":{"name":"Visão geral","href":"pht7a4c765b.html","unavailable":true},"pht12e7a8015":{"name":"Onde estão os ficheiros importados?","href":"pht12e7a8015.html","unavailable":true},"phtda5be08b":{"categories":["glossary"],"name":"palavra-chave","href":"phtda5be08b.html","unavailable":true},"pht1d4c62349":{"name":"Usar AirDrop","href":"pht1d4c62349.html","unavailable":true},"phtab5e66ba":{"name":"Formatar o texto do cartão","href":"phtab5e66ba.html","unavailable":true},"phtc3c7c06e":{"categories":["glossary"],"name":"formatos de ficheiros de imagem","href":"phtc3c7c06e.html","unavailable":true}},"copyright_text":"© 2015 Apple Inc. Todos os direitos reservados.","css":""}