{"framework":"apd-framework-9.0.12","title":"「照片」輔助說明","build_id":"55b90a4f680ce24f54e2ba14","icon":"..\/GlobalArt\/AppIconDefault_Photos.png","sections":{"pht15cfd7b0":{"name":"使用「iCloud 照片共享」","children":["pht7a4c765b","pht013f36be9","phtf7fe6394","pht5f6df5f0","phtdfcac5c5","pht884a8908"]},"pht3e99bb42d":{"name":"手勢和鍵盤快速鍵","children":["pht2951dfb9","pht6e593112","pht5188d4d20"]},"phtae8c5b29":{"name":"訂購沖印的照片和計畫案","children":["pht211dd6d0","pht6e15ea68","pht6e15caf3","pht6e15b35b"]},"pht6d6040d1":{"name":"檢視和整理照片","children":["pht56eafa987","pht40b0be510","phtb66b3c010","phta4e5a733f","phtcf31adcc8","pht6d60507a","pht6d975c7d","pht3bfab2f96"]},"pht6c803a97":{"name":"輸入照片和影片","children":["phta58cd90d3","pht3c36b1831","pht6c803201","phtae4e05c67","pht6c804da9","pht12e7a8015"]},"pht2883afa7":{"name":"製作卡片","children":["pht6e157ba6","pht337d15be","pht6e15aa61","phtab5e66ba","phtab5e72eb"]},"phtb94d9ff5":{"name":"製作月曆","children":["phtb94d7e13","phtb94d7d07","phtb94d9674","phtb94d9019","phtb94da1cb","phtb94d945b"]},"pht6d60507a":{"name":"以相簿整理照片","children":["phtf677b8f5","pht6d60a1f1","pht6d60ca71","pht211de0d6"]},"pht6d609918":{"name":"管理「照片」圖庫","children":["pht211de786","pht6d60b524","pht6d60d10f","pht6d60348f","pht6be18f93","pht1ed9b966d"]},"phtaec3da2a9":{"name":"製作和訂購沖印產品","children":["phtae8c5b29","pht6e15dbdb"]},"phtcf31adcc8":{"name":"尋找照片","children":["pht64de33e5a","pht8d0ad5198","phtad9d981ab","pht4c00b8ddc"]},"phtae8c6983":{"name":"製作攝影集","children":["pht6e159147","pht337d0a03","pht337d0fd8","pht6e15c151","phtab5e6905","pht245fde94","phtab5e682b"]},"pht3c36b1831":{"name":"從 iCloud","children":["phtf5e48489c","phtc0bf4b9bb"]},"pht6e41d50b":{"name":"分享照片和影片","children":["pht15cfd7b0","phtc4361d5a","pht6e4207c4","pht6e41eaff","pht1d4c62349","pht6d97570c","pht1324a500e","pht6e157c5f"]},"pht6dc708cc":{"name":"增進照片品質","children":["pht304c2ace6","phta48b41fd8","phtba22db5d6","pht13f0918f0","phte0af949f0","phtf5bf79313","pht5c38b77c5","phte0ee9e101","pht427071907"]},"phtf5bf79313":{"name":"調整照片外觀","children":["phtc9d389ecc","phtfd442cdbb","pht335dba352"]},"pht6e15d3aa":{"name":"製作計畫案","children":["phtae8c6d40","phtae8c6983","phtb94d9ff5","pht2883afa7"]},"pht5302d0f6":{"name":"搭配「照片」使用","children":["pht5156cc968","pht6d609918","pht8a576439"]}},"birdseed_version":4,"toc":["pht035bc2c35","pht6c803a97","pht6d6040d1","pht6dc708cc","pht6e41d50b","pht6e15d3aa","phtaec3da2a9","pht5302d0f6","pht3e99bb42d"],"locale":"zh-tw","version":"1.1","enable_tracking":false,"source_schema":"apd-schema","platform":"mac","build_date":"2015.07.29-10:21:08","landing":"pht54710c4e","product":"photos","urls":{},"copyright":"","topics":{"pht6e157ba6":{"name":"製作卡片","href":"pht6e157ba6.html","unavailable":true},"phtb94d945b":{"name":"刪除月曆","href":"phtb94d945b.html","unavailable":true},"pht245fde94":{"name":"在攝影集中製作地圖","href":"pht245fde94.html","unavailable":true},"phtb66b3c010":{"name":"更改照片的顯示方式","href":"phtb66b3c010.html","unavailable":true},"phta58cd90d3":{"name":"概覽","href":"phta58cd90d3.html","unavailable":true},"pht6d60b524":{"name":"使用多個圖庫","href":"pht6d60b524.html","unavailable":true},"pht40b0be510":{"name":"選取和取消選取照片","href":"pht40b0be510.html","unavailable":true},"pht5706dfc6":{"categories":["glossary"],"name":"iCloud","href":"pht5706dfc6.html","unavailable":true},"pht6d60ca71":{"name":"製作「智慧型相簿」","href":"pht6d60ca71.html","unavailable":true},"pht8a576439":{"name":"讓「照片」保持最新狀態","href":"pht8a576439.html","unavailable":true},"pht9bb241b3":{"categories":["glossary"],"name":"選擇照片","href":"pht9bb241b3.html","unavailable":true},"pht5f6df5f0":{"name":"更改共享的相簿","href":"pht5f6df5f0.html","unavailable":true},"phtf677b8f5":{"name":"相簿是什麼？","href":"phtf677b8f5.html","unavailable":true},"pht6e15aa61":{"name":"加入和移除照片","href":"pht6e15aa61.html","unavailable":true},"pht304c2ace6":{"name":"編輯基本概述","href":"pht304c2ace6.html","unavailable":true},"pht211de0d6":{"name":"製作檔案夾","href":"pht211de0d6.html","unavailable":true},"pht427071907":{"name":"使用延伸功能編輯","href":"pht427071907.html","unavailable":true},"pht6d60348f":{"name":"從 Time Machine 回復","href":"pht6d60348f.html","unavailable":true},"phtf5e48489c":{"name":"從「iCloud 照片圖庫」","href":"phtf5e48489c.html","unavailable":true},"phtc0bf4b9bb":{"name":"從「我的照片串流」","href":"phtc0bf4b9bb.html","unavailable":true},"pht6e15b35b":{"name":"訂購攝影集、卡片或月曆","href":"pht6e15b35b.html","unavailable":true},"phtfd442cdbb":{"name":"進階調整","href":"phtfd442cdbb.html","unavailable":true},"phte0ee9e101":{"name":"移除紅眼","href":"phte0ee9e101.html","unavailable":true},"pht98de9564":{"categories":["glossary"],"name":"退出","href":"pht98de9564.html","unavailable":true},"phtc3c7c148":{"categories":["glossary"],"name":"全開頁面","href":"phtc3c7c148.html","unavailable":true},"pht6e15c151":{"name":"使用頁面","href":"pht6e15c151.html","unavailable":true},"pht211de786":{"name":"概覽","href":"pht211de786.html","unavailable":true},"pht101081c3":{"categories":["glossary"],"name":"縮覽圖","href":"pht101081c3.html","unavailable":true},"pht9b4411b24":{"name":"鍵盤快速鍵與手勢","href":"pht9b4411b24.html","searchName":"「照片」中的鍵盤快速鍵"},"pht10107b78":{"categories":["glossary"],"name":"大小比例","href":"pht10107b78.html","unavailable":true},"phtab5e72eb":{"name":"刪除卡片","href":"phtab5e72eb.html","unavailable":true},"pht6d60a1f1":{"name":"製作相簿","href":"pht6d60a1f1.html","unavailable":true},"pht884a8908":{"name":"訂閱相簿","href":"pht884a8908.html","unavailable":true},"phtab5e682b":{"name":"刪除攝影集","href":"phtab5e682b.html","unavailable":true},"pht013f36be9":{"name":"啟用或關閉「iCloud 照片共享」","href":"pht013f36be9.html","unavailable":true},"pht211dd6d0":{"name":"概覽","href":"pht211dd6d0.html","unavailable":true},"phtb94d7d07":{"name":"排列照片","href":"phtb94d7d07.html","unavailable":true},"pht6e159147":{"name":"製作照片攝影集","href":"pht6e159147.html","unavailable":true},"pht335dba352":{"name":"自定「調整」面板","href":"pht335dba352.html","unavailable":true},"phtba22db5d6":{"name":"旋轉照片","href":"phtba22db5d6.html","unavailable":true},"pht6e41eaff":{"name":"使用 Facebook、Flickr 和 Twitter","href":"pht6e41eaff.html","unavailable":true},"phtf7fe6394":{"name":"製作共享的相簿","href":"phtf7fe6394.html","unavailable":true},"pht035bc2c35":{"name":"「照片」概覽","href":"pht035bc2c35.html","unavailable":true},"pht337d15be":{"name":"排列照片","href":"pht337d15be.html","unavailable":true},"pht8d0ad5198":{"name":"按關鍵字尋找照片","href":"pht8d0ad5198.html","unavailable":true},"pht2951dfb9":{"name":"觸控式軌跡板手勢","href":"pht2951dfb9.html","unavailable":true},"phtb711c0fd":{"categories":["glossary"],"name":"Apple ID","href":"phtb711c0fd.html","unavailable":true},"pht5156cc968":{"name":"設定「照片」偏好設定","href":"pht5156cc968.html","unavailable":true},"phta4e5a733f":{"name":"檢視和加入照片資訊","href":"phta4e5a733f.html","unavailable":true},"pht337d0fd8":{"name":"加入和移除照片","href":"pht337d0fd8.html","unavailable":true},"pht54710c4e":{"icon":"..\/GlobalArt\/AppLanding_Photos.png","categories":["landing"],"name":"「照片」輔助說明","href":"pht54710c4e.html"},"pht6e15ea68":{"name":"訂購專業沖印產品","href":"pht6e15ea68.html","unavailable":true},"phtb94d7e13":{"name":"製作月曆","href":"phtb94d7e13.html","unavailable":true},"phtae4e05c67":{"name":"從儲存媒體","href":"phtae4e05c67.html","unavailable":true},"phtab5e6905":{"name":"修改攝影集的文字格式","href":"phtab5e6905.html","unavailable":true},"pht6e157c5f":{"name":"輸出照片、影片和幻燈片秀","href":"pht6e157c5f.html","unavailable":true},"pht1ed9b966d":{"name":"更改「照片」儲存檔案的位置","href":"pht1ed9b966d.html","unavailable":true},"pht6d97570c":{"name":"使用 iTunes","href":"pht6d97570c.html","unavailable":true},"pht6dc73ede":{"categories":["glossary"],"name":"非破壞性編輯","href":"pht6dc73ede.html","unavailable":true},"pht4c00b8ddc":{"name":"按地點檢視照片","href":"pht4c00b8ddc.html","unavailable":true},"pht3bfab2f96":{"name":"刪除照片和影片","href":"pht3bfab2f96.html","unavailable":true},"pht10107cfa":{"categories":["glossary"],"name":"主要照片","href":"pht10107cfa.html","unavailable":true},"phtae8c6d40":{"name":"製作幻燈片秀","href":"phtae8c6d40.html","unavailable":true},"pht5c38b77c5":{"name":"修飾照片","href":"pht5c38b77c5.html","unavailable":true},"phtb94d9674":{"name":"加入或移除照片","href":"phtb94d9674.html","unavailable":true},"phtc9d389ecc":{"name":"調整照片","href":"phtc9d389ecc.html","unavailable":true},"phtc3c7b374":{"categories":["glossary"],"name":"SD 卡","href":"phtc3c7b374.html","unavailable":true},"phtb94d9019":{"name":"更改日期資訊","href":"phtb94d9019.html","unavailable":true},"pht6d60d10f":{"name":"備份「照片」圖庫","href":"pht6d60d10f.html","unavailable":true},"pht6c804da9":{"name":"從其他 App","href":"pht6c804da9.html","unavailable":true},"pht6e15caf3":{"name":"準備計畫案供沖印","href":"pht6e15caf3.html","unavailable":true},"phtb94da1cb":{"name":"修改月曆的文字格式","href":"phtb94da1cb.html","unavailable":true},"pht6be18f93":{"name":"修復圖庫","href":"pht6be18f93.html","unavailable":true},"pht6e4207c4":{"name":"使用「郵件」","href":"pht6e4207c4.html","unavailable":true},"phtc4361d5a":{"name":"使用「訊息」","href":"phtc4361d5a.html","unavailable":true},"pht13f0918f0":{"name":"裁切和校正照片","href":"pht13f0918f0.html","unavailable":true},"phte0af949f0":{"name":"套用濾鏡到照片","href":"phte0af949f0.html","unavailable":true},"pht56eafa987":{"name":"檢視照片","href":"pht56eafa987.html","unavailable":true},"pht6e593112":{"searchName":"「照片」中的鍵盤快速鍵","unavailable":true,"name":"鍵盤快速鍵","href":"pht6e593112.html"},"pht6e15dbdb":{"name":"列印自己的照片","href":"pht6e15dbdb.html","unavailable":true},"pht6d975c7d":{"name":"檢視影片","href":"pht6d975c7d.html","unavailable":true},"pht98de9846":{"categories":["glossary"],"name":"Ken Burns 特效","href":"pht98de9846.html","unavailable":true},"pht6c803201":{"name":"從相機或從行動裝置","href":"pht6c803201.html","unavailable":true},"pht5188d4d20":{"name":"鍵盤快速鍵符號","href":"pht5188d4d20.html","unavailable":true},"phta48b41fd8":{"name":"自動增強照片","href":"phta48b41fd8.html","unavailable":true},"pht98de9f27":{"categories":["glossary"],"name":"RAW 格式的照片","href":"pht98de9f27.html","unavailable":true},"pht1324a500e":{"name":"使用其他 App 和網站","href":"pht1324a500e.html","unavailable":true},"phtdbd88e7a":{"categories":["glossary"],"name":"照片相簿和「智慧型相簿」","href":"phtdbd88e7a.html","unavailable":true},"pht337d0a03":{"name":"排列照片","href":"pht337d0a03.html","unavailable":true},"pht64de33e5a":{"name":"按文字或日期尋找照片","href":"pht64de33e5a.html","unavailable":true},"phtad9d981ab":{"name":"按面孔尋找照片","href":"phtad9d981ab.html","unavailable":true},"phtdfcac5c5":{"name":"管理訂閱者","href":"phtdfcac5c5.html","unavailable":true},"phtc94a1416":{"name":"更多資源","href":"phtc94a1416.html","unavailable":true},"pht7a4c765b":{"name":"概覽","href":"pht7a4c765b.html","unavailable":true},"pht12e7a8015":{"name":"我輸入的檔案在哪裡？","href":"pht12e7a8015.html","unavailable":true},"phtda5be08b":{"categories":["glossary"],"name":"關鍵字","href":"phtda5be08b.html","unavailable":true},"pht1d4c62349":{"name":"使用 AirDrop","href":"pht1d4c62349.html","unavailable":true},"phtab5e66ba":{"name":"修改卡片的文字格式","href":"phtab5e66ba.html","unavailable":true},"phtc3c7c06e":{"categories":["glossary"],"name":"影像檔案格式","href":"phtc3c7c06e.html","unavailable":true}},"copyright_text":"© 2015 Apple Inc.保留一切權利。","css":""}