{"framework":"apd-framework-9.0.8","title":"写真ヘルプ","build_id":"55b2883d680ce2e924ec5d7a","icon":"..\/GlobalArt\/AppIconDefault_Photos.png","sections":{"pht15cfd7b0":{"name":"iCloud 写真共有を使用する","children":["pht7a4c765b","pht013f36be9","phtf7fe6394","pht5f6df5f0","phtdfcac5c5","pht884a8908"]},"pht3e99bb42d":{"name":"ジェスチャとキーボードショートカット","children":["pht2951dfb9","pht6e593112","pht5188d4d20"]},"phtae8c5b29":{"name":"プリント写真およびプロジェクトを注文する","children":["pht211dd6d0","pht6e15ea68","pht6e15caf3","pht6e15b35b"]},"pht6d6040d1":{"name":"写真を表示する／整理する","children":["pht56eafa987","pht40b0be510","phtb66b3c010","phta4e5a733f","phtcf31adcc8","pht6d60507a","pht6d975c7d","pht3bfab2f96"]},"pht6c803a97":{"name":"写真やビデオを読み込む","children":["phta58cd90d3","pht3c36b1831","pht6c803201","phtae4e05c67","pht6c804da9","pht12e7a8015"]},"pht2883afa7":{"name":"カードを作成する","children":["pht6e157ba6","pht337d15be","pht6e15aa61","phtab5e66ba","phtab5e72eb"]},"phtb94d9ff5":{"name":"カレンダーを作成する","children":["phtb94d7e13","phtb94d7d07","phtb94d9674","phtb94d9019","phtb94da1cb","phtb94d945b"]},"pht6d60507a":{"name":"アルバム内の写真を整理する","children":["phtf677b8f5","pht6d60a1f1","pht6d60ca71","pht211de0d6"]},"pht6d609918":{"name":"写真ライブラリを管理する","children":["pht211de786","pht6d60b524","pht6d60d10f","pht6d60348f","pht6be18f93","pht1ed9b966d"]},"phtaec3da2a9":{"name":"プリントを作成する／注文する","children":["phtae8c5b29","pht6e15dbdb"]},"phtcf31adcc8":{"name":"写真を検索する","children":["pht64de33e5a","pht8d0ad5198","phtad9d981ab","pht4c00b8ddc"]},"phtae8c6983":{"name":"ブックを作成する","children":["pht6e159147","pht337d0a03","pht337d0fd8","pht6e15c151","phtab5e6905","pht245fde94","phtab5e682b"]},"pht3c36b1831":{"name":"iCloud から","children":["phtf5e48489c","phtc0bf4b9bb"]},"pht6e41d50b":{"name":"写真やビデオを共有する","children":["pht15cfd7b0","phtc4361d5a","pht6e4207c4","pht6e41eaff","pht1d4c62349","pht6d97570c","pht1324a500e","pht6e157c5f"]},"pht6dc708cc":{"name":"写真を補正する","children":["pht304c2ace6","phta48b41fd8","phtba22db5d6","pht13f0918f0","phte0af949f0","phtf5bf79313","pht5c38b77c5","phte0ee9e101","pht427071907"]},"phtf5bf79313":{"name":"写真の見た目を調整する","children":["phtc9d389ecc","phtfd442cdbb","pht335dba352"]},"pht6e15d3aa":{"name":"プロジェクトを作成する","children":["phtae8c6d40","phtae8c6983","phtb94d9ff5","pht2883afa7"]},"pht5302d0f6":{"name":"「写真」を操作する","children":["pht5156cc968","pht6d609918","pht8a576439"]}},"birdseed_version":4,"toc":["pht035bc2c35","pht6c803a97","pht6d6040d1","pht6dc708cc","pht6e41d50b","pht6e15d3aa","phtaec3da2a9","pht5302d0f6","pht3e99bb42d"],"locale":"ja","version":"1.1","enable_tracking":false,"source_schema":"apd-schema","platform":"mac","build_date":"2015.07.24-11:53:12","landing":"pht54710c4e","product":"photos","urls":{},"copyright":"","topics":{"pht6e157ba6":{"name":"カードを作成する","href":"pht6e157ba6.html","unavailable":true},"phtb94d945b":{"name":"カレンダーを削除する","href":"phtb94d945b.html","unavailable":true},"pht245fde94":{"name":"ブック内に地図を作成する","href":"pht245fde94.html","unavailable":true},"phtb66b3c010":{"name":"写真の表示方法を変更する","href":"phtb66b3c010.html","unavailable":true},"phta58cd90d3":{"name":"概要","href":"phta58cd90d3.html","unavailable":true},"pht6d60b524":{"name":"複数のライブラリを使用する","href":"pht6d60b524.html","unavailable":true},"pht40b0be510":{"name":"写真を選択する／写真の選択を解除する","href":"pht40b0be510.html","unavailable":true},"pht5706dfc6":{"categories":["glossary"],"name":"iCloud","href":"pht5706dfc6.html","unavailable":true},"pht6d60ca71":{"name":"スマートアルバムを作成する","href":"pht6d60ca71.html","unavailable":true},"pht8a576439":{"name":"「写真」のアップデートを入手する","href":"pht8a576439.html","unavailable":true},"pht9bb241b3":{"categories":["glossary"],"name":"写真を選択する","href":"pht9bb241b3.html","unavailable":true},"pht5f6df5f0":{"name":"共有アルバムを変更する","href":"pht5f6df5f0.html","unavailable":true},"phtf677b8f5":{"name":"アルバムについて","href":"phtf677b8f5.html","unavailable":true},"pht6e15aa61":{"name":"写真を追加する／削除する","href":"pht6e15aa61.html","unavailable":true},"pht304c2ace6":{"name":"編集の基本","href":"pht304c2ace6.html","unavailable":true},"pht211de0d6":{"name":"フォルダを作成する","href":"pht211de0d6.html","unavailable":true},"pht427071907":{"name":"機能拡張を使用して編集する","href":"pht427071907.html","unavailable":true},"pht6d60348f":{"name":"Time Machine から復元する","href":"pht6d60348f.html","unavailable":true},"phtf5e48489c":{"name":"iCloud フォトライブラリから","href":"phtf5e48489c.html","unavailable":true},"phtc0bf4b9bb":{"name":"マイフォトストリームから","href":"phtc0bf4b9bb.html","unavailable":true},"pht6e15b35b":{"name":"ブック、カード、またはカレンダーを注文する","href":"pht6e15b35b.html","unavailable":true},"phtfd442cdbb":{"name":"高度な調整を加える","href":"phtfd442cdbb.html","unavailable":true},"phte0ee9e101":{"name":"赤目を取り除く","href":"phte0ee9e101.html","unavailable":true},"pht98de9564":{"categories":["glossary"],"name":"取り出し","href":"pht98de9564.html","unavailable":true},"phtc3c7c148":{"categories":["glossary"],"name":"見開き","href":"phtc3c7c148.html","unavailable":true},"pht6e15c151":{"name":"ページを操作する","href":"pht6e15c151.html","unavailable":true},"pht211de786":{"name":"概要","href":"pht211de786.html","unavailable":true},"pht101081c3":{"categories":["glossary"],"name":"サムネール","href":"pht101081c3.html","unavailable":true},"pht9b4411b24":{"name":"キーボードショートカットとジェスチャ","href":"pht9b4411b24.html","searchName":"「写真」のキーボードショートカット"},"pht10107b78":{"categories":["glossary"],"name":"縦横比","href":"pht10107b78.html","unavailable":true},"phtab5e72eb":{"name":"カードを削除する","href":"phtab5e72eb.html","unavailable":true},"pht6d60a1f1":{"name":"アルバムを作成する","href":"pht6d60a1f1.html","unavailable":true},"pht884a8908":{"name":"アルバムに参加する","href":"pht884a8908.html","unavailable":true},"phtab5e682b":{"name":"ブックを削除する","href":"phtab5e682b.html","unavailable":true},"pht013f36be9":{"name":"iCloud 写真共有の入／切を切り替える","href":"pht013f36be9.html","unavailable":true},"pht211dd6d0":{"name":"概要","href":"pht211dd6d0.html","unavailable":true},"phtb94d7d07":{"name":"写真をアレンジする","href":"phtb94d7d07.html","unavailable":true},"pht6e159147":{"name":"フォトブックを作成する","href":"pht6e159147.html","unavailable":true},"pht335dba352":{"name":"「調整」パネルをカスタマイズする","href":"pht335dba352.html","unavailable":true},"phtba22db5d6":{"name":"写真を回転する","href":"phtba22db5d6.html","unavailable":true},"pht6e41eaff":{"name":"Facebook、Flickr、および Twitter を使用する","href":"pht6e41eaff.html","unavailable":true},"phtf7fe6394":{"name":"共有アルバムを作成する","href":"phtf7fe6394.html","unavailable":true},"pht035bc2c35":{"name":"「写真」の概要","href":"pht035bc2c35.html","unavailable":true},"pht337d15be":{"name":"写真をアレンジする","href":"pht337d15be.html","unavailable":true},"pht8d0ad5198":{"name":"写真をキーワードで検索する","href":"pht8d0ad5198.html","unavailable":true},"pht2951dfb9":{"name":"トラックパッドのジェスチャ","href":"pht2951dfb9.html","unavailable":true},"phtb711c0fd":{"categories":["glossary"],"name":"Apple ID","href":"phtb711c0fd.html","unavailable":true},"pht5156cc968":{"name":"「写真」環境設定を設定する","href":"pht5156cc968.html","unavailable":true},"phta4e5a733f":{"name":"写真の情報を表示する／追加する","href":"phta4e5a733f.html","unavailable":true},"pht337d0fd8":{"name":"写真を追加する／削除する","href":"pht337d0fd8.html","unavailable":true},"pht54710c4e":{"icon":"..\/GlobalArt\/AppLanding_Photos.png","categories":["landing"],"name":"写真ヘルプ","href":"pht54710c4e.html"},"pht6e15ea68":{"name":"プロ品質のプリントを注文する","href":"pht6e15ea68.html","unavailable":true},"phtb94d7e13":{"name":"カレンダーを作成する","href":"phtb94d7e13.html","unavailable":true},"phtae4e05c67":{"name":"ストレージメディアから","href":"phtae4e05c67.html","unavailable":true},"phtab5e6905":{"name":"ブックのテキストのフォーマットを設定する","href":"phtab5e6905.html","unavailable":true},"pht6e157c5f":{"name":"写真、ビデオ、およびスライドショーを書き出す","href":"pht6e157c5f.html","unavailable":true},"pht1ed9b966d":{"name":"ファイルの保存場所を変更する","href":"pht1ed9b966d.html","unavailable":true},"pht6d97570c":{"name":"iTunes を使用する","href":"pht6d97570c.html","unavailable":true},"pht6dc73ede":{"categories":["glossary"],"name":"非破壊編集","href":"pht6dc73ede.html","unavailable":true},"pht4c00b8ddc":{"name":"写真を場所ごとに表示する","href":"pht4c00b8ddc.html","unavailable":true},"pht3bfab2f96":{"name":"写真やビデオを削除する","href":"pht3bfab2f96.html","unavailable":true},"pht10107cfa":{"categories":["glossary"],"name":"キー写真","href":"pht10107cfa.html","unavailable":true},"phtae8c6d40":{"name":"スライドショーを作成する","href":"phtae8c6d40.html","unavailable":true},"pht5c38b77c5":{"name":"写真をレタッチする","href":"pht5c38b77c5.html","unavailable":true},"phtb94d9674":{"name":"写真を追加する／削除する","href":"phtb94d9674.html","unavailable":true},"phtc9d389ecc":{"name":"写真を調整する","href":"phtc9d389ecc.html","unavailable":true},"phtc3c7b374":{"categories":["glossary"],"name":"SD カード","href":"phtc3c7b374.html","unavailable":true},"phtb94d9019":{"name":"日付の情報を変更する","href":"phtb94d9019.html","unavailable":true},"pht6d60d10f":{"name":"写真ライブラリのバックアップを作成する","href":"pht6d60d10f.html","unavailable":true},"pht6c804da9":{"name":"ほかのアプリケーションから","href":"pht6c804da9.html","unavailable":true},"pht6e15caf3":{"name":"プリントするプロジェクトを準備する","href":"pht6e15caf3.html","unavailable":true},"phtb94da1cb":{"name":"カレンダーのテキストのフォーマットを設定する","href":"phtb94da1cb.html","unavailable":true},"pht6be18f93":{"name":"ライブラリを修復する","href":"pht6be18f93.html","unavailable":true},"pht6e4207c4":{"name":"「メール」を使用する","href":"pht6e4207c4.html","unavailable":true},"phtc4361d5a":{"name":"「メッセージ」を使用する","href":"phtc4361d5a.html","unavailable":true},"pht13f0918f0":{"name":"写真をトリミングする／傾きを補正する","href":"pht13f0918f0.html","unavailable":true},"phte0af949f0":{"name":"写真にフィルタを適用する","href":"phte0af949f0.html","unavailable":true},"pht56eafa987":{"name":"写真を表示する","href":"pht56eafa987.html","unavailable":true},"pht6e593112":{"searchName":"「写真」のキーボードショートカット","unavailable":true,"name":"キーボードショートカット","href":"pht6e593112.html"},"pht6e15dbdb":{"name":"独自の写真をプリントする","href":"pht6e15dbdb.html","unavailable":true},"pht6d975c7d":{"name":"ビデオを表示する","href":"pht6d975c7d.html","unavailable":true},"pht98de9846":{"categories":["glossary"],"name":"Ken Burns エフェクト","href":"pht98de9846.html","unavailable":true},"pht6c803201":{"name":"カメラまたはモバイルデバイスから","href":"pht6c803201.html","unavailable":true},"pht5188d4d20":{"name":"キーボードショートカット記号","href":"pht5188d4d20.html","unavailable":true},"phta48b41fd8":{"name":"写真を自動補正する","href":"phta48b41fd8.html","unavailable":true},"pht98de9f27":{"categories":["glossary"],"name":"RAW フォーマットの写真","href":"pht98de9f27.html","unavailable":true},"pht1324a500e":{"name":"ほかのアプリケーションや Web サイトを使用する","href":"pht1324a500e.html","unavailable":true},"phtdbd88e7a":{"categories":["glossary"],"name":"フォトアルバムとスマートアルバム","href":"phtdbd88e7a.html","unavailable":true},"pht337d0a03":{"name":"写真をアレンジする","href":"pht337d0a03.html","unavailable":true},"pht64de33e5a":{"name":"写真をテキストまたは日付で検索する","href":"pht64de33e5a.html","unavailable":true},"phtad9d981ab":{"name":"写真を人で検索する","href":"phtad9d981ab.html","unavailable":true},"phtdfcac5c5":{"name":"参加者を管理する","href":"phtdfcac5c5.html","unavailable":true},"phtc94a1416":{"name":"その他のリソース","href":"phtc94a1416.html","unavailable":true},"pht7a4c765b":{"name":"概要","href":"pht7a4c765b.html","unavailable":true},"pht12e7a8015":{"name":"読み込んだファイルが保存される場所","href":"pht12e7a8015.html","unavailable":true},"phtda5be08b":{"categories":["glossary"],"name":"キーワード","href":"phtda5be08b.html","unavailable":true},"pht1d4c62349":{"name":"AirDrop を使用する","href":"pht1d4c62349.html","unavailable":true},"phtab5e66ba":{"name":"カードのテキストのフォーマットを設定する","href":"phtab5e66ba.html","unavailable":true},"phtc3c7c06e":{"categories":["glossary"],"name":"イメージ・ファイル・フォーマット","href":"phtc3c7c06e.html","unavailable":true}},"copyright_text":"© 2015 Apple Inc.All rights reserved.","css":""}