{"framework":"apd-framework-9.0.8","title":"Bantuan Foto","build_id":"55b17b27680ce2c256ec6dd8","icon":"..\/GlobalArt\/AppIconDefault_Photos.png","sections":{"pht15cfd7b0":{"name":"Menggunakan Berbagi Foto iCloud","children":["pht7a4c765b","pht013f36be9","phtf7fe6394","pht5f6df5f0","phtdfcac5c5","pht884a8908"]},"pht3e99bb42d":{"name":"Gerakan dan pintasan papan ketik","children":["pht2951dfb9","pht6e593112","pht5188d4d20"]},"phtae8c5b29":{"name":"Memesan cetakan foto dan proyek","children":["pht211dd6d0","pht6e15ea68","pht6e15caf3","pht6e15b35b"]},"pht6d6040d1":{"name":"Melihat dan mengatur foto Anda","children":["pht56eafa987","pht40b0be510","phtb66b3c010","phta4e5a733f","phtcf31adcc8","pht6d60507a","pht6d975c7d","pht3bfab2f96"]},"pht6c803a97":{"name":"Mengimpor foto dan video","children":["phta58cd90d3","pht3c36b1831","pht6c803201","phtae4e05c67","pht6c804da9","pht12e7a8015"]},"pht2883afa7":{"name":"Membuat kartu","children":["pht6e157ba6","pht337d15be","pht6e15aa61","phtab5e66ba","phtab5e72eb"]},"phtb94d9ff5":{"name":"Membuat kalender","children":["phtb94d7e13","phtb94d7d07","phtb94d9674","phtb94d9019","phtb94da1cb","phtb94d945b"]},"pht6d60507a":{"name":"Mengatur foto di album","children":["phtf677b8f5","pht6d60a1f1","pht6d60ca71","pht211de0d6"]},"pht6d609918":{"name":"Mengelola perpustakaan Foto Anda","children":["pht211de786","pht6d60b524","pht6d60d10f","pht6d60348f","pht6be18f93","pht1ed9b966d"]},"phtaec3da2a9":{"name":"Membuat dan memesan cetakan","children":["phtae8c5b29","pht6e15dbdb"]},"phtcf31adcc8":{"name":"Menemukan foto","children":["pht64de33e5a","pht8d0ad5198","phtad9d981ab","pht4c00b8ddc"]},"phtae8c6983":{"name":"Membuat buku","children":["pht6e159147","pht337d0a03","pht337d0fd8","pht6e15c151","phtab5e6905","pht245fde94","phtab5e682b"]},"pht3c36b1831":{"name":"Dari iCloud","children":["phtf5e48489c","phtc0bf4b9bb"]},"pht6e41d50b":{"name":"Berbagi foto dan video","children":["pht15cfd7b0","phtc4361d5a","pht6e4207c4","pht6e41eaff","pht1d4c62349","pht6d97570c","pht1324a500e","pht6e157c5f"]},"pht6dc708cc":{"name":"Meningkatkan foto Anda","children":["pht304c2ace6","phta48b41fd8","phtba22db5d6","pht13f0918f0","phte0af949f0","phtf5bf79313","pht5c38b77c5","phte0ee9e101","pht427071907"]},"phtf5bf79313":{"name":"Menyesuaikan tampilan foto","children":["phtc9d389ecc","phtfd442cdbb","pht335dba352"]},"pht6e15d3aa":{"name":"Membuat proyek","children":["phtae8c6d40","phtae8c6983","phtb94d9ff5","pht2883afa7"]},"pht5302d0f6":{"name":"Bekerja dengan Foto","children":["pht5156cc968","pht6d609918","pht8a576439"]}},"birdseed_version":4,"toc":["pht035bc2c35","pht6c803a97","pht6d6040d1","pht6dc708cc","pht6e41d50b","pht6e15d3aa","phtaec3da2a9","pht5302d0f6","pht3e99bb42d"],"locale":"id","version":"1.1","enable_tracking":false,"source_schema":"apd-schema","platform":"mac","build_date":"2015.07.23-17:21:02","landing":"pht54710c4e","product":"photos","urls":{},"copyright":"","topics":{"pht6e157ba6":{"name":"Membuat kartu","href":"pht6e157ba6.html","unavailable":true},"phtb94d945b":{"name":"Menghapus kalender","href":"phtb94d945b.html","unavailable":true},"pht245fde94":{"name":"Membuat peta di buku","href":"pht245fde94.html","unavailable":true},"phtb66b3c010":{"name":"Mengubah cara foto ditampilkan","href":"phtb66b3c010.html","unavailable":true},"phta58cd90d3":{"name":"Tinjauan","href":"phta58cd90d3.html","unavailable":true},"pht6d60b524":{"name":"Menggunakan beberapa perpustakaan","href":"pht6d60b524.html","unavailable":true},"pht40b0be510":{"name":"Memilih dan membatalkan pilihan foto","href":"pht40b0be510.html","unavailable":true},"pht5706dfc6":{"categories":["glossary"],"name":"iCloud","href":"pht5706dfc6.html","unavailable":true},"pht6d60ca71":{"name":"Membuat Album Cerdas","href":"pht6d60ca71.html","unavailable":true},"pht8a576439":{"name":"Mendapatkan pembaruan Foto","href":"pht8a576439.html","unavailable":true},"pht9bb241b3":{"categories":["glossary"],"name":"memilih foto","href":"pht9bb241b3.html","unavailable":true},"pht5f6df5f0":{"name":"Mengubah album bersama","href":"pht5f6df5f0.html","unavailable":true},"phtf677b8f5":{"name":"Apa itu album?","href":"phtf677b8f5.html","unavailable":true},"pht6e15aa61":{"name":"Menambah dan menghapus foto","href":"pht6e15aa61.html","unavailable":true},"pht304c2ace6":{"name":"Dasar-dasar pengeditan","href":"pht304c2ace6.html","unavailable":true},"pht211de0d6":{"name":"Membuat folder","href":"pht211de0d6.html","unavailable":true},"pht427071907":{"name":"Mengedit menggunakan ekstensi","href":"pht427071907.html","unavailable":true},"pht6d60348f":{"name":"Memulihkan dari Time Machine","href":"pht6d60348f.html","unavailable":true},"phtf5e48489c":{"name":"Dari Perpustakaan Foto iCloud","href":"phtf5e48489c.html","unavailable":true},"phtc0bf4b9bb":{"name":"Dari Stream Foto Saya","href":"phtc0bf4b9bb.html","unavailable":true},"pht6e15b35b":{"name":"Memesan buku, kartu, atau kalender","href":"pht6e15b35b.html","unavailable":true},"phtfd442cdbb":{"name":"Membuat penyesuaian lanjutan","href":"phtfd442cdbb.html","unavailable":true},"phte0ee9e101":{"name":"Menghapus mata merah","href":"phte0ee9e101.html","unavailable":true},"pht98de9564":{"categories":["glossary"],"name":"keluarkan","href":"pht98de9564.html","unavailable":true},"phtc3c7c148":{"categories":["glossary"],"name":"sebaran halaman","href":"phtc3c7c148.html","unavailable":true},"pht6e15c151":{"name":"Bekerja dengan halaman","href":"pht6e15c151.html","unavailable":true},"pht211de786":{"name":"Tinjauan","href":"pht211de786.html","unavailable":true},"pht101081c3":{"categories":["glossary"],"name":"gambar mini","href":"pht101081c3.html","unavailable":true},"pht9b4411b24":{"name":"Pintasan papan ketik dan gerakan","href":"pht9b4411b24.html","searchName":"Pintasan papan ketik di Foto"},"pht10107b78":{"categories":["glossary"],"name":"rasio ukuran","href":"pht10107b78.html","unavailable":true},"phtab5e72eb":{"name":"Menghapus kartu","href":"phtab5e72eb.html","unavailable":true},"pht6d60a1f1":{"name":"Membuat album","href":"pht6d60a1f1.html","unavailable":true},"pht884a8908":{"name":"Berlangganan album","href":"pht884a8908.html","unavailable":true},"phtab5e682b":{"name":"Menghapus buku","href":"phtab5e682b.html","unavailable":true},"pht013f36be9":{"name":"Menyalakan atau mematikan Berbagi Foto iCloud","href":"pht013f36be9.html","unavailable":true},"pht211dd6d0":{"name":"Tinjauan","href":"pht211dd6d0.html","unavailable":true},"phtb94d7d07":{"name":"Menyusun foto","href":"phtb94d7d07.html","unavailable":true},"pht6e159147":{"name":"Membuat buku foto","href":"pht6e159147.html","unavailable":true},"pht335dba352":{"name":"Menyesuaikan panel Penyesuaian","href":"pht335dba352.html","unavailable":true},"phtba22db5d6":{"name":"Memutar foto","href":"phtba22db5d6.html","unavailable":true},"pht6e41eaff":{"name":"Menggunakan Facebook, Flickr, dan Twitter","href":"pht6e41eaff.html","unavailable":true},"phtf7fe6394":{"name":"Membuat album bersama","href":"phtf7fe6394.html","unavailable":true},"pht035bc2c35":{"name":"Tinjauan Foto","href":"pht035bc2c35.html","unavailable":true},"pht337d15be":{"name":"Menyusun foto","href":"pht337d15be.html","unavailable":true},"pht8d0ad5198":{"name":"Menemukan foto menurut kata kunci","href":"pht8d0ad5198.html","unavailable":true},"pht2951dfb9":{"name":"Gerakan trackpad","href":"pht2951dfb9.html","unavailable":true},"phtb711c0fd":{"categories":["glossary"],"name":"ID Apple","href":"phtb711c0fd.html","unavailable":true},"pht5156cc968":{"name":"Mengatur preferensi Foto","href":"pht5156cc968.html","unavailable":true},"phta4e5a733f":{"name":"Melihat dan menambahkan informasi foto","href":"phta4e5a733f.html","unavailable":true},"pht337d0fd8":{"name":"Menambah dan menghapus foto","href":"pht337d0fd8.html","unavailable":true},"pht54710c4e":{"icon":"..\/GlobalArt\/AppLanding_Photos.png","categories":["landing"],"name":"Bantuan Foto","href":"pht54710c4e.html"},"pht6e15ea68":{"name":"Memesan cetakan profesional","href":"pht6e15ea68.html","unavailable":true},"phtb94d7e13":{"name":"Membuat kalender","href":"phtb94d7e13.html","unavailable":true},"phtae4e05c67":{"name":"Dari media penyimpanan","href":"phtae4e05c67.html","unavailable":true},"phtab5e6905":{"name":"Memformat teks buku","href":"phtab5e6905.html","unavailable":true},"pht6e157c5f":{"name":"Mengekspor foto, video, dan pertunjukan slide","href":"pht6e157c5f.html","unavailable":true},"pht1ed9b966d":{"name":"Mengubah lokasi penyimpanan file Foto","href":"pht1ed9b966d.html","unavailable":true},"pht6d97570c":{"name":"Menggunakan iTunes","href":"pht6d97570c.html","unavailable":true},"pht6dc73ede":{"categories":["glossary"],"name":"pengeditan nondestruktif","href":"pht6dc73ede.html","unavailable":true},"pht4c00b8ddc":{"name":"Menampilkan foto menurut lokasi","href":"pht4c00b8ddc.html","unavailable":true},"pht3bfab2f96":{"name":"Menghapus foto dan video","href":"pht3bfab2f96.html","unavailable":true},"pht10107cfa":{"categories":["glossary"],"name":"foto utama","href":"pht10107cfa.html","unavailable":true},"phtae8c6d40":{"name":"Membuat pertunjukan slide","href":"phtae8c6d40.html","unavailable":true},"pht5c38b77c5":{"name":"Memperbaiki foto","href":"pht5c38b77c5.html","unavailable":true},"phtb94d9674":{"name":"Menambah atau menghapus foto","href":"phtb94d9674.html","unavailable":true},"phtc9d389ecc":{"name":"Menyesuaikan foto","href":"phtc9d389ecc.html","unavailable":true},"phtc3c7b374":{"categories":["glossary"],"name":"kartu SD","href":"phtc3c7b374.html","unavailable":true},"phtb94d9019":{"name":"Mengubah informasi tanggal","href":"phtb94d9019.html","unavailable":true},"pht6d60d10f":{"name":"Mencadangkan perpustakaan Foto Anda","href":"pht6d60d10f.html","unavailable":true},"pht6c804da9":{"name":"Dari app lain","href":"pht6c804da9.html","unavailable":true},"pht6e15caf3":{"name":"Menyiapkan proyek untuk dicetak","href":"pht6e15caf3.html","unavailable":true},"phtb94da1cb":{"name":"Memformat teks kalender","href":"phtb94da1cb.html","unavailable":true},"pht6be18f93":{"name":"Memperbaiki perpustakaan Anda","href":"pht6be18f93.html","unavailable":true},"pht6e4207c4":{"name":"Menggunakan Mail","href":"pht6e4207c4.html","unavailable":true},"phtc4361d5a":{"name":"Menggunakan Pesan","href":"phtc4361d5a.html","unavailable":true},"pht13f0918f0":{"name":"Memotong dan meluruskan foto","href":"pht13f0918f0.html","unavailable":true},"phte0af949f0":{"name":"Menerapkan filter ke foto","href":"phte0af949f0.html","unavailable":true},"pht56eafa987":{"name":"Melihat foto","href":"pht56eafa987.html","unavailable":true},"pht6e593112":{"searchName":"Pintasan papan ketik di Foto","unavailable":true,"name":"Pintasan papan ketik","href":"pht6e593112.html"},"pht6e15dbdb":{"name":"Mencetak foto Anda sendiri","href":"pht6e15dbdb.html","unavailable":true},"pht6d975c7d":{"name":"Melihat video","href":"pht6d975c7d.html","unavailable":true},"pht98de9846":{"categories":["glossary"],"name":"Efek Ken Burns","href":"pht98de9846.html","unavailable":true},"pht6c803201":{"name":"Dari kamera atau perangkat seluler","href":"pht6c803201.html","unavailable":true},"pht5188d4d20":{"name":"Simbol pintasan papan ketik","href":"pht5188d4d20.html","unavailable":true},"phta48b41fd8":{"name":"Meningkatkan foto secara otomatis","href":"phta48b41fd8.html","unavailable":true},"pht98de9f27":{"categories":["glossary"],"name":"foto dengan format RAW","href":"pht98de9f27.html","unavailable":true},"pht1324a500e":{"name":"Menggunakan app lain dan situs web","href":"pht1324a500e.html","unavailable":true},"phtdbd88e7a":{"categories":["glossary"],"name":"album foto dan Album Cerdas","href":"phtdbd88e7a.html","unavailable":true},"pht337d0a03":{"name":"Menyusun foto","href":"pht337d0a03.html","unavailable":true},"pht64de33e5a":{"name":"Menemukan foto menurut teks atau tanggal","href":"pht64de33e5a.html","unavailable":true},"phtad9d981ab":{"name":"Menemukan foto menurut wajah","href":"phtad9d981ab.html","unavailable":true},"phtdfcac5c5":{"name":"Mengelola pelanggan","href":"phtdfcac5c5.html","unavailable":true},"phtc94a1416":{"name":"Sumber daya lainnya","href":"phtc94a1416.html","unavailable":true},"pht7a4c765b":{"name":"Tinjauan","href":"pht7a4c765b.html","unavailable":true},"pht12e7a8015":{"name":"Di mana file saya yang telah diimpor?","href":"pht12e7a8015.html","unavailable":true},"phtda5be08b":{"categories":["glossary"],"name":"kata sandi","href":"phtda5be08b.html","unavailable":true},"pht1d4c62349":{"name":"Menggunakan AirDrop","href":"pht1d4c62349.html","unavailable":true},"phtab5e66ba":{"name":"Memformat teks kartu","href":"phtab5e66ba.html","unavailable":true},"phtc3c7c06e":{"categories":["glossary"],"name":"format file gambar","href":"phtc3c7c06e.html","unavailable":true}},"copyright_text":"© 2015 Apple Inc. Semua hak cipta dilindungi undang-undang.","css":""}