{"framework":"apd-framework-9.0.8","title":"Fotoğraflar Yardım","build_id":"55b17b2f680ce2c256ec6e50","icon":"..\/GlobalArt\/AppIconDefault_Photos.png","sections":{"pht15cfd7b0":{"name":"iCloud Fotoğraf Paylaşma’yı kullanma","children":["pht7a4c765b","pht013f36be9","phtf7fe6394","pht5f6df5f0","phtdfcac5c5","pht884a8908"]},"pht3e99bb42d":{"name":"Hareketler ve klavye kestirmeleri","children":["pht2951dfb9","pht6e593112","pht5188d4d20"]},"phtae8c5b29":{"name":"Basılı fotoğraflar ve projeler sipariş etme","children":["pht211dd6d0","pht6e15ea68","pht6e15caf3","pht6e15b35b"]},"pht6d6040d1":{"name":"Fotoğraflarınızı görüntüleme ve düzenleme","children":["pht56eafa987","pht40b0be510","phtb66b3c010","phta4e5a733f","phtcf31adcc8","pht6d60507a","pht6d975c7d","pht3bfab2f96"]},"pht6c803a97":{"name":"Fotoğrafları ve videoları içe aktarma","children":["phta58cd90d3","pht3c36b1831","pht6c803201","phtae4e05c67","pht6c804da9","pht12e7a8015"]},"pht2883afa7":{"name":"Kart yaratma","children":["pht6e157ba6","pht337d15be","pht6e15aa61","phtab5e66ba","phtab5e72eb"]},"phtb94d9ff5":{"name":"Takvim yaratma","children":["phtb94d7e13","phtb94d7d07","phtb94d9674","phtb94d9019","phtb94da1cb","phtb94d945b"]},"pht6d60507a":{"name":"Fotoğraflar albümlerde düzenleme","children":["phtf677b8f5","pht6d60a1f1","pht6d60ca71","pht211de0d6"]},"pht6d609918":{"name":"Fotoğraflar arşivinizi yönetme","children":["pht211de786","pht6d60b524","pht6d60d10f","pht6d60348f","pht6be18f93","pht1ed9b966d"]},"phtaec3da2a9":{"name":"Baskı yaratma ve sipariş etme","children":["phtae8c5b29","pht6e15dbdb"]},"phtcf31adcc8":{"name":"Fotoğrafları bulma","children":["pht64de33e5a","pht8d0ad5198","phtad9d981ab","pht4c00b8ddc"]},"phtae8c6983":{"name":"Kitaplar yaratma","children":["pht6e159147","pht337d0a03","pht337d0fd8","pht6e15c151","phtab5e6905","pht245fde94","phtab5e682b"]},"pht3c36b1831":{"name":"iCloud'dan","children":["phtf5e48489c","phtc0bf4b9bb"]},"pht6e41d50b":{"name":"Fotoğraf ve video paylaşımı","children":["pht15cfd7b0","phtc4361d5a","pht6e4207c4","pht6e41eaff","pht1d4c62349","pht6d97570c","pht1324a500e","pht6e157c5f"]},"pht6dc708cc":{"name":"Fotoğraflarınızı iyileştirme","children":["pht304c2ace6","phta48b41fd8","phtba22db5d6","pht13f0918f0","phte0af949f0","phtf5bf79313","pht5c38b77c5","phte0ee9e101","pht427071907"]},"phtf5bf79313":{"name":"Fotoğrafların görünümünü ayarlama","children":["phtc9d389ecc","phtfd442cdbb","pht335dba352"]},"pht6e15d3aa":{"name":"Projeler yaratma","children":["phtae8c6d40","phtae8c6983","phtb94d9ff5","pht2883afa7"]},"pht5302d0f6":{"name":"Fotoğraflar ile çalışma","children":["pht5156cc968","pht6d609918","pht8a576439"]}},"birdseed_version":4,"toc":["pht035bc2c35","pht6c803a97","pht6d6040d1","pht6dc708cc","pht6e41d50b","pht6e15d3aa","phtaec3da2a9","pht5302d0f6","pht3e99bb42d"],"locale":"tr","version":"1.1","enable_tracking":false,"source_schema":"apd-schema","platform":"mac","build_date":"2015.07.23-17:32:28","landing":"pht54710c4e","product":"photos","urls":{},"copyright":"","topics":{"pht6e157ba6":{"name":"Kart yaratma","href":"pht6e157ba6.html","unavailable":true},"phtb94d945b":{"name":"Takvimi silme","href":"phtb94d945b.html","unavailable":true},"pht245fde94":{"name":"Bir kitapta harita yaratma","href":"pht245fde94.html","unavailable":true},"phtb66b3c010":{"name":"Fotoğrafların nasıl görüntüleneceğini değiştirme","href":"phtb66b3c010.html","unavailable":true},"phta58cd90d3":{"name":"Genel Bilgiler","href":"phta58cd90d3.html","unavailable":true},"pht6d60b524":{"name":"Birden fazla arşiv kullanma","href":"pht6d60b524.html","unavailable":true},"pht40b0be510":{"name":"Fotoğrafları seçme ve seçimlerini kaldırma","href":"pht40b0be510.html","unavailable":true},"pht5706dfc6":{"categories":["glossary"],"name":"iCloud","href":"pht5706dfc6.html","unavailable":true},"pht6d60ca71":{"name":"Akıllı Albümler yaratma","href":"pht6d60ca71.html","unavailable":true},"pht8a576439":{"name":"Fotoğraflar güncellemelerini alma","href":"pht8a576439.html","unavailable":true},"pht9bb241b3":{"categories":["glossary"],"name":"fotoğrafları seçme","href":"pht9bb241b3.html","unavailable":true},"pht5f6df5f0":{"name":"Paylaşılan albümü değiştirme","href":"pht5f6df5f0.html","unavailable":true},"phtf677b8f5":{"name":"Albüm nedir?","href":"phtf677b8f5.html","unavailable":true},"pht6e15aa61":{"name":"Fotoğrafları ekleme ve silme","href":"pht6e15aa61.html","unavailable":true},"pht304c2ace6":{"name":"Temel düzenleme bilgileri","href":"pht304c2ace6.html","unavailable":true},"pht211de0d6":{"name":"Klasör yaratma","href":"pht211de0d6.html","unavailable":true},"pht427071907":{"name":"Genişletmeleri kullanarak düzenleme","href":"pht427071907.html","unavailable":true},"pht6d60348f":{"name":"Time Machine'den geri yükleme","href":"pht6d60348f.html","unavailable":true},"phtf5e48489c":{"name":"iCloud Fotoğraf Arşivi'nden","href":"phtf5e48489c.html","unavailable":true},"phtc0bf4b9bb":{"name":"Fotoğraf Yayınım'dan","href":"phtc0bf4b9bb.html","unavailable":true},"pht6e15b35b":{"name":"Bir kitabı, kartı veya takvimi sipariş etme:","href":"pht6e15b35b.html","unavailable":true},"phtfd442cdbb":{"name":"Gelişmiş ayarlamalar yapma","href":"phtfd442cdbb.html","unavailable":true},"phte0ee9e101":{"name":"Kırmızı gözü silme","href":"phte0ee9e101.html","unavailable":true},"pht98de9564":{"categories":["glossary"],"name":"diski çıkar","href":"pht98de9564.html","unavailable":true},"phtc3c7c148":{"categories":["glossary"],"name":"karşılıklı sayfa","href":"phtc3c7c148.html","unavailable":true},"pht6e15c151":{"name":"Sayfalar ile çalışma","href":"pht6e15c151.html","unavailable":true},"pht211de786":{"name":"Genel Bilgiler","href":"pht211de786.html","unavailable":true},"pht101081c3":{"categories":["glossary"],"name":"küçük resim","href":"pht101081c3.html","unavailable":true},"pht9b4411b24":{"name":"Klavye kestirmeleri ve hareketler","href":"pht9b4411b24.html","searchName":"Fotoğraflar'da klavye kestirmeleri"},"pht10107b78":{"categories":["glossary"],"name":"boyut oranı","href":"pht10107b78.html","unavailable":true},"phtab5e72eb":{"name":"Kartı silme","href":"phtab5e72eb.html","unavailable":true},"pht6d60a1f1":{"name":"Albüm yaratma","href":"pht6d60a1f1.html","unavailable":true},"pht884a8908":{"name":"Albümlere abone olma","href":"pht884a8908.html","unavailable":true},"phtab5e682b":{"name":"Kitabı silme","href":"phtab5e682b.html","unavailable":true},"pht013f36be9":{"name":"iCloud Fotoğraf Paylaşımını açma ve kapama","href":"pht013f36be9.html","unavailable":true},"pht211dd6d0":{"name":"Genel Bilgiler","href":"pht211dd6d0.html","unavailable":true},"phtb94d7d07":{"name":"Fotoğrafların düzenini değiştirme","href":"phtb94d7d07.html","unavailable":true},"pht6e159147":{"name":"Fotoğraf kitabı yaratma","href":"pht6e159147.html","unavailable":true},"pht335dba352":{"name":"Ayarlamalar bölümünü özelleştirme","href":"pht335dba352.html","unavailable":true},"phtba22db5d6":{"name":"Fotoğrafları döndürme","href":"phtba22db5d6.html","unavailable":true},"pht6e41eaff":{"name":"Facebook, Flickr ve Twitter'ı kullanma","href":"pht6e41eaff.html","unavailable":true},"phtf7fe6394":{"name":"Paylaşılan albüm yaratma","href":"phtf7fe6394.html","unavailable":true},"pht035bc2c35":{"name":"Fotoğraflar hakkında genel bilgiler","href":"pht035bc2c35.html","unavailable":true},"pht337d15be":{"name":"Fotoğrafların düzenini değiştirme","href":"pht337d15be.html","unavailable":true},"pht8d0ad5198":{"name":"Fotoğrafları anahtar sözcüğe göre bulma","href":"pht8d0ad5198.html","unavailable":true},"pht2951dfb9":{"name":"İzleme dörtgeni hareketleri","href":"pht2951dfb9.html","unavailable":true},"phtb711c0fd":{"categories":["glossary"],"name":"Apple Kimliği","href":"phtb711c0fd.html","unavailable":true},"pht5156cc968":{"name":"Fotoğraflar tercihlerini ayarlama","href":"pht5156cc968.html","unavailable":true},"phta4e5a733f":{"name":"Fotoğraf bilgilerini görüntüleme ve ekleme","href":"phta4e5a733f.html","unavailable":true},"pht337d0fd8":{"name":"Fotoğrafları ekleme ve silme","href":"pht337d0fd8.html","unavailable":true},"pht54710c4e":{"icon":"..\/GlobalArt\/AppLanding_Photos.png","categories":["landing"],"name":"Fotoğraflar Yardım","href":"pht54710c4e.html"},"pht6e15ea68":{"name":"Profesyonel baskılar sipariş etme","href":"pht6e15ea68.html","unavailable":true},"phtb94d7e13":{"name":"Takvim yaratma","href":"phtb94d7e13.html","unavailable":true},"phtae4e05c67":{"name":"Depolama ortamından","href":"phtae4e05c67.html","unavailable":true},"phtab5e6905":{"name":"Kitap metnini biçimleme","href":"phtab5e6905.html","unavailable":true},"pht6e157c5f":{"name":"Fotoğrafları, videoları ve slayt sunularını dışa aktarma","href":"pht6e157c5f.html","unavailable":true},"pht1ed9b966d":{"name":"Dosyalarınızın Fotoğraflar'da saklandığı yeri değiştirme","href":"pht1ed9b966d.html","unavailable":true},"pht6d97570c":{"name":"iTunes'u kullanma","href":"pht6d97570c.html","unavailable":true},"pht6dc73ede":{"categories":["glossary"],"name":"bozmadan düzenleme","href":"pht6dc73ede.html","unavailable":true},"pht4c00b8ddc":{"name":"Fotoğrafları konuma göre görüntüleme","href":"pht4c00b8ddc.html","unavailable":true},"pht3bfab2f96":{"name":"Fotoğrafları ve videoları silme","href":"pht3bfab2f96.html","unavailable":true},"pht10107cfa":{"categories":["glossary"],"name":"anahtar fotoğraf","href":"pht10107cfa.html","unavailable":true},"phtae8c6d40":{"name":"Slayt sunuları yaratma","href":"phtae8c6d40.html","unavailable":true},"pht5c38b77c5":{"name":"Fotoğraflara rötuş yapma","href":"pht5c38b77c5.html","unavailable":true},"phtb94d9674":{"name":"Fotoğrafları ekleme veya silme","href":"phtb94d9674.html","unavailable":true},"phtc9d389ecc":{"name":"Bir fotoğrafı ayarlama","href":"phtc9d389ecc.html","unavailable":true},"phtc3c7b374":{"categories":["glossary"],"name":"SD kart","href":"phtc3c7b374.html","unavailable":true},"phtb94d9019":{"name":"Tarih bilgilerini değiştirme","href":"phtb94d9019.html","unavailable":true},"pht6d60d10f":{"name":"Fotoğraflar arşivinizi yedekleme","href":"pht6d60d10f.html","unavailable":true},"pht6c804da9":{"name":"Diğer uygulamalardan","href":"pht6c804da9.html","unavailable":true},"pht6e15caf3":{"name":"Baskı için proje hazırlama","href":"pht6e15caf3.html","unavailable":true},"phtb94da1cb":{"name":"Takvim metnini biçimleme","href":"phtb94da1cb.html","unavailable":true},"pht6be18f93":{"name":"Arşivinizi onarma","href":"pht6be18f93.html","unavailable":true},"pht6e4207c4":{"name":"Mail'i kullanma","href":"pht6e4207c4.html","unavailable":true},"phtc4361d5a":{"name":"Mesajlar'I kullanma","href":"phtc4361d5a.html","unavailable":true},"pht13f0918f0":{"name":"Fotoğrafları kırpma ve düzleştirme","href":"pht13f0918f0.html","unavailable":true},"phte0af949f0":{"name":"Fotoğraflara filtre uygulama","href":"phte0af949f0.html","unavailable":true},"pht56eafa987":{"name":"Fotoğraflarınızı görüntüleme","href":"pht56eafa987.html","unavailable":true},"pht6e593112":{"searchName":"Fotoğraflar'da klavye kestirmeleri","unavailable":true,"name":"Klavye kestirmeleri","href":"pht6e593112.html"},"pht6e15dbdb":{"name":"Kendi fotoğraflarınızı yazdırma","href":"pht6e15dbdb.html","unavailable":true},"pht6d975c7d":{"name":"Video görüntüleme","href":"pht6d975c7d.html","unavailable":true},"pht98de9846":{"categories":["glossary"],"name":"Ken Burns efekti","href":"pht98de9846.html","unavailable":true},"pht6c803201":{"name":"Bir kameradan veya mobil aygıttan","href":"pht6c803201.html","unavailable":true},"pht5188d4d20":{"name":"Klavye kestirmesi sembolleri","href":"pht5188d4d20.html","unavailable":true},"phta48b41fd8":{"name":"Fotoğrafları otomatik olarak iyileştirme","href":"phta48b41fd8.html","unavailable":true},"pht98de9f27":{"categories":["glossary"],"name":"RAW biçimindeki fotoğraflar","href":"pht98de9f27.html","unavailable":true},"pht1324a500e":{"name":"Diğer uygulamaları ve web sitelerini kullanma","href":"pht1324a500e.html","unavailable":true},"phtdbd88e7a":{"categories":["glossary"],"name":"fotoğraf albümleri ve Akıllı Albümler","href":"phtdbd88e7a.html","unavailable":true},"pht337d0a03":{"name":"Fotoğrafların düzenini değiştirme","href":"pht337d0a03.html","unavailable":true},"pht64de33e5a":{"name":"Fotoğrafları metne veya tarihe göre bulma","href":"pht64de33e5a.html","unavailable":true},"phtad9d981ab":{"name":"Fotoğrafları yüzlere göre bulma","href":"phtad9d981ab.html","unavailable":true},"phtdfcac5c5":{"name":"Aboneleri yönetme","href":"phtdfcac5c5.html","unavailable":true},"phtc94a1416":{"name":"Daha fazla kaynak","href":"phtc94a1416.html","unavailable":true},"pht7a4c765b":{"name":"Genel Bilgiler","href":"pht7a4c765b.html","unavailable":true},"pht12e7a8015":{"name":"İçe aktarılan dosyalarım nerede?","href":"pht12e7a8015.html","unavailable":true},"phtda5be08b":{"categories":["glossary"],"name":"anahtar sözcük","href":"phtda5be08b.html","unavailable":true},"pht1d4c62349":{"name":"AirDrop'u kullanma","href":"pht1d4c62349.html","unavailable":true},"phtab5e66ba":{"name":"Kart metnini biçimleme","href":"phtab5e66ba.html","unavailable":true},"phtc3c7c06e":{"categories":["glossary"],"name":"görüntü dosyası biçimleri","href":"phtc3c7c06e.html","unavailable":true}},"copyright_text":"© 2015 Apple Inc. Tüm hakları saklıdır.","css":""}