{"framework":"apd-framework-9.0.12","title":"사진 도움말","build_id":"55b90a50680ce24f54e2ba26","icon":"..\/GlobalArt\/AppIconDefault_Photos.png","sections":{"pht15cfd7b0":{"name":"iCloud 사진 공유 사용하기","children":["pht7a4c765b","pht013f36be9","phtf7fe6394","pht5f6df5f0","phtdfcac5c5","pht884a8908"]},"pht3e99bb42d":{"name":"동작 및 키보드 단축키","children":["pht2951dfb9","pht6e593112","pht5188d4d20"]},"phtae8c5b29":{"name":"프린트한 사진 및 프로젝트 주문하기","children":["pht211dd6d0","pht6e15ea68","pht6e15caf3","pht6e15b35b"]},"pht6d6040d1":{"name":"사진 보기 및 구성하기","children":["pht56eafa987","pht40b0be510","phtb66b3c010","phta4e5a733f","phtcf31adcc8","pht6d60507a","pht6d975c7d","pht3bfab2f96"]},"pht6c803a97":{"name":"사진 및 비디오 가져오기","children":["phta58cd90d3","pht3c36b1831","pht6c803201","phtae4e05c67","pht6c804da9","pht12e7a8015"]},"pht2883afa7":{"name":"카드 생성하기","children":["pht6e157ba6","pht337d15be","pht6e15aa61","phtab5e66ba","phtab5e72eb"]},"phtb94d9ff5":{"name":"캘린더 생성하기","children":["phtb94d7e13","phtb94d7d07","phtb94d9674","phtb94d9019","phtb94da1cb","phtb94d945b"]},"pht6d60507a":{"name":"앨범에서 사진 구성하기","children":["phtf677b8f5","pht6d60a1f1","pht6d60ca71","pht211de0d6"]},"pht6d609918":{"name":"사진 보관함 관리하기","children":["pht211de786","pht6d60b524","pht6d60d10f","pht6d60348f","pht6be18f93","pht1ed9b966d"]},"phtaec3da2a9":{"name":"프린트 생성 및 주문하기","children":["phtae8c5b29","pht6e15dbdb"]},"phtcf31adcc8":{"name":"사진 찾기","children":["pht64de33e5a","pht8d0ad5198","phtad9d981ab","pht4c00b8ddc"]},"phtae8c6983":{"name":"책 생성하기","children":["pht6e159147","pht337d0a03","pht337d0fd8","pht6e15c151","phtab5e6905","pht245fde94","phtab5e682b"]},"pht3c36b1831":{"name":"iCloud","children":["phtf5e48489c","phtc0bf4b9bb"]},"pht6e41d50b":{"name":"사진 및 비디오 공유하기","children":["pht15cfd7b0","phtc4361d5a","pht6e4207c4","pht6e41eaff","pht1d4c62349","pht6d97570c","pht1324a500e","pht6e157c5f"]},"pht6dc708cc":{"name":"사진 향상시키기","children":["pht304c2ace6","phta48b41fd8","phtba22db5d6","pht13f0918f0","phte0af949f0","phtf5bf79313","pht5c38b77c5","phte0ee9e101","pht427071907"]},"phtf5bf79313":{"name":"사진 외관 조절하기","children":["phtc9d389ecc","phtfd442cdbb","pht335dba352"]},"pht6e15d3aa":{"name":"프로젝트 생성하기","children":["phtae8c6d40","phtae8c6983","phtb94d9ff5","pht2883afa7"]},"pht5302d0f6":{"name":"사진 App으로 작업하기","children":["pht5156cc968","pht6d609918","pht8a576439"]}},"birdseed_version":4,"toc":["pht035bc2c35","pht6c803a97","pht6d6040d1","pht6dc708cc","pht6e41d50b","pht6e15d3aa","phtaec3da2a9","pht5302d0f6","pht3e99bb42d"],"locale":"ko","version":"1.1","enable_tracking":false,"source_schema":"apd-schema","platform":"mac","build_date":"2015.07.29-10:21:04","landing":"pht54710c4e","product":"photos","urls":{},"copyright":"","topics":{"pht6e157ba6":{"name":"카드 생성하기","href":"pht6e157ba6.html","unavailable":true},"phtb94d945b":{"name":"캘린더 삭제하기","href":"phtb94d945b.html","unavailable":true},"pht245fde94":{"name":"책에서 지도 생성하기","href":"pht245fde94.html","unavailable":true},"phtb66b3c010":{"name":"사진 보기 방식 변경하기","href":"phtb66b3c010.html","unavailable":true},"phta58cd90d3":{"name":"개요","href":"phta58cd90d3.html","unavailable":true},"pht6d60b524":{"name":"여러 보관함 사용하기","href":"pht6d60b524.html","unavailable":true},"pht40b0be510":{"name":"사진 선택 및 선택 해제하기","href":"pht40b0be510.html","unavailable":true},"pht5706dfc6":{"categories":["glossary"],"name":"iCloud","href":"pht5706dfc6.html","unavailable":true},"pht6d60ca71":{"name":"스마트 앨범 생성하기","href":"pht6d60ca71.html","unavailable":true},"pht8a576439":{"name":"사진 App 업데이트 다운로드하기","href":"pht8a576439.html","unavailable":true},"pht9bb241b3":{"categories":["glossary"],"name":"사진 선택하기","href":"pht9bb241b3.html","unavailable":true},"pht5f6df5f0":{"name":"공유 앨범 변경하기","href":"pht5f6df5f0.html","unavailable":true},"phtf677b8f5":{"name":"앨범이란 무엇입니까?","href":"phtf677b8f5.html","unavailable":true},"pht6e15aa61":{"name":"사진 추가 및 제거하기","href":"pht6e15aa61.html","unavailable":true},"pht304c2ace6":{"name":"기본 편집하기","href":"pht304c2ace6.html","unavailable":true},"pht211de0d6":{"name":"폴더 생성하기","href":"pht211de0d6.html","unavailable":true},"pht427071907":{"name":"확장 프로그램을 사용하여 편집하기","href":"pht427071907.html","unavailable":true},"pht6d60348f":{"name":"Time Machine에서 복원하기","href":"pht6d60348f.html","unavailable":true},"phtf5e48489c":{"name":"iCloud 사진 보관함","href":"phtf5e48489c.html","unavailable":true},"phtc0bf4b9bb":{"name":"나의 사진 스트림","href":"phtc0bf4b9bb.html","unavailable":true},"pht6e15b35b":{"name":"책, 카드 또는 캘린더 주문하기","href":"pht6e15b35b.html","unavailable":true},"phtfd442cdbb":{"name":"고급 조절 사용하기","href":"phtfd442cdbb.html","unavailable":true},"phte0ee9e101":{"name":"적목(Red-eye) 제거하기","href":"phte0ee9e101.html","unavailable":true},"pht98de9564":{"categories":["glossary"],"name":"추출","href":"pht98de9564.html","unavailable":true},"phtc3c7c148":{"categories":["glossary"],"name":"페이지 스프레드","href":"phtc3c7c148.html","unavailable":true},"pht6e15c151":{"name":"페이지로 작업하기","href":"pht6e15c151.html","unavailable":true},"pht211de786":{"name":"개요","href":"pht211de786.html","unavailable":true},"pht101081c3":{"categories":["glossary"],"name":"축소판","href":"pht101081c3.html","unavailable":true},"pht9b4411b24":{"name":"키보드 단축키 및 동작","href":"pht9b4411b24.html","searchName":"사진 App의 키보드 단축키"},"pht10107b78":{"categories":["glossary"],"name":"크기 비율","href":"pht10107b78.html","unavailable":true},"phtab5e72eb":{"name":"카드 삭제하기","href":"phtab5e72eb.html","unavailable":true},"pht6d60a1f1":{"name":"앨범 생성하기","href":"pht6d60a1f1.html","unavailable":true},"pht884a8908":{"name":"앨범 구독하기","href":"pht884a8908.html","unavailable":true},"phtab5e682b":{"name":"책 삭제하기","href":"phtab5e682b.html","unavailable":true},"pht013f36be9":{"name":"iCloud 사진 공유 켜기 또는 끄기","href":"pht013f36be9.html","unavailable":true},"pht211dd6d0":{"name":"개요","href":"pht211dd6d0.html","unavailable":true},"phtb94d7d07":{"name":"사진 배열하기","href":"phtb94d7d07.html","unavailable":true},"pht6e159147":{"name":"사진첩 생성하기","href":"pht6e159147.html","unavailable":true},"pht335dba352":{"name":"조절 패널 사용자화하기","href":"pht335dba352.html","unavailable":true},"phtba22db5d6":{"name":"사진 회전하기","href":"phtba22db5d6.html","unavailable":true},"pht6e41eaff":{"name":"Facebook, Flickr 및 트위터 사용하기","href":"pht6e41eaff.html","unavailable":true},"phtf7fe6394":{"name":"공유 앨범 생성하기","href":"phtf7fe6394.html","unavailable":true},"pht035bc2c35":{"name":"사진 개요","href":"pht035bc2c35.html","unavailable":true},"pht337d15be":{"name":"사진 배열하기","href":"pht337d15be.html","unavailable":true},"pht8d0ad5198":{"name":"키워드로 사진 찾기","href":"pht8d0ad5198.html","unavailable":true},"pht2951dfb9":{"name":"트랙패드 동작","href":"pht2951dfb9.html","unavailable":true},"phtb711c0fd":{"categories":["glossary"],"name":"Apple ID","href":"phtb711c0fd.html","unavailable":true},"pht5156cc968":{"name":"사진 App 환경설정 설정하기","href":"pht5156cc968.html","unavailable":true},"phta4e5a733f":{"name":"사진 정보 보기 및 추가하기","href":"phta4e5a733f.html","unavailable":true},"pht337d0fd8":{"name":"사진 추가 및 제거하기","href":"pht337d0fd8.html","unavailable":true},"pht54710c4e":{"icon":"..\/GlobalArt\/AppLanding_Photos.png","categories":["landing"],"name":"사진 도움말","href":"pht54710c4e.html"},"pht6e15ea68":{"name":"전문적인 프린트 주문하기","href":"pht6e15ea68.html","unavailable":true},"phtb94d7e13":{"name":"캘린더 생성하기","href":"phtb94d7e13.html","unavailable":true},"phtae4e05c67":{"name":"저장 미디어","href":"phtae4e05c67.html","unavailable":true},"phtab5e6905":{"name":"책 텍스트 포맷 지정하기","href":"phtab5e6905.html","unavailable":true},"pht6e157c5f":{"name":"사진, 비디오 및 슬라이드쇼 보내기","href":"pht6e157c5f.html","unavailable":true},"pht1ed9b966d":{"name":"사진 App에서 파일 저장 위치 변경하기","href":"pht1ed9b966d.html","unavailable":true},"pht6d97570c":{"name":"iTunes 사용하기","href":"pht6d97570c.html","unavailable":true},"pht6dc73ede":{"categories":["glossary"],"name":"비파괴적 편집","href":"pht6dc73ede.html","unavailable":true},"pht4c00b8ddc":{"name":"위치로 사진 보기","href":"pht4c00b8ddc.html","unavailable":true},"pht3bfab2f96":{"name":"사진 및 비디오 삭제하기","href":"pht3bfab2f96.html","unavailable":true},"pht10107cfa":{"categories":["glossary"],"name":"핵심 사진","href":"pht10107cfa.html","unavailable":true},"phtae8c6d40":{"name":"슬라이드쇼 생성하기","href":"phtae8c6d40.html","unavailable":true},"pht5c38b77c5":{"name":"사진 잡티 제거하기","href":"pht5c38b77c5.html","unavailable":true},"phtb94d9674":{"name":"사진 추가 또는 제거하기","href":"phtb94d9674.html","unavailable":true},"phtc9d389ecc":{"name":"사진 조절하기","href":"phtc9d389ecc.html","unavailable":true},"phtc3c7b374":{"categories":["glossary"],"name":"SD 카드","href":"phtc3c7b374.html","unavailable":true},"phtb94d9019":{"name":"날짜 정보 변경하기","href":"phtb94d9019.html","unavailable":true},"pht6d60d10f":{"name":"사진 보관함 백업하기","href":"pht6d60d10f.html","unavailable":true},"pht6c804da9":{"name":"기타 App","href":"pht6c804da9.html","unavailable":true},"pht6e15caf3":{"name":"프린트할 프로젝트 준비하기","href":"pht6e15caf3.html","unavailable":true},"phtb94da1cb":{"name":"캘린더 텍스트 포맷 지정하기","href":"phtb94da1cb.html","unavailable":true},"pht6be18f93":{"name":"보관함 복구하기","href":"pht6be18f93.html","unavailable":true},"pht6e4207c4":{"name":"Mail 사용하기","href":"pht6e4207c4.html","unavailable":true},"phtc4361d5a":{"name":"메시지 사용하기","href":"phtc4361d5a.html","unavailable":true},"pht13f0918f0":{"name":"사진 자르기 및 세밀한 회전하기","href":"pht13f0918f0.html","unavailable":true},"phte0af949f0":{"name":"사진에 필터 적용하기","href":"phte0af949f0.html","unavailable":true},"pht56eafa987":{"name":"사진 보기","href":"pht56eafa987.html","unavailable":true},"pht6e593112":{"searchName":"사진 App의 키보드 단축키","unavailable":true,"name":"키보드 단축키","href":"pht6e593112.html"},"pht6e15dbdb":{"name":"자신의 사진 프린트하기","href":"pht6e15dbdb.html","unavailable":true},"pht6d975c7d":{"name":"비디오 보기","href":"pht6d975c7d.html","unavailable":true},"pht98de9846":{"categories":["glossary"],"name":"Ken Burns 효과","href":"pht98de9846.html","unavailable":true},"pht6c803201":{"name":"카메라 또는 모바일 기기","href":"pht6c803201.html","unavailable":true},"pht5188d4d20":{"name":"키보드 단축키 기호","href":"pht5188d4d20.html","unavailable":true},"phta48b41fd8":{"name":"자동으로 사진 화질 향상시키기","href":"phta48b41fd8.html","unavailable":true},"pht98de9f27":{"categories":["glossary"],"name":"RAW 포맷 사진","href":"pht98de9f27.html","unavailable":true},"pht1324a500e":{"name":"다른 App 및 웹 사이트 사용하기","href":"pht1324a500e.html","unavailable":true},"phtdbd88e7a":{"categories":["glossary"],"name":"사진 앨범 및 스마트 앨범","href":"phtdbd88e7a.html","unavailable":true},"pht337d0a03":{"name":"사진 배열하기","href":"pht337d0a03.html","unavailable":true},"pht64de33e5a":{"name":"텍스트 또는 날짜로 사진 찾기","href":"pht64de33e5a.html","unavailable":true},"phtad9d981ab":{"name":"얼굴로 사진 찾기","href":"phtad9d981ab.html","unavailable":true},"phtdfcac5c5":{"name":"구독자 관리하기","href":"phtdfcac5c5.html","unavailable":true},"phtc94a1416":{"name":"추가 리소스","href":"phtc94a1416.html","unavailable":true},"pht7a4c765b":{"name":"개요","href":"pht7a4c765b.html","unavailable":true},"pht12e7a8015":{"name":"내가 가져온 파일은 어디에 있습니까?","href":"pht12e7a8015.html","unavailable":true},"phtda5be08b":{"categories":["glossary"],"name":"키워드","href":"phtda5be08b.html","unavailable":true},"pht1d4c62349":{"name":"AirDrop 사용하기","href":"pht1d4c62349.html","unavailable":true},"phtab5e66ba":{"name":"카드 텍스트 포맷 지정하기","href":"phtab5e66ba.html","unavailable":true},"phtc3c7c06e":{"categories":["glossary"],"name":"이미지 파일 포맷","href":"phtc3c7c06e.html","unavailable":true}},"copyright_text":"© 2015 Apple Inc. 모든 권리 보유.","css":""}