{"framework":"apd-framework-9.0.8","title":"A Fotók súgója","build_id":"55b17b2b680ce2c256ec6e0e","icon":"..\/GlobalArt\/AppIconDefault_Photos.png","sections":{"pht15cfd7b0":{"name":"Az iCloud-fotómegosztás használata","children":["pht7a4c765b","pht013f36be9","phtf7fe6394","pht5f6df5f0","phtdfcac5c5","pht884a8908"]},"pht3e99bb42d":{"name":"Kézmozdulatok és billentyűparancsok","children":["pht2951dfb9","pht6e593112","pht5188d4d20"]},"phtae8c5b29":{"name":"Nyomtatott fotók és projektek rendelése","children":["pht211dd6d0","pht6e15ea68","pht6e15caf3","pht6e15b35b"]},"pht6d6040d1":{"name":"A fotók megtekintése és rendszerezése","children":["pht56eafa987","pht40b0be510","phtb66b3c010","phta4e5a733f","phtcf31adcc8","pht6d60507a","pht6d975c7d","pht3bfab2f96"]},"pht6c803a97":{"name":"Fotók és videók importálása","children":["phta58cd90d3","pht3c36b1831","pht6c803201","phtae4e05c67","pht6c804da9","pht12e7a8015"]},"pht2883afa7":{"name":"Kártyák létrehozása","children":["pht6e157ba6","pht337d15be","pht6e15aa61","phtab5e66ba","phtab5e72eb"]},"phtb94d9ff5":{"name":"Naptárak létrehozása","children":["phtb94d7e13","phtb94d7d07","phtb94d9674","phtb94d9019","phtb94da1cb","phtb94d945b"]},"pht6d60507a":{"name":"Fotók rendszerezése albumokban","children":["phtf677b8f5","pht6d60a1f1","pht6d60ca71","pht211de0d6"]},"pht6d609918":{"name":"A Fotók könyvtár kezelése","children":["pht211de786","pht6d60b524","pht6d60d10f","pht6d60348f","pht6be18f93","pht1ed9b966d"]},"phtaec3da2a9":{"name":"Nyomatok létrehozása és rendelése","children":["phtae8c5b29","pht6e15dbdb"]},"phtcf31adcc8":{"name":"Fényképek keresése","children":["pht64de33e5a","pht8d0ad5198","phtad9d981ab","pht4c00b8ddc"]},"phtae8c6983":{"name":"Könyvek létrehozása","children":["pht6e159147","pht337d0a03","pht337d0fd8","pht6e15c151","phtab5e6905","pht245fde94","phtab5e682b"]},"pht3c36b1831":{"name":"Az iCloudból","children":["phtf5e48489c","phtc0bf4b9bb"]},"pht6e41d50b":{"name":"A fotók és videók megosztása","children":["pht15cfd7b0","phtc4361d5a","pht6e4207c4","pht6e41eaff","pht1d4c62349","pht6d97570c","pht1324a500e","pht6e157c5f"]},"pht6dc708cc":{"name":"Fényképek javítása","children":["pht304c2ace6","phta48b41fd8","phtba22db5d6","pht13f0918f0","phte0af949f0","phtf5bf79313","pht5c38b77c5","phte0ee9e101","pht427071907"]},"phtf5bf79313":{"name":"A fotók megjelenésének módosítása","children":["phtc9d389ecc","phtfd442cdbb","pht335dba352"]},"pht6e15d3aa":{"name":"Projektek létrehozása","children":["phtae8c6d40","phtae8c6983","phtb94d9ff5","pht2883afa7"]},"pht5302d0f6":{"name":"Műveletek a Fotókkal","children":["pht5156cc968","pht6d609918","pht8a576439"]}},"birdseed_version":4,"toc":["pht035bc2c35","pht6c803a97","pht6d6040d1","pht6dc708cc","pht6e41d50b","pht6e15d3aa","phtaec3da2a9","pht5302d0f6","pht3e99bb42d"],"locale":"hu","version":"1.1","enable_tracking":false,"source_schema":"apd-schema","platform":"mac","build_date":"2015.07.23-17:35:57","landing":"pht54710c4e","product":"photos","urls":{},"copyright":"","topics":{"pht6e157ba6":{"name":"Kártya létrehozása","href":"pht6e157ba6.html","unavailable":true},"phtb94d945b":{"name":"Naptár törlése","href":"phtb94d945b.html","unavailable":true},"pht245fde94":{"name":"Térképek létrehozása egy könyvben","href":"pht245fde94.html","unavailable":true},"phtb66b3c010":{"name":"A fotók megjelenítési módjának módosítása","href":"phtb66b3c010.html","unavailable":true},"phta58cd90d3":{"name":"Áttekintés","href":"phta58cd90d3.html","unavailable":true},"pht6d60b524":{"name":"Több könyvtár használata","href":"pht6d60b524.html","unavailable":true},"pht40b0be510":{"name":"A fényképek kijelölése és a kijelölés megszüntetése","href":"pht40b0be510.html","unavailable":true},"pht5706dfc6":{"categories":["glossary"],"name":"iCloud","href":"pht5706dfc6.html","unavailable":true},"pht6d60ca71":{"name":"Intelligens albumok létrehozása","href":"pht6d60ca71.html","unavailable":true},"pht8a576439":{"name":"A Fotók frissítéseinek letöltése","href":"pht8a576439.html","unavailable":true},"pht9bb241b3":{"categories":["glossary"],"name":"fényképek kijelölése","href":"pht9bb241b3.html","unavailable":true},"pht5f6df5f0":{"name":"Megosztott album módosítása","href":"pht5f6df5f0.html","unavailable":true},"phtf677b8f5":{"name":"Mik azok az albumok?","href":"phtf677b8f5.html","unavailable":true},"pht6e15aa61":{"name":"Fényképek hozzáadása és eltávolítása","href":"pht6e15aa61.html","unavailable":true},"pht304c2ace6":{"name":"Szerkesztési alapismeretek","href":"pht304c2ace6.html","unavailable":true},"pht211de0d6":{"name":"Mappák létrehozása","href":"pht211de0d6.html","unavailable":true},"pht427071907":{"name":"Szerkesztés bővítményekkel","href":"pht427071907.html","unavailable":true},"pht6d60348f":{"name":"Visszaállítás a Time Machine használatával","href":"pht6d60348f.html","unavailable":true},"phtf5e48489c":{"name":"Az iCloud-fotókönyvtárból","href":"phtf5e48489c.html","unavailable":true},"phtc0bf4b9bb":{"name":"A Fotóstreamből","href":"phtc0bf4b9bb.html","unavailable":true},"pht6e15b35b":{"name":"Könyvek, kártya vagy naptár megrendelése","href":"pht6e15b35b.html","unavailable":true},"phtfd442cdbb":{"name":"Haladó módosítások végzése","href":"phtfd442cdbb.html","unavailable":true},"phte0ee9e101":{"name":"Vörös szem eltávolítása","href":"phte0ee9e101.html","unavailable":true},"pht98de9564":{"categories":["glossary"],"name":"kiadás","href":"pht98de9564.html","unavailable":true},"phtc3c7c148":{"categories":["glossary"],"name":"oldaltartomány","href":"phtc3c7c148.html","unavailable":true},"pht6e15c151":{"name":"Műveletek az oldalakkal","href":"pht6e15c151.html","unavailable":true},"pht211de786":{"name":"Áttekintés","href":"pht211de786.html","unavailable":true},"pht101081c3":{"categories":["glossary"],"name":"bélyegkép","href":"pht101081c3.html","unavailable":true},"pht9b4411b24":{"name":"Billentyűparancsok és kézmozdulatok","href":"pht9b4411b24.html","searchName":"A Fotók billentyűparancsai"},"pht10107b78":{"categories":["glossary"],"name":"képarány","href":"pht10107b78.html","unavailable":true},"phtab5e72eb":{"name":"Kártya törlése","href":"phtab5e72eb.html","unavailable":true},"pht6d60a1f1":{"name":"Albumok létrehozása","href":"pht6d60a1f1.html","unavailable":true},"pht884a8908":{"name":"Feliratkozás albumokra","href":"pht884a8908.html","unavailable":true},"phtab5e682b":{"name":"Könyv törlése","href":"phtab5e682b.html","unavailable":true},"pht013f36be9":{"name":"Az iCloud-fotómegosztás be- és kikapcsolása","href":"pht013f36be9.html","unavailable":true},"pht211dd6d0":{"name":"Áttekintés","href":"pht211dd6d0.html","unavailable":true},"phtb94d7d07":{"name":"Fényképek elrendezése","href":"phtb94d7d07.html","unavailable":true},"pht6e159147":{"name":"Emlékkönyv létrehozása","href":"pht6e159147.html","unavailable":true},"pht335dba352":{"name":"A Korrekciók panel testreszabása","href":"pht335dba352.html","unavailable":true},"phtba22db5d6":{"name":"Fotók forgatása","href":"phtba22db5d6.html","unavailable":true},"pht6e41eaff":{"name":"A Facebook, a Flickr és a Twitter használata","href":"pht6e41eaff.html","unavailable":true},"phtf7fe6394":{"name":"Megosztott album létrehozása","href":"phtf7fe6394.html","unavailable":true},"pht035bc2c35":{"name":"A Fotók áttekintése","href":"pht035bc2c35.html","unavailable":true},"pht337d15be":{"name":"Fényképek elrendezése","href":"pht337d15be.html","unavailable":true},"pht8d0ad5198":{"name":"Fotók keresése kulcsszó szerint","href":"pht8d0ad5198.html","unavailable":true},"pht2951dfb9":{"name":"Trackpaddel végezhető kézmozdulatok","href":"pht2951dfb9.html","unavailable":true},"phtb711c0fd":{"categories":["glossary"],"name":"Apple ID","href":"phtb711c0fd.html","unavailable":true},"pht5156cc968":{"name":"A Fotók beállításainak megadása","href":"pht5156cc968.html","unavailable":true},"phta4e5a733f":{"name":"Fotóinformációk megtekintése és hozzáadása","href":"phta4e5a733f.html","unavailable":true},"pht337d0fd8":{"name":"Fényképek hozzáadása és eltávolítása","href":"pht337d0fd8.html","unavailable":true},"pht54710c4e":{"icon":"..\/GlobalArt\/AppLanding_Photos.png","categories":["landing"],"name":"A Fotók súgója","href":"pht54710c4e.html"},"pht6e15ea68":{"name":"Professzionális nyomatok rendelése","href":"pht6e15ea68.html","unavailable":true},"phtb94d7e13":{"name":"Naptár létrehozása","href":"phtb94d7e13.html","unavailable":true},"phtae4e05c67":{"name":"Tárolóeszközről","href":"phtae4e05c67.html","unavailable":true},"phtab5e6905":{"name":"Könyv szövegének formázása","href":"phtab5e6905.html","unavailable":true},"pht6e157c5f":{"name":"Fotók, videók és diabemutatók exportálása","href":"pht6e157c5f.html","unavailable":true},"pht1ed9b966d":{"name":"A Fotók fájljainak tárolására kijelölt hely módosítása","href":"pht1ed9b966d.html","unavailable":true},"pht6d97570c":{"name":"Az iTunes használata","href":"pht6d97570c.html","unavailable":true},"pht6dc73ede":{"categories":["glossary"],"name":"roncsolásmentes szerkesztés","href":"pht6dc73ede.html","unavailable":true},"pht4c00b8ddc":{"name":"Fotók megtekintése hely szerint","href":"pht4c00b8ddc.html","unavailable":true},"pht3bfab2f96":{"name":"Fotók és videók törlése","href":"pht3bfab2f96.html","unavailable":true},"pht10107cfa":{"categories":["glossary"],"name":"kulcsfénykép","href":"pht10107cfa.html","unavailable":true},"phtae8c6d40":{"name":"Diabemutatók létrehozása","href":"phtae8c6d40.html","unavailable":true},"pht5c38b77c5":{"name":"Fotók retusálása","href":"pht5c38b77c5.html","unavailable":true},"phtb94d9674":{"name":"Fotók hozzáadása vagy eltávolítása","href":"phtb94d9674.html","unavailable":true},"phtc9d389ecc":{"name":"Fotó beállítása","href":"phtc9d389ecc.html","unavailable":true},"phtc3c7b374":{"categories":["glossary"],"name":"SD-kártya","href":"phtc3c7b374.html","unavailable":true},"phtb94d9019":{"name":"Dátuminformációk módosítása","href":"phtb94d9019.html","unavailable":true},"pht6d60d10f":{"name":"Biztonsági másolat készítése a Fotók könyvtárról","href":"pht6d60d10f.html","unavailable":true},"pht6c804da9":{"name":"Más alkalmazásokból","href":"pht6c804da9.html","unavailable":true},"pht6e15caf3":{"name":"Projekt előkészítése nyomtatáshoz","href":"pht6e15caf3.html","unavailable":true},"phtb94da1cb":{"name":"Naptár szövegének formázása","href":"phtb94da1cb.html","unavailable":true},"pht6be18f93":{"name":"A könyvtár javítása","href":"pht6be18f93.html","unavailable":true},"pht6e4207c4":{"name":"A Mail használata","href":"pht6e4207c4.html","unavailable":true},"phtc4361d5a":{"name":"Az Üzenetek használata","href":"phtc4361d5a.html","unavailable":true},"pht13f0918f0":{"name":"Fotó vágása vagy kiegyenesítése","href":"pht13f0918f0.html","unavailable":true},"phte0af949f0":{"name":"Szűrők alkalmazása a fotókon","href":"phte0af949f0.html","unavailable":true},"pht56eafa987":{"name":"Fotók megtekintése","href":"pht56eafa987.html","unavailable":true},"pht6e593112":{"searchName":"A Fotók billentyűparancsai","unavailable":true,"name":"Billentyűparancsok","href":"pht6e593112.html"},"pht6e15dbdb":{"name":"Saját fotók nyomtatása","href":"pht6e15dbdb.html","unavailable":true},"pht6d975c7d":{"name":"Videók megtekintése","href":"pht6d975c7d.html","unavailable":true},"pht98de9846":{"categories":["glossary"],"name":"Ken Burns effektus","href":"pht98de9846.html","unavailable":true},"pht6c803201":{"name":"Fényképezőgépről vagy mobilkészülékről","href":"pht6c803201.html","unavailable":true},"pht5188d4d20":{"name":"Billentyűparancs-szimbólumok","href":"pht5188d4d20.html","unavailable":true},"phta48b41fd8":{"name":"Fotók automatikus korrigálása","href":"phta48b41fd8.html","unavailable":true},"pht98de9f27":{"categories":["glossary"],"name":"RAW formátumú fényképek","href":"pht98de9f27.html","unavailable":true},"pht1324a500e":{"name":"Más alkalmazások és webhelyek használata","href":"pht1324a500e.html","unavailable":true},"phtdbd88e7a":{"categories":["glossary"],"name":"fényképalbumok és okos albumok","href":"phtdbd88e7a.html","unavailable":true},"pht337d0a03":{"name":"Fényképek elrendezése","href":"pht337d0a03.html","unavailable":true},"pht64de33e5a":{"name":"Fotók keresése szöveg vagy dátum szerint","href":"pht64de33e5a.html","unavailable":true},"phtad9d981ab":{"name":"Fotók keresése arc szerint","href":"phtad9d981ab.html","unavailable":true},"phtdfcac5c5":{"name":"Feliratkozók kezelése","href":"phtdfcac5c5.html","unavailable":true},"phtc94a1416":{"name":"További erőforrások","href":"phtc94a1416.html","unavailable":true},"pht7a4c765b":{"name":"Áttekintés","href":"pht7a4c765b.html","unavailable":true},"pht12e7a8015":{"name":"Hol vannak az importált fájljaim?","href":"pht12e7a8015.html","unavailable":true},"phtda5be08b":{"categories":["glossary"],"name":"kulcsszó","href":"phtda5be08b.html","unavailable":true},"pht1d4c62349":{"name":"Az AirDrop használata","href":"pht1d4c62349.html","unavailable":true},"phtab5e66ba":{"name":"Kártyaszöveg formázása","href":"phtab5e66ba.html","unavailable":true},"phtc3c7c06e":{"categories":["glossary"],"name":"képfájlformátumok","href":"phtc3c7c06e.html","unavailable":true}},"copyright_text":"© 2015 Apple Inc. Minden jog fenntartva.","css":""}