{"framework":"apd-framework-9.0.8","title":"Bilder Hjälp","build_id":"55b17b2e680ce2c256ec6e3e","icon":"..\/GlobalArt\/AppIconDefault_Photos.png","sections":{"pht15cfd7b0":{"name":"Använda iCloud-bilddelning","children":["pht7a4c765b","pht013f36be9","phtf7fe6394","pht5f6df5f0","phtdfcac5c5","pht884a8908"]},"pht3e99bb42d":{"name":"Gester och kortkommandon","children":["pht2951dfb9","pht6e593112","pht5188d4d20"]},"phtae8c5b29":{"name":"Beställa papperskopior av bilder och projekt","children":["pht211dd6d0","pht6e15ea68","pht6e15caf3","pht6e15b35b"]},"pht6d6040d1":{"name":"Visa och ordna bilder","children":["pht56eafa987","pht40b0be510","phtb66b3c010","phta4e5a733f","phtcf31adcc8","pht6d60507a","pht6d975c7d","pht3bfab2f96"]},"pht6c803a97":{"name":"Importera bilder och video","children":["phta58cd90d3","pht3c36b1831","pht6c803201","phtae4e05c67","pht6c804da9","pht12e7a8015"]},"pht2883afa7":{"name":"Skapa kort","children":["pht6e157ba6","pht337d15be","pht6e15aa61","phtab5e66ba","phtab5e72eb"]},"phtb94d9ff5":{"name":"Skapa kalendrar","children":["phtb94d7e13","phtb94d7d07","phtb94d9674","phtb94d9019","phtb94da1cb","phtb94d945b"]},"pht6d60507a":{"name":"Ordna bilder i album","children":["phtf677b8f5","pht6d60a1f1","pht6d60ca71","pht211de0d6"]},"pht6d609918":{"name":"Hantera Bilder-biblioteket","children":["pht211de786","pht6d60b524","pht6d60d10f","pht6d60348f","pht6be18f93","pht1ed9b966d"]},"phtaec3da2a9":{"name":"Skapa och beställa trycksaker","children":["phtae8c5b29","pht6e15dbdb"]},"phtcf31adcc8":{"name":"Hitta bilder","children":["pht64de33e5a","pht8d0ad5198","phtad9d981ab","pht4c00b8ddc"]},"phtae8c6983":{"name":"Skapa böcker","children":["pht6e159147","pht337d0a03","pht337d0fd8","pht6e15c151","phtab5e6905","pht245fde94","phtab5e682b"]},"pht3c36b1831":{"name":"Från iCloud","children":["phtf5e48489c","phtc0bf4b9bb"]},"pht6e41d50b":{"name":"Dela dina bilder och video","children":["pht15cfd7b0","phtc4361d5a","pht6e4207c4","pht6e41eaff","pht1d4c62349","pht6d97570c","pht1324a500e","pht6e157c5f"]},"pht6dc708cc":{"name":"Förbättra dina bilder","children":["pht304c2ace6","phta48b41fd8","phtba22db5d6","pht13f0918f0","phte0af949f0","phtf5bf79313","pht5c38b77c5","phte0ee9e101","pht427071907"]},"phtf5bf79313":{"name":"Justera utseendet på bilder","children":["phtc9d389ecc","phtfd442cdbb","pht335dba352"]},"pht6e15d3aa":{"name":"Skapa projekt","children":["phtae8c6d40","phtae8c6983","phtb94d9ff5","pht2883afa7"]},"pht5302d0f6":{"name":"Arbeta med Bilder","children":["pht5156cc968","pht6d609918","pht8a576439"]}},"birdseed_version":4,"toc":["pht035bc2c35","pht6c803a97","pht6d6040d1","pht6dc708cc","pht6e41d50b","pht6e15d3aa","phtaec3da2a9","pht5302d0f6","pht3e99bb42d"],"locale":"sv","version":"1.1","enable_tracking":false,"source_schema":"apd-schema","platform":"mac","build_date":"2015.07.23-16:09:41","landing":"pht54710c4e","product":"photos","urls":{},"copyright":"","topics":{"pht6e157ba6":{"name":"Skapa ett kort","href":"pht6e157ba6.html","unavailable":true},"phtb94d945b":{"name":"Radera en kalender","href":"phtb94d945b.html","unavailable":true},"pht245fde94":{"name":"Skapa kartor i en bok","href":"pht245fde94.html","unavailable":true},"phtb66b3c010":{"name":"Ändra hur bilder visas","href":"phtb66b3c010.html","unavailable":true},"phta58cd90d3":{"name":"Översikt","href":"phta58cd90d3.html","unavailable":true},"pht6d60b524":{"name":"Använda flera bibliotek","href":"pht6d60b524.html","unavailable":true},"pht40b0be510":{"name":"Markera och avmarkera bilder","href":"pht40b0be510.html","unavailable":true},"pht5706dfc6":{"categories":["glossary"],"name":"iCloud","href":"pht5706dfc6.html","unavailable":true},"pht6d60ca71":{"name":"Skapa smarta album","href":"pht6d60ca71.html","unavailable":true},"pht8a576439":{"name":"Hämta Bilder-uppdateringar","href":"pht8a576439.html","unavailable":true},"pht9bb241b3":{"categories":["glossary"],"name":"markera bilder","href":"pht9bb241b3.html","unavailable":true},"pht5f6df5f0":{"name":"Ändra ett delat album","href":"pht5f6df5f0.html","unavailable":true},"phtf677b8f5":{"name":"Vad är album?","href":"phtf677b8f5.html","unavailable":true},"pht6e15aa61":{"name":"Lägga till och ta bort bilder","href":"pht6e15aa61.html","unavailable":true},"pht304c2ace6":{"name":"Redigeringsgrunder","href":"pht304c2ace6.html","unavailable":true},"pht211de0d6":{"name":"Skapa mappar","href":"pht211de0d6.html","unavailable":true},"pht427071907":{"name":"Redigera med tillägg","href":"pht427071907.html","unavailable":true},"pht6d60348f":{"name":"Återskapa från Time Machine","href":"pht6d60348f.html","unavailable":true},"phtf5e48489c":{"name":"Från iCloud-bildbibliotek","href":"phtf5e48489c.html","unavailable":true},"phtc0bf4b9bb":{"name":"Från Min bildström","href":"phtc0bf4b9bb.html","unavailable":true},"pht6e15b35b":{"name":"Beställa en bok, ett kort eller en kalender","href":"pht6e15b35b.html","unavailable":true},"phtfd442cdbb":{"name":"Göra avancerade justeringar","href":"phtfd442cdbb.html","unavailable":true},"phte0ee9e101":{"name":"Ta bort röda ögon","href":"phte0ee9e101.html","unavailable":true},"pht98de9564":{"categories":["glossary"],"name":"mata ut","href":"pht98de9564.html","unavailable":true},"phtc3c7c148":{"categories":["glossary"],"name":"siduppslag","href":"phtc3c7c148.html","unavailable":true},"pht6e15c151":{"name":"Arbeta med sidor","href":"pht6e15c151.html","unavailable":true},"pht211de786":{"name":"Översikt","href":"pht211de786.html","unavailable":true},"pht101081c3":{"categories":["glossary"],"name":"miniatyr","href":"pht101081c3.html","unavailable":true},"pht9b4411b24":{"name":"Kortkommandon och gester","href":"pht9b4411b24.html","searchName":"Kortkommandon i Bilder"},"pht10107b78":{"categories":["glossary"],"name":"proportion","href":"pht10107b78.html","unavailable":true},"phtab5e72eb":{"name":"Radera ett kort","href":"phtab5e72eb.html","unavailable":true},"pht6d60a1f1":{"name":"Skapa album","href":"pht6d60a1f1.html","unavailable":true},"pht884a8908":{"name":"Prenumerera på album","href":"pht884a8908.html","unavailable":true},"phtab5e682b":{"name":"Radera en bok","href":"phtab5e682b.html","unavailable":true},"pht013f36be9":{"name":"Slå på eller stänga av iCloud-bilddelning","href":"pht013f36be9.html","unavailable":true},"pht211dd6d0":{"name":"Översikt","href":"pht211dd6d0.html","unavailable":true},"phtb94d7d07":{"name":"Ordna bilder","href":"phtb94d7d07.html","unavailable":true},"pht6e159147":{"name":"Skapa en fotobok","href":"pht6e159147.html","unavailable":true},"pht335dba352":{"name":"Anpassa justeringspanelen","href":"pht335dba352.html","unavailable":true},"phtba22db5d6":{"name":"Rotera bilder","href":"phtba22db5d6.html","unavailable":true},"pht6e41eaff":{"name":"Använda Facebook, Flickr och Twitter","href":"pht6e41eaff.html","unavailable":true},"phtf7fe6394":{"name":"Skapa ett delat album","href":"phtf7fe6394.html","unavailable":true},"pht035bc2c35":{"name":"Bilder i översikt","href":"pht035bc2c35.html","unavailable":true},"pht337d15be":{"name":"Ordna bilder","href":"pht337d15be.html","unavailable":true},"pht8d0ad5198":{"name":"Hitta bilder med nyckelord","href":"pht8d0ad5198.html","unavailable":true},"pht2951dfb9":{"name":"Styrplattegester","href":"pht2951dfb9.html","unavailable":true},"phtb711c0fd":{"categories":["glossary"],"name":"Apple-ID","href":"phtb711c0fd.html","unavailable":true},"pht5156cc968":{"name":"Ställa in Bilder","href":"pht5156cc968.html","unavailable":true},"phta4e5a733f":{"name":"Visa och lägga till bildinformation","href":"phta4e5a733f.html","unavailable":true},"pht337d0fd8":{"name":"Lägga till och ta bort bilder","href":"pht337d0fd8.html","unavailable":true},"pht54710c4e":{"icon":"..\/GlobalArt\/AppLanding_Photos.png","categories":["landing"],"name":"Bilder Hjälp","href":"pht54710c4e.html"},"pht6e15ea68":{"name":"Beställa trycksaker","href":"pht6e15ea68.html","unavailable":true},"phtb94d7e13":{"name":"Skapa en kalender","href":"phtb94d7e13.html","unavailable":true},"phtae4e05c67":{"name":"Från lagringsmedier","href":"phtae4e05c67.html","unavailable":true},"phtab5e6905":{"name":"Formatera boktext","href":"phtab5e6905.html","unavailable":true},"pht6e157c5f":{"name":"Exportera bilder, videor och bildspel","href":"pht6e157c5f.html","unavailable":true},"pht1ed9b966d":{"name":"Ändra var Bilder lagrar dina filer","href":"pht1ed9b966d.html","unavailable":true},"pht6d97570c":{"name":"Använda iTunes","href":"pht6d97570c.html","unavailable":true},"pht6dc73ede":{"categories":["glossary"],"name":"icke-destruktiv redigering","href":"pht6dc73ede.html","unavailable":true},"pht4c00b8ddc":{"name":"Visa bilder efter plats","href":"pht4c00b8ddc.html","unavailable":true},"pht3bfab2f96":{"name":"Radera bilder och video","href":"pht3bfab2f96.html","unavailable":true},"pht10107cfa":{"categories":["glossary"],"name":"nyckelbild","href":"pht10107cfa.html","unavailable":true},"phtae8c6d40":{"name":"Skapa bildspel","href":"phtae8c6d40.html","unavailable":true},"pht5c38b77c5":{"name":"Retuschera bilder","href":"pht5c38b77c5.html","unavailable":true},"phtb94d9674":{"name":"Lägga till eller ta bort bilder","href":"phtb94d9674.html","unavailable":true},"phtc9d389ecc":{"name":"Justera en bild","href":"phtc9d389ecc.html","unavailable":true},"phtc3c7b374":{"categories":["glossary"],"name":"SD-kort","href":"phtc3c7b374.html","unavailable":true},"phtb94d9019":{"name":"Ändra datuminformation","href":"phtb94d9019.html","unavailable":true},"pht6d60d10f":{"name":"Säkerhetskopiera Bilder-biblioteket","href":"pht6d60d10f.html","unavailable":true},"pht6c804da9":{"name":"Från andra program","href":"pht6c804da9.html","unavailable":true},"pht6e15caf3":{"name":"Förbereda ett projekt för beställning","href":"pht6e15caf3.html","unavailable":true},"phtb94da1cb":{"name":"Formatera kalendertext","href":"phtb94da1cb.html","unavailable":true},"pht6be18f93":{"name":"Reparera biblioteket","href":"pht6be18f93.html","unavailable":true},"pht6e4207c4":{"name":"Använd Mail","href":"pht6e4207c4.html","unavailable":true},"phtc4361d5a":{"name":"Använda Meddelanden","href":"phtc4361d5a.html","unavailable":true},"pht13f0918f0":{"name":"Beskära och räta upp bilder","href":"pht13f0918f0.html","unavailable":true},"phte0af949f0":{"name":"Använda filter på bilder","href":"phte0af949f0.html","unavailable":true},"pht56eafa987":{"name":"Visa bilder","href":"pht56eafa987.html","unavailable":true},"pht6e593112":{"searchName":"Kortkommandon i Bilder","unavailable":true,"name":"Kortkommandon","href":"pht6e593112.html"},"pht6e15dbdb":{"name":"Skriva ut dina egna bilder","href":"pht6e15dbdb.html","unavailable":true},"pht6d975c7d":{"name":"Titta på video","href":"pht6d975c7d.html","unavailable":true},"pht98de9846":{"categories":["glossary"],"name":"Ken Burns-effekt","href":"pht98de9846.html","unavailable":true},"pht6c803201":{"name":"Från en kamera eller mobil enhet","href":"pht6c803201.html","unavailable":true},"pht5188d4d20":{"name":"Kortkommandosymboler","href":"pht5188d4d20.html","unavailable":true},"phta48b41fd8":{"name":"Förbättra bilder automatiskt","href":"phta48b41fd8.html","unavailable":true},"pht98de9f27":{"categories":["glossary"],"name":"Bilder i RAW-format","href":"pht98de9f27.html","unavailable":true},"pht1324a500e":{"name":"Använda andra program och webbplatser","href":"pht1324a500e.html","unavailable":true},"phtdbd88e7a":{"categories":["glossary"],"name":"fotoalbum och smarta album","href":"phtdbd88e7a.html","unavailable":true},"pht337d0a03":{"name":"Ordna bilder","href":"pht337d0a03.html","unavailable":true},"pht64de33e5a":{"name":"Hitta bilder med text eller datum","href":"pht64de33e5a.html","unavailable":true},"phtad9d981ab":{"name":"Hitta bilder med ansikten","href":"phtad9d981ab.html","unavailable":true},"phtdfcac5c5":{"name":"Hantera prenumeranter","href":"phtdfcac5c5.html","unavailable":true},"phtc94a1416":{"name":"Fler resurser","href":"phtc94a1416.html","unavailable":true},"pht7a4c765b":{"name":"Översikt","href":"pht7a4c765b.html","unavailable":true},"pht12e7a8015":{"name":"Var finns mina importerade filer?","href":"pht12e7a8015.html","unavailable":true},"phtda5be08b":{"categories":["glossary"],"name":"nyckelord","href":"phtda5be08b.html","unavailable":true},"pht1d4c62349":{"name":"Använda AirDrop","href":"pht1d4c62349.html","unavailable":true},"phtab5e66ba":{"name":"Formatera korttext","href":"phtab5e66ba.html","unavailable":true},"phtc3c7c06e":{"categories":["glossary"],"name":"bildfilformat","href":"phtc3c7c06e.html","unavailable":true}},"copyright_text":"Copyright © 2015 Apple Inc. Alla rättigheter förbehålls.","css":""}