{"framework":"apd-framework-9.0.12","title":"مساعدة الصور","build_id":"55b90a4f680ce24f54e2ba1a","icon":"..\/GlobalArt\/AppIconDefault_Photos.png","sections":{"pht15cfd7b0":{"name":"استخدام مشاركة صور iCloud","children":["pht7a4c765b","pht013f36be9","phtf7fe6394","pht5f6df5f0","phtdfcac5c5","pht884a8908"]},"pht3e99bb42d":{"name":"الإيماءات واختصارات لوحة المفاتيح","children":["pht2951dfb9","pht6e593112","pht5188d4d20"]},"phtae8c5b29":{"name":"طلب المشاريع والصور المطبوعة","children":["pht211dd6d0","pht6e15ea68","pht6e15caf3","pht6e15b35b"]},"pht6d6040d1":{"name":"عرض الصور وتنظيمها","children":["pht56eafa987","pht40b0be510","phtb66b3c010","phta4e5a733f","phtcf31adcc8","pht6d60507a","pht6d975c7d","pht3bfab2f96"]},"pht6c803a97":{"name":"استيراد الصور والفيديو","children":["phta58cd90d3","pht3c36b1831","pht6c803201","phtae4e05c67","pht6c804da9","pht12e7a8015"]},"pht2883afa7":{"name":"إنشاء البطاقات","children":["pht6e157ba6","pht337d15be","pht6e15aa61","phtab5e66ba","phtab5e72eb"]},"phtb94d9ff5":{"name":"إنشاء التقويمات","children":["phtb94d7e13","phtb94d7d07","phtb94d9674","phtb94d9019","phtb94da1cb","phtb94d945b"]},"pht6d60507a":{"name":"تنظيم الصور في ألبومات","children":["phtf677b8f5","pht6d60a1f1","pht6d60ca71","pht211de0d6"]},"pht6d609918":{"name":"إدارة مكتبة الصور الخاصة بك","children":["pht211de786","pht6d60b524","pht6d60d10f","pht6d60348f","pht6be18f93","pht1ed9b966d"]},"phtaec3da2a9":{"name":"إنشاء إصدارات مطبوعة وطلبها","children":["phtae8c5b29","pht6e15dbdb"]},"phtcf31adcc8":{"name":"البحث عن الصور","children":["pht64de33e5a","pht8d0ad5198","phtad9d981ab","pht4c00b8ddc"]},"phtae8c6983":{"name":"إنشاء الكتب","children":["pht6e159147","pht337d0a03","pht337d0fd8","pht6e15c151","phtab5e6905","pht245fde94","phtab5e682b"]},"pht3c36b1831":{"name":"من iCloud","children":["phtf5e48489c","phtc0bf4b9bb"]},"pht6e41d50b":{"name":"مشاركة الصور والفيديو","children":["pht15cfd7b0","phtc4361d5a","pht6e4207c4","pht6e41eaff","pht1d4c62349","pht6d97570c","pht1324a500e","pht6e157c5f"]},"pht6dc708cc":{"name":"تحسين الصور الخاصة بك","children":["pht304c2ace6","phta48b41fd8","phtba22db5d6","pht13f0918f0","phte0af949f0","phtf5bf79313","pht5c38b77c5","phte0ee9e101","pht427071907"]},"phtf5bf79313":{"name":"تعديل مظهر الصور","children":["phtc9d389ecc","phtfd442cdbb","pht335dba352"]},"pht6e15d3aa":{"name":"إنشاء المشاريع","children":["phtae8c6d40","phtae8c6983","phtb94d9ff5","pht2883afa7"]},"pht5302d0f6":{"name":"العمل على تطبيق الصور","children":["pht5156cc968","pht6d609918","pht8a576439"]}},"birdseed_version":4,"toc":["pht035bc2c35","pht6c803a97","pht6d6040d1","pht6dc708cc","pht6e41d50b","pht6e15d3aa","phtaec3da2a9","pht5302d0f6","pht3e99bb42d"],"locale":"ar","version":"1.1","enable_tracking":false,"source_schema":"apd-schema","platform":"mac","build_date":"2015.07.29-10:21:02","landing":"pht54710c4e","product":"photos","urls":{},"copyright":"","topics":{"pht6e157ba6":{"name":"إنشاء بطاقة","href":"pht6e157ba6.html","unavailable":true},"phtb94d945b":{"name":"حذف تقويم","href":"phtb94d945b.html","unavailable":true},"pht245fde94":{"name":"إنشاء خرائط في كتاب","href":"pht245fde94.html","unavailable":true},"phtb66b3c010":{"name":"تغيير كيفية عرض الصور","href":"phtb66b3c010.html","unavailable":true},"phta58cd90d3":{"name":"عرض عام","href":"phta58cd90d3.html","unavailable":true},"pht6d60b524":{"name":"استخدام مكتبات متعددة","href":"pht6d60b524.html","unavailable":true},"pht40b0be510":{"name":"تحديد الصور وإلغاء تحديدها","href":"pht40b0be510.html","unavailable":true},"pht5706dfc6":{"categories":["glossary"],"name":"iCloud","href":"pht5706dfc6.html","unavailable":true},"pht6d60ca71":{"name":"إنشاء ألبومات ذكية","href":"pht6d60ca71.html","unavailable":true},"pht8a576439":{"name":"الحصول على تحديثات تطبيق الصور","href":"pht8a576439.html","unavailable":true},"pht9bb241b3":{"categories":["glossary"],"name":"تحديد الصور","href":"pht9bb241b3.html","unavailable":true},"pht5f6df5f0":{"name":"تغيير ألبوم مشترك","href":"pht5f6df5f0.html","unavailable":true},"phtf677b8f5":{"name":"ما هي الألبومات؟","href":"phtf677b8f5.html","unavailable":true},"pht6e15aa61":{"name":"إضافة الصور وإزالتها","href":"pht6e15aa61.html","unavailable":true},"pht304c2ace6":{"name":"أساسيات التحرير","href":"pht304c2ace6.html","unavailable":true},"pht211de0d6":{"name":"إنشاء مجلدات","href":"pht211de0d6.html","unavailable":true},"pht427071907":{"name":"التحرير باستخدام الملحقات","href":"pht427071907.html","unavailable":true},"pht6d60348f":{"name":"الاستعادة من Time Machine","href":"pht6d60348f.html","unavailable":true},"phtf5e48489c":{"name":"من مكتبة صور iCloud","href":"phtf5e48489c.html","unavailable":true},"phtc0bf4b9bb":{"name":"من تدفق الصور الخاص بي","href":"phtc0bf4b9bb.html","unavailable":true},"pht6e15b35b":{"name":"طلب كتاب أو بطاقة أو تقويم","href":"pht6e15b35b.html","unavailable":true},"phtfd442cdbb":{"name":"إجراء تعديلات متقدمة","href":"phtfd442cdbb.html","unavailable":true},"phte0ee9e101":{"name":"إزالة العين الحمراء","href":"phte0ee9e101.html","unavailable":true},"pht98de9564":{"categories":["glossary"],"name":"إخراج","href":"pht98de9564.html","unavailable":true},"phtc3c7c148":{"categories":["glossary"],"name":"انتشار الصفحة","href":"phtc3c7c148.html","unavailable":true},"pht6e15c151":{"name":"العمل على الصفحات","href":"pht6e15c151.html","unavailable":true},"pht211de786":{"name":"عرض عام","href":"pht211de786.html","unavailable":true},"pht101081c3":{"categories":["glossary"],"name":"صورة مصغرة","href":"pht101081c3.html","unavailable":true},"pht9b4411b24":{"name":"اختصارات لوحة المفاتيح والإيماءات","href":"pht9b4411b24.html","searchName":"اختصارات لوحة المفاتيح في الصور"},"pht10107b78":{"categories":["glossary"],"name":"نسبة الحجم","href":"pht10107b78.html","unavailable":true},"phtab5e72eb":{"name":"حذف بطاقة","href":"phtab5e72eb.html","unavailable":true},"pht6d60a1f1":{"name":"إنشاء ألبومات","href":"pht6d60a1f1.html","unavailable":true},"pht884a8908":{"name":"الاشتراك في الألبومات","href":"pht884a8908.html","unavailable":true},"phtab5e682b":{"name":"حذف كتاب","href":"phtab5e682b.html","unavailable":true},"pht013f36be9":{"name":"تشغيل مشاركة صور iCloud أو إيقافها","href":"pht013f36be9.html","unavailable":true},"pht211dd6d0":{"name":"عرض عام","href":"pht211dd6d0.html","unavailable":true},"phtb94d7d07":{"name":"ترتيب الصور","href":"phtb94d7d07.html","unavailable":true},"pht6e159147":{"name":"إنشاء كتاب صور","href":"pht6e159147.html","unavailable":true},"pht335dba352":{"name":"تخصيص جزء التعديلات","href":"pht335dba352.html","unavailable":true},"phtba22db5d6":{"name":"تدوير الصور","href":"phtba22db5d6.html","unavailable":true},"pht6e41eaff":{"name":"استخدام Facebook وFlickr وTwitter","href":"pht6e41eaff.html","unavailable":true},"phtf7fe6394":{"name":"إنشاء ألبوم مشترك","href":"phtf7fe6394.html","unavailable":true},"pht035bc2c35":{"name":"عرض عام لتطبيق الصور","href":"pht035bc2c35.html","unavailable":true},"pht337d15be":{"name":"ترتيب الصور","href":"pht337d15be.html","unavailable":true},"pht8d0ad5198":{"name":"البحث عن الصور من خلال كلمة أساسية","href":"pht8d0ad5198.html","unavailable":true},"pht2951dfb9":{"name":"إيماءات لوحة التعقب","href":"pht2951dfb9.html","unavailable":true},"phtb711c0fd":{"categories":["glossary"],"name":"Apple ID","href":"phtb711c0fd.html","unavailable":true},"pht5156cc968":{"name":"تعيين تفضيلات الصور","href":"pht5156cc968.html","unavailable":true},"phta4e5a733f":{"name":"عرض معلومات الصور وإضافتها","href":"phta4e5a733f.html","unavailable":true},"pht337d0fd8":{"name":"إضافة الصور وإزالتها","href":"pht337d0fd8.html","unavailable":true},"pht54710c4e":{"icon":"..\/GlobalArt\/AppLanding_Photos.png","categories":["landing"],"name":"مساعدة الصور","href":"pht54710c4e.html"},"pht6e15ea68":{"name":"طلب مطبوعات احترافية","href":"pht6e15ea68.html","unavailable":true},"phtb94d7e13":{"name":"إنشاء تقويم","href":"phtb94d7e13.html","unavailable":true},"phtae4e05c67":{"name":"من وسائط تخزين","href":"phtae4e05c67.html","unavailable":true},"phtab5e6905":{"name":"تنسيق نص الكتاب","href":"phtab5e6905.html","unavailable":true},"pht6e157c5f":{"name":"تصدير الصور ومقاطع الفيديو وعروض الشرائح","href":"pht6e157c5f.html","unavailable":true},"pht1ed9b966d":{"name":"تغيير الموقع الذي يقوم تطبيق الصور بتخزين ملفاتك فيه","href":"pht1ed9b966d.html","unavailable":true},"pht6d97570c":{"name":"استخدام iTunes","href":"pht6d97570c.html","unavailable":true},"pht6dc73ede":{"categories":["glossary"],"name":"تحرير دون إتلاف","href":"pht6dc73ede.html","unavailable":true},"pht4c00b8ddc":{"name":"عرض الصور من خلال الموقع","href":"pht4c00b8ddc.html","unavailable":true},"pht3bfab2f96":{"name":"حذف الصور والفيديو","href":"pht3bfab2f96.html","unavailable":true},"pht10107cfa":{"categories":["glossary"],"name":"صورة أساسية","href":"pht10107cfa.html","unavailable":true},"phtae8c6d40":{"name":"نشاء عروض الشرائح","href":"phtae8c6d40.html","unavailable":true},"pht5c38b77c5":{"name":"تنقيح الصور","href":"pht5c38b77c5.html","unavailable":true},"phtb94d9674":{"name":"إضافة الصور أو إزالتها","href":"phtb94d9674.html","unavailable":true},"phtc9d389ecc":{"name":"تعديل صورة","href":"phtc9d389ecc.html","unavailable":true},"phtc3c7b374":{"categories":["glossary"],"name":"بطاقة SD","href":"phtc3c7b374.html","unavailable":true},"phtb94d9019":{"name":"تغيير معلومات التاريخ","href":"phtb94d9019.html","unavailable":true},"pht6d60d10f":{"name":"نسخ مكتبة الصور احتياطيًا","href":"pht6d60d10f.html","unavailable":true},"pht6c804da9":{"name":"من تطبيقات أخرى","href":"pht6c804da9.html","unavailable":true},"pht6e15caf3":{"name":"تحضير مشروع للطباعة","href":"pht6e15caf3.html","unavailable":true},"phtb94da1cb":{"name":"تنسيق نص التقويم","href":"phtb94da1cb.html","unavailable":true},"pht6be18f93":{"name":"إصلاح مكتبتك","href":"pht6be18f93.html","unavailable":true},"pht6e4207c4":{"name":"استخدام Mail","href":"pht6e4207c4.html","unavailable":true},"phtc4361d5a":{"name":"استخدام تطبيق الرسائل","href":"phtc4361d5a.html","unavailable":true},"pht13f0918f0":{"name":"اقتصاص الصور أو تسويتها","href":"pht13f0918f0.html","unavailable":true},"phte0af949f0":{"name":"تطبيق الفلاتر على الصور","href":"phte0af949f0.html","unavailable":true},"pht56eafa987":{"name":"عرض الصور","href":"pht56eafa987.html","unavailable":true},"pht6e593112":{"searchName":"اختصارات لوحة المفاتيح في الصور","unavailable":true,"name":"اختصارات لوحة المفاتيح","href":"pht6e593112.html"},"pht6e15dbdb":{"name":"طباعة الصور الخاصة بك","href":"pht6e15dbdb.html","unavailable":true},"pht6d975c7d":{"name":"عرض الفيديو","href":"pht6d975c7d.html","unavailable":true},"pht98de9846":{"categories":["glossary"],"name":"تأثير Ken Burns","href":"pht98de9846.html","unavailable":true},"pht6c803201":{"name":"من كاميرا أو جهاز جوال","href":"pht6c803201.html","unavailable":true},"pht5188d4d20":{"name":"رموز اختصارات لوحة المفاتيح","href":"pht5188d4d20.html","unavailable":true},"phta48b41fd8":{"name":"تحسين الصور تلقائيًا","href":"phta48b41fd8.html","unavailable":true},"pht98de9f27":{"categories":["glossary"],"name":"صور بتنسيق RAW","href":"pht98de9f27.html","unavailable":true},"pht1324a500e":{"name":"استخدام تطبيقات مواقع ويب أخرى","href":"pht1324a500e.html","unavailable":true},"phtdbd88e7a":{"categories":["glossary"],"name":"ألبومات الصور والألبومات الذكية","href":"phtdbd88e7a.html","unavailable":true},"pht337d0a03":{"name":"ترتيب الصور","href":"pht337d0a03.html","unavailable":true},"pht64de33e5a":{"name":"البحث عن الصور من خلال النص أو التاريخ","href":"pht64de33e5a.html","unavailable":true},"phtad9d981ab":{"name":"البحث عن الصور من خلال الوجه","href":"phtad9d981ab.html","unavailable":true},"phtdfcac5c5":{"name":"إدارة المشتركين","href":"phtdfcac5c5.html","unavailable":true},"phtc94a1416":{"name":"المزيد من الموارد","href":"phtc94a1416.html","unavailable":true},"pht7a4c765b":{"name":"عرض عام","href":"pht7a4c765b.html","unavailable":true},"pht12e7a8015":{"name":"أين توجد ملفاتي التي يتم استيرادها؟","href":"pht12e7a8015.html","unavailable":true},"phtda5be08b":{"categories":["glossary"],"name":"كلمة أساسية","href":"phtda5be08b.html","unavailable":true},"pht1d4c62349":{"name":"استخدام AirDrop","href":"pht1d4c62349.html","unavailable":true},"phtab5e66ba":{"name":"تنسيق نص البطاقة","href":"phtab5e66ba.html","unavailable":true},"phtc3c7c06e":{"categories":["glossary"],"name":"تنسيقات ملفات الصور","href":"phtc3c7c06e.html","unavailable":true}},"copyright_text":"‏© 2015 Apple Inc.‎‏ كافة الحقوق محفوظة.","css":""}