{"framework":"apd-framework-9.0.8","title":"Ajutor Poze","build_id":"55b17b24680ce2c256ec6dae","icon":"..\/GlobalArt\/AppIconDefault_Photos.png","sections":{"pht15cfd7b0":{"name":"Utilizarea partajării pozelor iCloud","children":["pht7a4c765b","pht013f36be9","phtf7fe6394","pht5f6df5f0","phtdfcac5c5","pht884a8908"]},"pht3e99bb42d":{"name":"Gesturi și scurtături din tastatură","children":["pht2951dfb9","pht6e593112","pht5188d4d20"]},"phtae8c5b29":{"name":"Comandarea pozelor și a proiectelor tipărite","children":["pht211dd6d0","pht6e15ea68","pht6e15caf3","pht6e15b35b"]},"pht6d6040d1":{"name":"Vizualizarea și organizarea pozelor dvs.","children":["pht56eafa987","pht40b0be510","phtb66b3c010","phta4e5a733f","phtcf31adcc8","pht6d60507a","pht6d975c7d","pht3bfab2f96"]},"pht6c803a97":{"name":"Importarea pozelor și a clipurilor video","children":["phta58cd90d3","pht3c36b1831","pht6c803201","phtae4e05c67","pht6c804da9","pht12e7a8015"]},"pht2883afa7":{"name":"Crearea ilustratelor","children":["pht6e157ba6","pht337d15be","pht6e15aa61","phtab5e66ba","phtab5e72eb"]},"phtb94d9ff5":{"name":"Crearea calendarelor","children":["phtb94d7e13","phtb94d7d07","phtb94d9674","phtb94d9019","phtb94da1cb","phtb94d945b"]},"pht6d60507a":{"name":"Organizarea pozelor în albume","children":["phtf677b8f5","pht6d60a1f1","pht6d60ca71","pht211de0d6"]},"pht6d609918":{"name":"Gestionarea bibliotecii dvs. foto","children":["pht211de786","pht6d60b524","pht6d60d10f","pht6d60348f","pht6be18f93","pht1ed9b966d"]},"phtaec3da2a9":{"name":"Crearea și comandarea exemplarelor tipărite","children":["phtae8c5b29","pht6e15dbdb"]},"phtcf31adcc8":{"name":"Găsirea pozelor","children":["pht64de33e5a","pht8d0ad5198","phtad9d981ab","pht4c00b8ddc"]},"phtae8c6983":{"name":"Crearea cărților","children":["pht6e159147","pht337d0a03","pht337d0fd8","pht6e15c151","phtab5e6905","pht245fde94","phtab5e682b"]},"pht3c36b1831":{"name":"De pe iCloud","children":["phtf5e48489c","phtc0bf4b9bb"]},"pht6e41d50b":{"name":"Partajarea pozelor și a clipurilor dvs. video","children":["pht15cfd7b0","phtc4361d5a","pht6e4207c4","pht6e41eaff","pht1d4c62349","pht6d97570c","pht1324a500e","pht6e157c5f"]},"pht6dc708cc":{"name":"Îmbunătățirea pozelor dvs.","children":["pht304c2ace6","phta48b41fd8","phtba22db5d6","pht13f0918f0","phte0af949f0","phtf5bf79313","pht5c38b77c5","phte0ee9e101","pht427071907"]},"phtf5bf79313":{"name":"Ajustarea aspectului pozelor","children":["phtc9d389ecc","phtfd442cdbb","pht335dba352"]},"pht6e15d3aa":{"name":"Crearea proiectelor","children":["phtae8c6d40","phtae8c6983","phtb94d9ff5","pht2883afa7"]},"pht5302d0f6":{"name":"Lucrul cu aplicația Poze","children":["pht5156cc968","pht6d609918","pht8a576439"]}},"birdseed_version":4,"toc":["pht035bc2c35","pht6c803a97","pht6d6040d1","pht6dc708cc","pht6e41d50b","pht6e15d3aa","phtaec3da2a9","pht5302d0f6","pht3e99bb42d"],"locale":"ro","version":"1.1","enable_tracking":false,"source_schema":"apd-schema","platform":"mac","build_date":"2015.07.23-17:41:02","landing":"pht54710c4e","product":"photos","urls":{},"copyright":"","topics":{"pht6e157ba6":{"name":"Crearea unei ilustrate","href":"pht6e157ba6.html","unavailable":true},"phtb94d945b":{"name":"Ștergerea unui calendar","href":"phtb94d945b.html","unavailable":true},"pht245fde94":{"name":"Crearea hărților într-o carte","href":"pht245fde94.html","unavailable":true},"phtb66b3c010":{"name":"Modificarea modului de afișare a pozelor","href":"phtb66b3c010.html","unavailable":true},"phta58cd90d3":{"name":"Privire de ansamblu","href":"phta58cd90d3.html","unavailable":true},"pht6d60b524":{"name":"Utilizarea bibliotecilor multiple","href":"pht6d60b524.html","unavailable":true},"pht40b0be510":{"name":"Selectarea și deselectarea pozelor","href":"pht40b0be510.html","unavailable":true},"pht5706dfc6":{"categories":["glossary"],"name":"iCloud","href":"pht5706dfc6.html","unavailable":true},"pht6d60ca71":{"name":"Crearea albumelor inteligente","href":"pht6d60ca71.html","unavailable":true},"pht8a576439":{"name":"Obținerea de actualizări pentru Poze","href":"pht8a576439.html","unavailable":true},"pht9bb241b3":{"categories":["glossary"],"name":"selectarea pozelor","href":"pht9bb241b3.html","unavailable":true},"pht5f6df5f0":{"name":"Modificarea unui album partajat","href":"pht5f6df5f0.html","unavailable":true},"phtf677b8f5":{"name":"Ce sunt albumele?","href":"phtf677b8f5.html","unavailable":true},"pht6e15aa61":{"name":"Adăugarea și eliminarea pozelor","href":"pht6e15aa61.html","unavailable":true},"pht304c2ace6":{"name":"Noțiuni elementare privind editarea","href":"pht304c2ace6.html","unavailable":true},"pht211de0d6":{"name":"Crearea dosarelor","href":"pht211de0d6.html","unavailable":true},"pht427071907":{"name":"Editarea folosind extensii","href":"pht427071907.html","unavailable":true},"pht6d60348f":{"name":"Restaurarea din Time Machine","href":"pht6d60348f.html","unavailable":true},"phtf5e48489c":{"name":"Din biblioteca foto iCloud","href":"phtf5e48489c.html","unavailable":true},"phtc0bf4b9bb":{"name":"Din fluxul dvs. foto","href":"phtc0bf4b9bb.html","unavailable":true},"pht6e15b35b":{"name":"Comandarea unei cărți, a unei ilustrate sau a unui calendar","href":"pht6e15b35b.html","unavailable":true},"phtfd442cdbb":{"name":"Efectuarea ajustărilor avansate","href":"phtfd442cdbb.html","unavailable":true},"phte0ee9e101":{"name":"Eliminarea ochilor roșii","href":"phte0ee9e101.html","unavailable":true},"pht98de9564":{"categories":["glossary"],"name":"ejectare","href":"pht98de9564.html","unavailable":true},"phtc3c7c148":{"categories":["glossary"],"name":"pagină dublă","href":"phtc3c7c148.html","unavailable":true},"pht6e15c151":{"name":"Lucrul cu paginile","href":"pht6e15c151.html","unavailable":true},"pht211de786":{"name":"Privire de ansamblu","href":"pht211de786.html","unavailable":true},"pht101081c3":{"categories":["glossary"],"name":"miniatură","href":"pht101081c3.html","unavailable":true},"pht9b4411b24":{"name":"Scurtături din tastatură și gesturi","href":"pht9b4411b24.html","searchName":"Scurtături din tastatură pentru Poze"},"pht10107b78":{"categories":["glossary"],"name":"raport de dimensiune","href":"pht10107b78.html","unavailable":true},"phtab5e72eb":{"name":"Ștergerea unei ilustrate","href":"phtab5e72eb.html","unavailable":true},"pht6d60a1f1":{"name":"Crearea albumelor","href":"pht6d60a1f1.html","unavailable":true},"pht884a8908":{"name":"Abonarea la albume","href":"pht884a8908.html","unavailable":true},"phtab5e682b":{"name":"Ștergerea unei cărți","href":"phtab5e682b.html","unavailable":true},"pht013f36be9":{"name":"Activarea și dezactivarea partajării pozelor iCloud","href":"pht013f36be9.html","unavailable":true},"pht211dd6d0":{"name":"Privire de ansamblu","href":"pht211dd6d0.html","unavailable":true},"phtb94d7d07":{"name":"Aranjarea pozelor","href":"phtb94d7d07.html","unavailable":true},"pht6e159147":{"name":"Crearea unei cărți foto","href":"pht6e159147.html","unavailable":true},"pht335dba352":{"name":"Personalizarea panoului Ajustări","href":"pht335dba352.html","unavailable":true},"phtba22db5d6":{"name":"Rotirea pozelor","href":"phtba22db5d6.html","unavailable":true},"pht6e41eaff":{"name":"Utilizarea Facebook, Flickr și Twitter","href":"pht6e41eaff.html","unavailable":true},"phtf7fe6394":{"name":"Crearea unui album partajat","href":"phtf7fe6394.html","unavailable":true},"pht035bc2c35":{"name":"Privire de ansamblu Poze","href":"pht035bc2c35.html","unavailable":true},"pht337d15be":{"name":"Aranjarea pozelor","href":"pht337d15be.html","unavailable":true},"pht8d0ad5198":{"name":"Găsirea pozelor după cuvinte cheie","href":"pht8d0ad5198.html","unavailable":true},"pht2951dfb9":{"name":"Gesturi pe trackpad","href":"pht2951dfb9.html","unavailable":true},"phtb711c0fd":{"categories":["glossary"],"name":"ID Apple","href":"phtb711c0fd.html","unavailable":true},"pht5156cc968":{"name":"Definirea preferințelor pentru Poze","href":"pht5156cc968.html","unavailable":true},"phta4e5a733f":{"name":"Vizualizarea și adăugarea informațiilor pozelor","href":"phta4e5a733f.html","unavailable":true},"pht337d0fd8":{"name":"Adăugarea și eliminarea pozelor","href":"pht337d0fd8.html","unavailable":true},"pht54710c4e":{"icon":"..\/GlobalArt\/AppLanding_Photos.png","categories":["landing"],"name":"Ajutor Poze","href":"pht54710c4e.html"},"pht6e15ea68":{"name":"Comandarea exemplarelor tipărite profesionist","href":"pht6e15ea68.html","unavailable":true},"phtb94d7e13":{"name":"Crearea unui calendar","href":"phtb94d7e13.html","unavailable":true},"phtae4e05c67":{"name":"De pe un dispozitiv de stocare","href":"phtae4e05c67.html","unavailable":true},"phtab5e6905":{"name":"Formarea textului cărții","href":"phtab5e6905.html","unavailable":true},"pht6e157c5f":{"name":"Exportarea pozelor, clipurilor video și a diaporamelor","href":"pht6e157c5f.html","unavailable":true},"pht1ed9b966d":{"name":"Schimbarea locului unde sunt stocate fișierele de aplicația Poze","href":"pht1ed9b966d.html","unavailable":true},"pht6d97570c":{"name":"Utilizarea iTunes","href":"pht6d97570c.html","unavailable":true},"pht6dc73ede":{"categories":["glossary"],"name":"editare nedistructivă","href":"pht6dc73ede.html","unavailable":true},"pht4c00b8ddc":{"name":"Vizualizarea pozelor după localizare","href":"pht4c00b8ddc.html","unavailable":true},"pht3bfab2f96":{"name":"Ștergerea pozelor și a clipurilor video","href":"pht3bfab2f96.html","unavailable":true},"pht10107cfa":{"categories":["glossary"],"name":"poză cheie","href":"pht10107cfa.html","unavailable":true},"phtae8c6d40":{"name":"Crearea diaporamelor","href":"phtae8c6d40.html","unavailable":true},"pht5c38b77c5":{"name":"Retușarea pozelor","href":"pht5c38b77c5.html","unavailable":true},"phtb94d9674":{"name":"Adăugarea sau eliminarea pozelor","href":"phtb94d9674.html","unavailable":true},"phtc9d389ecc":{"name":"Ajustarea unei poze","href":"phtc9d389ecc.html","unavailable":true},"phtc3c7b374":{"categories":["glossary"],"name":"Card SD","href":"phtc3c7b374.html","unavailable":true},"phtb94d9019":{"name":"Schimbarea informațiilor de dată","href":"phtb94d9019.html","unavailable":true},"pht6d60d10f":{"name":"Efectuarea backupului bibliotecii dvs. foto","href":"pht6d60d10f.html","unavailable":true},"pht6c804da9":{"name":"Din alte aplicații","href":"pht6c804da9.html","unavailable":true},"pht6e15caf3":{"name":"Pregătirea unui proiect pentru tipărire","href":"pht6e15caf3.html","unavailable":true},"phtb94da1cb":{"name":"Formarea textului calendarului","href":"phtb94da1cb.html","unavailable":true},"pht6be18f93":{"name":"Repararea bibliotecii dvs.","href":"pht6be18f93.html","unavailable":true},"pht6e4207c4":{"name":"Utilizarea aplicației Mail","href":"pht6e4207c4.html","unavailable":true},"phtc4361d5a":{"name":"Utilizarea aplicației Mesaje","href":"phtc4361d5a.html","unavailable":true},"pht13f0918f0":{"name":"Decuparea și îndreptarea pozelor","href":"pht13f0918f0.html","unavailable":true},"phte0af949f0":{"name":"Aplicarea de filtre asupra pozelor","href":"phte0af949f0.html","unavailable":true},"pht56eafa987":{"name":"Vizualizarea pozelor","href":"pht56eafa987.html","unavailable":true},"pht6e593112":{"searchName":"Scurtături din tastatură pentru Poze","unavailable":true,"name":"Scurtături din tastatură","href":"pht6e593112.html"},"pht6e15dbdb":{"name":"Tipărirea pozelor dvs.","href":"pht6e15dbdb.html","unavailable":true},"pht6d975c7d":{"name":"Vizualizarea clipurilor video","href":"pht6d975c7d.html","unavailable":true},"pht98de9846":{"categories":["glossary"],"name":"efect Ken Burns","href":"pht98de9846.html","unavailable":true},"pht6c803201":{"name":"De pe o cameră sau un dispozitiv mobil","href":"pht6c803201.html","unavailable":true},"pht5188d4d20":{"name":"Simbolurile scurtăturilor din tastatură","href":"pht5188d4d20.html","unavailable":true},"phta48b41fd8":{"name":"Îmbunătățirea automată a pozelor","href":"phta48b41fd8.html","unavailable":true},"pht98de9f27":{"categories":["glossary"],"name":"Poze în format RAW","href":"pht98de9f27.html","unavailable":true},"pht1324a500e":{"name":"Utilizarea altor aplicații și site-uri web","href":"pht1324a500e.html","unavailable":true},"phtdbd88e7a":{"categories":["glossary"],"name":"albume foto și albume inteligente","href":"phtdbd88e7a.html","unavailable":true},"pht337d0a03":{"name":"Aranjarea pozelor","href":"pht337d0a03.html","unavailable":true},"pht64de33e5a":{"name":"Găsirea pozelor după text sau dată","href":"pht64de33e5a.html","unavailable":true},"phtad9d981ab":{"name":"Găsirea pozelor după chip","href":"phtad9d981ab.html","unavailable":true},"phtdfcac5c5":{"name":"Gestionarea abonaților","href":"phtdfcac5c5.html","unavailable":true},"phtc94a1416":{"name":"Mai multe resurse","href":"phtc94a1416.html","unavailable":true},"pht7a4c765b":{"name":"Privire de ansamblu","href":"pht7a4c765b.html","unavailable":true},"pht12e7a8015":{"name":"Unde sunt fișierele importate de dvs?","href":"pht12e7a8015.html","unavailable":true},"phtda5be08b":{"categories":["glossary"],"name":"cuvânt cheie","href":"phtda5be08b.html","unavailable":true},"pht1d4c62349":{"name":"Utilizarea AirDrop","href":"pht1d4c62349.html","unavailable":true},"phtab5e66ba":{"name":"Formarea textului ilustratei","href":"phtab5e66ba.html","unavailable":true},"phtc3c7c06e":{"categories":["glossary"],"name":"formate de fișiere de imagine","href":"phtc3c7c06e.html","unavailable":true}},"copyright_text":"© 2015 Apple Inc. Toate drepturile rezervate.","css":""}