{"framework":"apd-framework-9.0.8","title":"Довідка програми «Фотографії»","build_id":"55b17b2c680ce2c256ec6e20","icon":"..\/GlobalArt\/AppIconDefault_Photos.png","sections":{"pht15cfd7b0":{"name":"Використання спільного доступу до фотографій в iCloud","children":["pht7a4c765b","pht013f36be9","phtf7fe6394","pht5f6df5f0","phtdfcac5c5","pht884a8908"]},"pht3e99bb42d":{"name":"Жести й клавіатурні скорочення","children":["pht2951dfb9","pht6e593112","pht5188d4d20"]},"phtae8c5b29":{"name":"Замовлення відбитків фотографій і проектів","children":["pht211dd6d0","pht6e15ea68","pht6e15caf3","pht6e15b35b"]},"pht6d6040d1":{"name":"Перегляд і упорядкування фотографій","children":["pht56eafa987","pht40b0be510","phtb66b3c010","phta4e5a733f","phtcf31adcc8","pht6d60507a","pht6d975c7d","pht3bfab2f96"]},"pht6c803a97":{"name":"Імпорт фотографій і відео","children":["phta58cd90d3","pht3c36b1831","pht6c803201","phtae4e05c67","pht6c804da9","pht12e7a8015"]},"pht2883afa7":{"name":"Створення листівок","children":["pht6e157ba6","pht337d15be","pht6e15aa61","phtab5e66ba","phtab5e72eb"]},"phtb94d9ff5":{"name":"Створення календарів","children":["phtb94d7e13","phtb94d7d07","phtb94d9674","phtb94d9019","phtb94da1cb","phtb94d945b"]},"pht6d60507a":{"name":"Упорядкування фотографій у колекціях","children":["phtf677b8f5","pht6d60a1f1","pht6d60ca71","pht211de0d6"]},"pht6d609918":{"name":"Керування бібліотекою програми «Фотографії»","children":["pht211de786","pht6d60b524","pht6d60d10f","pht6d60348f","pht6be18f93","pht1ed9b966d"]},"phtaec3da2a9":{"name":"Створення та замовлення відбитків","children":["phtae8c5b29","pht6e15dbdb"]},"phtcf31adcc8":{"name":"Пошук фотографій","children":["pht64de33e5a","pht8d0ad5198","phtad9d981ab","pht4c00b8ddc"]},"phtae8c6983":{"name":"Створення книг","children":["pht6e159147","pht337d0a03","pht337d0fd8","pht6e15c151","phtab5e6905","pht245fde94","phtab5e682b"]},"pht3c36b1831":{"name":"З iCloud","children":["phtf5e48489c","phtc0bf4b9bb"]},"pht6e41d50b":{"name":"Оприлюднення фотографій і відео","children":["pht15cfd7b0","phtc4361d5a","pht6e4207c4","pht6e41eaff","pht1d4c62349","pht6d97570c","pht1324a500e","pht6e157c5f"]},"pht6dc708cc":{"name":"Поліпшення фотографій","children":["pht304c2ace6","phta48b41fd8","phtba22db5d6","pht13f0918f0","phte0af949f0","phtf5bf79313","pht5c38b77c5","phte0ee9e101","pht427071907"]},"phtf5bf79313":{"name":"Коригування вигляду фото","children":["phtc9d389ecc","phtfd442cdbb","pht335dba352"]},"pht6e15d3aa":{"name":"Створення проектів","children":["phtae8c6d40","phtae8c6983","phtb94d9ff5","pht2883afa7"]},"pht5302d0f6":{"name":"Робота в програмі «Фотографії»","children":["pht5156cc968","pht6d609918","pht8a576439"]}},"birdseed_version":4,"toc":["pht035bc2c35","pht6c803a97","pht6d6040d1","pht6dc708cc","pht6e41d50b","pht6e15d3aa","phtaec3da2a9","pht5302d0f6","pht3e99bb42d"],"locale":"uk","version":"1.1","enable_tracking":false,"source_schema":"apd-schema","platform":"mac","build_date":"2015.07.23-17:31:11","landing":"pht54710c4e","product":"photos","urls":{},"copyright":"","topics":{"pht6e157ba6":{"name":"Створення листівки","href":"pht6e157ba6.html","unavailable":true},"phtb94d945b":{"name":"Видалення календаря","href":"phtb94d945b.html","unavailable":true},"pht245fde94":{"name":"Створення карт у книзі","href":"pht245fde94.html","unavailable":true},"phtb66b3c010":{"name":"Змінення способу відображення фотографій","href":"phtb66b3c010.html","unavailable":true},"phta58cd90d3":{"name":"Огляд","href":"phta58cd90d3.html","unavailable":true},"pht6d60b524":{"name":"Використання кількох бібліотек","href":"pht6d60b524.html","unavailable":true},"pht40b0be510":{"name":"Вибір фотографій","href":"pht40b0be510.html","unavailable":true},"pht5706dfc6":{"categories":["glossary"],"name":"iCloud","href":"pht5706dfc6.html","unavailable":true},"pht6d60ca71":{"name":"Створення динамічної колекції","href":"pht6d60ca71.html","unavailable":true},"pht8a576439":{"name":"Отримання оновлень програми «Фотографії»","href":"pht8a576439.html","unavailable":true},"pht9bb241b3":{"categories":["glossary"],"name":"вибір фотографій","href":"pht9bb241b3.html","unavailable":true},"pht5f6df5f0":{"name":"Редагування спільної колекції","href":"pht5f6df5f0.html","unavailable":true},"phtf677b8f5":{"name":"Що таке колекції?","href":"phtf677b8f5.html","unavailable":true},"pht6e15aa61":{"name":"Додавання та видалення фотографій","href":"pht6e15aa61.html","unavailable":true},"pht304c2ace6":{"name":"Основи редагування","href":"pht304c2ace6.html","unavailable":true},"pht211de0d6":{"name":"Створення папок","href":"pht211de0d6.html","unavailable":true},"pht427071907":{"name":"Редагування за допомогою розширень","href":"pht427071907.html","unavailable":true},"pht6d60348f":{"name":"Відновлення резервної копії з Time Machine","href":"pht6d60348f.html","unavailable":true},"phtf5e48489c":{"name":"З фототеки iCloud","href":"phtf5e48489c.html","unavailable":true},"phtc0bf4b9bb":{"name":"З Мого фотопотоку","href":"phtc0bf4b9bb.html","unavailable":true},"pht6e15b35b":{"name":"Замовлення альбому, листівки або календаря","href":"pht6e15b35b.html","unavailable":true},"phtfd442cdbb":{"name":"Додаткове коригування","href":"phtfd442cdbb.html","unavailable":true},"phte0ee9e101":{"name":"Вилучення ефекту червоних очей","href":"phte0ee9e101.html","unavailable":true},"pht98de9564":{"categories":["glossary"],"name":"виймання","href":"pht98de9564.html","unavailable":true},"phtc3c7c148":{"categories":["glossary"],"name":"розворот","href":"phtc3c7c148.html","unavailable":true},"pht6e15c151":{"name":"Робота зі сторінками","href":"pht6e15c151.html","unavailable":true},"pht211de786":{"name":"Огляд","href":"pht211de786.html","unavailable":true},"pht101081c3":{"categories":["glossary"],"name":"мініатюра","href":"pht101081c3.html","unavailable":true},"pht9b4411b24":{"name":"Клавіатурні скорочення й жести","href":"pht9b4411b24.html","searchName":"Клавіатурні скорочення у програмі «Фотографії»"},"pht10107b78":{"categories":["glossary"],"name":"співвідношення сторін","href":"pht10107b78.html","unavailable":true},"phtab5e72eb":{"name":"Видалення листівки","href":"phtab5e72eb.html","unavailable":true},"pht6d60a1f1":{"name":"Створення колекції","href":"pht6d60a1f1.html","unavailable":true},"pht884a8908":{"name":"Підписка на колекції","href":"pht884a8908.html","unavailable":true},"phtab5e682b":{"name":"Видалення альбому","href":"phtab5e682b.html","unavailable":true},"pht013f36be9":{"name":"Увімкнення та вимкнення спільного доступу до фотографій в iCloud","href":"pht013f36be9.html","unavailable":true},"pht211dd6d0":{"name":"Огляд","href":"pht211dd6d0.html","unavailable":true},"phtb94d7d07":{"name":"Упорядкування фотографій","href":"phtb94d7d07.html","unavailable":true},"pht6e159147":{"name":"Створення альбому","href":"pht6e159147.html","unavailable":true},"pht335dba352":{"name":"Настроювання панелі коригування","href":"pht335dba352.html","unavailable":true},"phtba22db5d6":{"name":"Поворот фотографій","href":"phtba22db5d6.html","unavailable":true},"pht6e41eaff":{"name":"Використання Facebook, Flickr і Twitter","href":"pht6e41eaff.html","unavailable":true},"phtf7fe6394":{"name":"Створення спільної колекції","href":"phtf7fe6394.html","unavailable":true},"pht035bc2c35":{"name":"Огляд програми «Фотографії»","href":"pht035bc2c35.html","unavailable":true},"pht337d15be":{"name":"Упорядкування фотографій","href":"pht337d15be.html","unavailable":true},"pht8d0ad5198":{"name":"Пошук фотографій за ключовим словом","href":"pht8d0ad5198.html","unavailable":true},"pht2951dfb9":{"name":"Жести трекпеда","href":"pht2951dfb9.html","unavailable":true},"phtb711c0fd":{"categories":["glossary"],"name":"Apple ID","href":"phtb711c0fd.html","unavailable":true},"pht5156cc968":{"name":"Визначення параметрів програми «Фотографії»","href":"pht5156cc968.html","unavailable":true},"phta4e5a733f":{"name":"Перегляд і додавання інформації про фотографії","href":"phta4e5a733f.html","unavailable":true},"pht337d0fd8":{"name":"Додавання та видалення фотографій","href":"pht337d0fd8.html","unavailable":true},"pht54710c4e":{"icon":"..\/GlobalArt\/AppLanding_Photos.png","categories":["landing"],"name":"Довідка програми «Фотографії»","href":"pht54710c4e.html"},"pht6e15ea68":{"name":"Замовлення професійних відбитків","href":"pht6e15ea68.html","unavailable":true},"phtb94d7e13":{"name":"Створення календаря","href":"phtb94d7e13.html","unavailable":true},"phtae4e05c67":{"name":"З накопичувача","href":"phtae4e05c67.html","unavailable":true},"phtab5e6905":{"name":"Форматування тексту альбому","href":"phtab5e6905.html","unavailable":true},"pht6e157c5f":{"name":"Експортування фотографій, відео та слайд-шоу","href":"pht6e157c5f.html","unavailable":true},"pht1ed9b966d":{"name":"Змінення розташування, у якому зберігаються файли в програмі «Фотографії»","href":"pht1ed9b966d.html","unavailable":true},"pht6d97570c":{"name":"Використання iTunes","href":"pht6d97570c.html","unavailable":true},"pht6dc73ede":{"categories":["glossary"],"name":"недеструктивне редагування","href":"pht6dc73ede.html","unavailable":true},"pht4c00b8ddc":{"name":"Перегляд фотографій за місцем зйомки","href":"pht4c00b8ddc.html","unavailable":true},"pht3bfab2f96":{"name":"Видалення фотографій і відео","href":"pht3bfab2f96.html","unavailable":true},"pht10107cfa":{"categories":["glossary"],"name":"головне фото","href":"pht10107cfa.html","unavailable":true},"phtae8c6d40":{"name":"Створення слайд-шоу","href":"phtae8c6d40.html","unavailable":true},"pht5c38b77c5":{"name":"Ретушування фото","href":"pht5c38b77c5.html","unavailable":true},"phtb94d9674":{"name":"Додавання або видалення фотографій","href":"phtb94d9674.html","unavailable":true},"phtc9d389ecc":{"name":"Коригування фотографії","href":"phtc9d389ecc.html","unavailable":true},"phtc3c7b374":{"categories":["glossary"],"name":"картка SD","href":"phtc3c7b374.html","unavailable":true},"phtb94d9019":{"name":"Змінення інформації про дату","href":"phtb94d9019.html","unavailable":true},"pht6d60d10f":{"name":"Створення резервної копії бібліотеки програми «Фотографії»","href":"pht6d60d10f.html","unavailable":true},"pht6c804da9":{"name":"З інших програм","href":"pht6c804da9.html","unavailable":true},"pht6e15caf3":{"name":"Підготовка проекту до друку","href":"pht6e15caf3.html","unavailable":true},"phtb94da1cb":{"name":"Форматування тексту календаря","href":"phtb94da1cb.html","unavailable":true},"pht6be18f93":{"name":"Лагодження бібліотеки","href":"pht6be18f93.html","unavailable":true},"pht6e4207c4":{"name":"Використання програми Mail","href":"pht6e4207c4.html","unavailable":true},"phtc4361d5a":{"name":"Використання програми «Повідомлення»","href":"phtc4361d5a.html","unavailable":true},"pht13f0918f0":{"name":"Обтинання та вирівнювання фото","href":"pht13f0918f0.html","unavailable":true},"phte0af949f0":{"name":"Застосування фільтрів до фотографій","href":"phte0af949f0.html","unavailable":true},"pht56eafa987":{"name":"Перегляд фотографій","href":"pht56eafa987.html","unavailable":true},"pht6e593112":{"searchName":"Клавіатурні скорочення у програмі «Фотографії»","unavailable":true,"name":"Клавіатурні скорочення","href":"pht6e593112.html"},"pht6e15dbdb":{"name":"Друк власних фотографій","href":"pht6e15dbdb.html","unavailable":true},"pht6d975c7d":{"name":"Перегляд відео","href":"pht6d975c7d.html","unavailable":true},"pht98de9846":{"categories":["glossary"],"name":"Ефект Кена Бернса","href":"pht98de9846.html","unavailable":true},"pht6c803201":{"name":"З камери або мобільного пристрою","href":"pht6c803201.html","unavailable":true},"pht5188d4d20":{"name":"Символи клавіатурних скорочень","href":"pht5188d4d20.html","unavailable":true},"phta48b41fd8":{"name":"Автоматичне покращення фотографій","href":"phta48b41fd8.html","unavailable":true},"pht98de9f27":{"categories":["glossary"],"name":"Фотографії в форматі RAW","href":"pht98de9f27.html","unavailable":true},"pht1324a500e":{"name":"Використання інших програм і веб-сайтів","href":"pht1324a500e.html","unavailable":true},"phtdbd88e7a":{"categories":["glossary"],"name":"колекції та динамічні колекції","href":"phtdbd88e7a.html","unavailable":true},"pht337d0a03":{"name":"Упорядкування фотографій","href":"pht337d0a03.html","unavailable":true},"pht64de33e5a":{"name":"Пошук фотографій за текстом або датою","href":"pht64de33e5a.html","unavailable":true},"phtad9d981ab":{"name":"Пошук фотографій за обличчям","href":"phtad9d981ab.html","unavailable":true},"phtdfcac5c5":{"name":"Керування підписаними користувачами","href":"phtdfcac5c5.html","unavailable":true},"phtc94a1416":{"name":"Інші ресурси","href":"phtc94a1416.html","unavailable":true},"pht7a4c765b":{"name":"Огляд","href":"pht7a4c765b.html","unavailable":true},"pht12e7a8015":{"name":"Де мої імпортовані файли?","href":"pht12e7a8015.html","unavailable":true},"phtda5be08b":{"categories":["glossary"],"name":"ключове слово","href":"phtda5be08b.html","unavailable":true},"pht1d4c62349":{"name":"Використання AirDrop","href":"pht1d4c62349.html","unavailable":true},"phtab5e66ba":{"name":"Форматування тексту листівки","href":"phtab5e66ba.html","unavailable":true},"phtc3c7c06e":{"categories":["glossary"],"name":"формати файлів зображень","href":"phtc3c7c06e.html","unavailable":true}},"copyright_text":"© 2015 Apple Inc. Усі права захищені.","css":""}