{"framework":"apd-framework-9.0.8","title":"Справка Фото","build_id":"55b17b29680ce2c256ec6df0","icon":"..\/GlobalArt\/AppIconDefault_Photos.png","sections":{"pht15cfd7b0":{"name":"Использование функции «Общий доступ к фото iCloud»","children":["pht7a4c765b","pht013f36be9","phtf7fe6394","pht5f6df5f0","phtdfcac5c5","pht884a8908"]},"pht3e99bb42d":{"name":"Жесты и сочетания клавиш","children":["pht2951dfb9","pht6e593112","pht5188d4d20"]},"phtae8c5b29":{"name":"Заказ печати фотографий и проектов","children":["pht211dd6d0","pht6e15ea68","pht6e15caf3","pht6e15b35b"]},"pht6d6040d1":{"name":"Просмотр и организация фотографий","children":["pht56eafa987","pht40b0be510","phtb66b3c010","phta4e5a733f","phtcf31adcc8","pht6d60507a","pht6d975c7d","pht3bfab2f96"]},"pht6c803a97":{"name":"Импорт фотографий и видео","children":["phta58cd90d3","pht3c36b1831","pht6c803201","phtae4e05c67","pht6c804da9","pht12e7a8015"]},"pht2883afa7":{"name":"Создание открыток","children":["pht6e157ba6","pht337d15be","pht6e15aa61","phtab5e66ba","phtab5e72eb"]},"phtb94d9ff5":{"name":"Создание календарей","children":["phtb94d7e13","phtb94d7d07","phtb94d9674","phtb94d9019","phtb94da1cb","phtb94d945b"]},"pht6d60507a":{"name":"Организация фотографий в альбомы","children":["phtf677b8f5","pht6d60a1f1","pht6d60ca71","pht211de0d6"]},"pht6d609918":{"name":"Управление медиатекой Фото","children":["pht211de786","pht6d60b524","pht6d60d10f","pht6d60348f","pht6be18f93","pht1ed9b966d"]},"phtaec3da2a9":{"name":"Создание и заказ отпечатков","children":["phtae8c5b29","pht6e15dbdb"]},"phtcf31adcc8":{"name":"Поиск фотографий","children":["pht64de33e5a","pht8d0ad5198","phtad9d981ab","pht4c00b8ddc"]},"phtae8c6983":{"name":"Создание альбомов","children":["pht6e159147","pht337d0a03","pht337d0fd8","pht6e15c151","phtab5e6905","pht245fde94","phtab5e682b"]},"pht3c36b1831":{"name":"Из iCloud","children":["phtf5e48489c","phtc0bf4b9bb"]},"pht6e41d50b":{"name":"Предоставление доступа к фотографиям и видео","children":["pht15cfd7b0","phtc4361d5a","pht6e4207c4","pht6e41eaff","pht1d4c62349","pht6d97570c","pht1324a500e","pht6e157c5f"]},"pht6dc708cc":{"name":"Улучшение фотографий","children":["pht304c2ace6","phta48b41fd8","phtba22db5d6","pht13f0918f0","phte0af949f0","phtf5bf79313","pht5c38b77c5","phte0ee9e101","pht427071907"]},"phtf5bf79313":{"name":"Настройка внешнего вида фотографий","children":["phtc9d389ecc","phtfd442cdbb","pht335dba352"]},"pht6e15d3aa":{"name":"Создание проектов","children":["phtae8c6d40","phtae8c6983","phtb94d9ff5","pht2883afa7"]},"pht5302d0f6":{"name":"Работа с программой «Фото»","children":["pht5156cc968","pht6d609918","pht8a576439"]}},"birdseed_version":4,"toc":["pht035bc2c35","pht6c803a97","pht6d6040d1","pht6dc708cc","pht6e41d50b","pht6e15d3aa","phtaec3da2a9","pht5302d0f6","pht3e99bb42d"],"locale":"ru","version":"1.1","enable_tracking":false,"source_schema":"apd-schema","platform":"mac","build_date":"2015.07.23-17:36:16","landing":"pht54710c4e","product":"photos","urls":{},"copyright":"","topics":{"pht6e157ba6":{"name":"Создание открытки","href":"pht6e157ba6.html","unavailable":true},"phtb94d945b":{"name":"Удаление календаря","href":"phtb94d945b.html","unavailable":true},"pht245fde94":{"name":"Создание карт в альбоме","href":"pht245fde94.html","unavailable":true},"phtb66b3c010":{"name":"Изменение способа отображения фотографий","href":"phtb66b3c010.html","unavailable":true},"phta58cd90d3":{"name":"Общие сведения","href":"phta58cd90d3.html","unavailable":true},"pht6d60b524":{"name":"Использование нескольких медиатек","href":"pht6d60b524.html","unavailable":true},"pht40b0be510":{"name":"Выбор и отмена выбора фотографий","href":"pht40b0be510.html","unavailable":true},"pht5706dfc6":{"categories":["glossary"],"name":"iCloud","href":"pht5706dfc6.html","unavailable":true},"pht6d60ca71":{"name":"Создание смарт-альбомов","href":"pht6d60ca71.html","unavailable":true},"pht8a576439":{"name":"Обновление программы «Фото»","href":"pht8a576439.html","unavailable":true},"pht9bb241b3":{"categories":["glossary"],"name":"выбор фотографий","href":"pht9bb241b3.html","unavailable":true},"pht5f6df5f0":{"name":"Изменение общего альбома","href":"pht5f6df5f0.html","unavailable":true},"phtf677b8f5":{"name":"Что такое альбомы?","href":"phtf677b8f5.html","unavailable":true},"pht6e15aa61":{"name":"Добавление и удаление фотографий","href":"pht6e15aa61.html","unavailable":true},"pht304c2ace6":{"name":"Основы редактирования","href":"pht304c2ace6.html","unavailable":true},"pht211de0d6":{"name":"Создание папок","href":"pht211de0d6.html","unavailable":true},"pht427071907":{"name":"Редактирование с помощью расширений","href":"pht427071907.html","unavailable":true},"pht6d60348f":{"name":"Восстановление из Time Machine","href":"pht6d60348f.html","unavailable":true},"phtf5e48489c":{"name":"Из Медиатеки iCloud","href":"phtf5e48489c.html","unavailable":true},"phtc0bf4b9bb":{"name":"Из Моего фотопотока","href":"phtc0bf4b9bb.html","unavailable":true},"pht6e15b35b":{"name":"Заказ книги, открытки или календаря","href":"pht6e15b35b.html","unavailable":true},"phtfd442cdbb":{"name":"Расширенные настройки","href":"phtfd442cdbb.html","unavailable":true},"phte0ee9e101":{"name":"Удаление эффекта красных глаз","href":"phte0ee9e101.html","unavailable":true},"pht98de9564":{"categories":["glossary"],"name":"извлечение","href":"pht98de9564.html","unavailable":true},"phtc3c7c148":{"categories":["glossary"],"name":"разворот страницы","href":"phtc3c7c148.html","unavailable":true},"pht6e15c151":{"name":"Работа со страницами","href":"pht6e15c151.html","unavailable":true},"pht211de786":{"name":"Общие сведения","href":"pht211de786.html","unavailable":true},"pht101081c3":{"categories":["glossary"],"name":"миниатюры","href":"pht101081c3.html","unavailable":true},"pht9b4411b24":{"name":"Сочетания клавиш и жесты","href":"pht9b4411b24.html","searchName":"Сочетания клавиш программы «Фото»"},"pht10107b78":{"categories":["glossary"],"name":"соотношение сторон","href":"pht10107b78.html","unavailable":true},"phtab5e72eb":{"name":"Удаление открытки","href":"phtab5e72eb.html","unavailable":true},"pht6d60a1f1":{"name":"Создание альбомов","href":"pht6d60a1f1.html","unavailable":true},"pht884a8908":{"name":"Подписка на альбомы","href":"pht884a8908.html","unavailable":true},"phtab5e682b":{"name":"Удаление книги","href":"phtab5e682b.html","unavailable":true},"pht013f36be9":{"name":"Включение и отключение функции «Общий доступ к фото iCloud»","href":"pht013f36be9.html","unavailable":true},"pht211dd6d0":{"name":"Общие сведения","href":"pht211dd6d0.html","unavailable":true},"phtb94d7d07":{"name":"Размещение фотографий","href":"phtb94d7d07.html","unavailable":true},"pht6e159147":{"name":"Создание фотокниги","href":"pht6e159147.html","unavailable":true},"pht335dba352":{"name":"Выбор внешнего вида панели «Настройки»","href":"pht335dba352.html","unavailable":true},"phtba22db5d6":{"name":"Поворот фотографий","href":"phtba22db5d6.html","unavailable":true},"pht6e41eaff":{"name":"Использование Facebook, Flickr и Twitter","href":"pht6e41eaff.html","unavailable":true},"phtf7fe6394":{"name":"Создание общего альбома","href":"phtf7fe6394.html","unavailable":true},"pht035bc2c35":{"name":"Общие сведения о программе «Фото»","href":"pht035bc2c35.html","unavailable":true},"pht337d15be":{"name":"Размещение фотографий","href":"pht337d15be.html","unavailable":true},"pht8d0ad5198":{"name":"Поиск фотографий по ключевому слову","href":"pht8d0ad5198.html","unavailable":true},"pht2951dfb9":{"name":"Жесты трекпада","href":"pht2951dfb9.html","unavailable":true},"phtb711c0fd":{"categories":["glossary"],"name":"Apple ID","href":"phtb711c0fd.html","unavailable":true},"pht5156cc968":{"name":"Установка настроек программы «Фото»","href":"pht5156cc968.html","unavailable":true},"phta4e5a733f":{"name":"Просмотр и добавление информации о фотографии","href":"phta4e5a733f.html","unavailable":true},"pht337d0fd8":{"name":"Добавление и удаление фотографий","href":"pht337d0fd8.html","unavailable":true},"pht54710c4e":{"icon":"..\/GlobalArt\/AppLanding_Photos.png","categories":["landing"],"name":"Справка Фото","href":"pht54710c4e.html"},"pht6e15ea68":{"name":"Заказ профессиональной печати","href":"pht6e15ea68.html","unavailable":true},"phtb94d7e13":{"name":"Создание календаря","href":"phtb94d7e13.html","unavailable":true},"phtae4e05c67":{"name":"С накопителя","href":"phtae4e05c67.html","unavailable":true},"phtab5e6905":{"name":"Форматирование текста книги","href":"phtab5e6905.html","unavailable":true},"pht6e157c5f":{"name":"Экспорт фотографий, видео и слайд-шоу","href":"pht6e157c5f.html","unavailable":true},"pht1ed9b966d":{"name":"Изменение места хранения фотографий в программе «Фото»","href":"pht1ed9b966d.html","unavailable":true},"pht6d97570c":{"name":"Использование iTunes","href":"pht6d97570c.html","unavailable":true},"pht6dc73ede":{"categories":["glossary"],"name":"редактирование без разрушения","href":"pht6dc73ede.html","unavailable":true},"pht4c00b8ddc":{"name":"Просмотр фотографий по месту","href":"pht4c00b8ddc.html","unavailable":true},"pht3bfab2f96":{"name":"Удаление фотографий и видео","href":"pht3bfab2f96.html","unavailable":true},"pht10107cfa":{"categories":["glossary"],"name":"ключевая фотография","href":"pht10107cfa.html","unavailable":true},"phtae8c6d40":{"name":"Создание слайд-шоу","href":"phtae8c6d40.html","unavailable":true},"pht5c38b77c5":{"name":"Ретушь фотографий","href":"pht5c38b77c5.html","unavailable":true},"phtb94d9674":{"name":"Добавление и удаление фотографий","href":"phtb94d9674.html","unavailable":true},"phtc9d389ecc":{"name":"Корректировка фотографии","href":"phtc9d389ecc.html","unavailable":true},"phtc3c7b374":{"categories":["glossary"],"name":"карта SD","href":"phtc3c7b374.html","unavailable":true},"phtb94d9019":{"name":"Изменение информации о дате","href":"phtb94d9019.html","unavailable":true},"pht6d60d10f":{"name":"Резервное копирование медиатеки Фото","href":"pht6d60d10f.html","unavailable":true},"pht6c804da9":{"name":"Из других программ","href":"pht6c804da9.html","unavailable":true},"pht6e15caf3":{"name":"Подготовка проекта для печати","href":"pht6e15caf3.html","unavailable":true},"phtb94da1cb":{"name":"Форматирование текста календаря","href":"phtb94da1cb.html","unavailable":true},"pht6be18f93":{"name":"Восстановление медиатеки","href":"pht6be18f93.html","unavailable":true},"pht6e4207c4":{"name":"Использование программы «Почта»","href":"pht6e4207c4.html","unavailable":true},"phtc4361d5a":{"name":"Использование Сообщений","href":"phtc4361d5a.html","unavailable":true},"pht13f0918f0":{"name":"Усечение и выпрямление фотографий","href":"pht13f0918f0.html","unavailable":true},"phte0af949f0":{"name":"Применение фильтров к фотографиям","href":"phte0af949f0.html","unavailable":true},"pht56eafa987":{"name":"Просмотр фотографий","href":"pht56eafa987.html","unavailable":true},"pht6e593112":{"searchName":"Сочетания клавиш программы «Фото»","unavailable":true,"name":"Сочетания клавиш","href":"pht6e593112.html"},"pht6e15dbdb":{"name":"Печать фотографий","href":"pht6e15dbdb.html","unavailable":true},"pht6d975c7d":{"name":"Просмотр видео","href":"pht6d975c7d.html","unavailable":true},"pht98de9846":{"categories":["glossary"],"name":"эффект Кена Бернса","href":"pht98de9846.html","unavailable":true},"pht6c803201":{"name":"С камеры или мобильного устройства","href":"pht6c803201.html","unavailable":true},"pht5188d4d20":{"name":"Символы сочетаний клавиш","href":"pht5188d4d20.html","unavailable":true},"phta48b41fd8":{"name":"Автоматическое улучшение фотографий","href":"phta48b41fd8.html","unavailable":true},"pht98de9f27":{"categories":["glossary"],"name":"фотографии формата RAW","href":"pht98de9f27.html","unavailable":true},"pht1324a500e":{"name":"Использование других программ и веб-сайтов","href":"pht1324a500e.html","unavailable":true},"phtdbd88e7a":{"categories":["glossary"],"name":"фотоальбомы и смарт-альбомы","href":"phtdbd88e7a.html","unavailable":true},"pht337d0a03":{"name":"Размещение фотографий","href":"pht337d0a03.html","unavailable":true},"pht64de33e5a":{"name":"Поиск фотографий по тексту или дате","href":"pht64de33e5a.html","unavailable":true},"phtad9d981ab":{"name":"Поиск фотографий по лицу","href":"phtad9d981ab.html","unavailable":true},"phtdfcac5c5":{"name":"Управление подписчиками","href":"phtdfcac5c5.html","unavailable":true},"phtc94a1416":{"name":"Другие ресурсы","href":"phtc94a1416.html","unavailable":true},"pht7a4c765b":{"name":"Общие сведения","href":"pht7a4c765b.html","unavailable":true},"pht12e7a8015":{"name":"Местонахождение импортированных файлов","href":"pht12e7a8015.html","unavailable":true},"phtda5be08b":{"categories":["glossary"],"name":"ключевые слова","href":"phtda5be08b.html","unavailable":true},"pht1d4c62349":{"name":"Использование AirDrop","href":"pht1d4c62349.html","unavailable":true},"phtab5e66ba":{"name":"Форматирование текста открытки","href":"phtab5e66ba.html","unavailable":true},"phtc3c7c06e":{"categories":["glossary"],"name":"форматы файлов изображений","href":"phtc3c7c06e.html","unavailable":true}},"copyright_text":"© 2015 Apple Inc. Все права защищены.","css":""}