{"framework":"apd-framework-9.0.8","title":"Hjælp til Fotos","build_id":"55b17b29680ce2c256ec6df6","icon":"..\/GlobalArt\/AppIconDefault_Photos.png","sections":{"pht15cfd7b0":{"name":"Brug iCloud-fotodeling","children":["pht7a4c765b","pht013f36be9","phtf7fe6394","pht5f6df5f0","phtdfcac5c5","pht884a8908"]},"pht3e99bb42d":{"name":"Bevægelser og tastaturgenveje","children":["pht2951dfb9","pht6e593112","pht5188d4d20"]},"phtae8c5b29":{"name":"Bestil aftryk af fotografier og projekter","children":["pht211dd6d0","pht6e15ea68","pht6e15caf3","pht6e15b35b"]},"pht6d6040d1":{"name":"Se og organiser fotografier","children":["pht56eafa987","pht40b0be510","phtb66b3c010","phta4e5a733f","phtcf31adcc8","pht6d60507a","pht6d975c7d","pht3bfab2f96"]},"pht6c803a97":{"name":"Importer fotografier og video","children":["phta58cd90d3","pht3c36b1831","pht6c803201","phtae4e05c67","pht6c804da9","pht12e7a8015"]},"pht2883afa7":{"name":"Opret kort","children":["pht6e157ba6","pht337d15be","pht6e15aa61","phtab5e66ba","phtab5e72eb"]},"phtb94d9ff5":{"name":"Opret kalendere","children":["phtb94d7e13","phtb94d7d07","phtb94d9674","phtb94d9019","phtb94da1cb","phtb94d945b"]},"pht6d60507a":{"name":"Organiser fotografier i album","children":["phtf677b8f5","pht6d60a1f1","pht6d60ca71","pht211de0d6"]},"pht6d609918":{"name":"Administrer dit fotobibliotek","children":["pht211de786","pht6d60b524","pht6d60d10f","pht6d60348f","pht6be18f93","pht1ed9b966d"]},"phtaec3da2a9":{"name":"Opret og bestil trykte produkter","children":["phtae8c5b29","pht6e15dbdb"]},"phtcf31adcc8":{"name":"Find fotografier","children":["pht64de33e5a","pht8d0ad5198","phtad9d981ab","pht4c00b8ddc"]},"phtae8c6983":{"name":"Opret bøger","children":["pht6e159147","pht337d0a03","pht337d0fd8","pht6e15c151","phtab5e6905","pht245fde94","phtab5e682b"]},"pht3c36b1831":{"name":"Fra iCloud","children":["phtf5e48489c","phtc0bf4b9bb"]},"pht6e41d50b":{"name":"Del dine fotografier og video","children":["pht15cfd7b0","phtc4361d5a","pht6e4207c4","pht6e41eaff","pht1d4c62349","pht6d97570c","pht1324a500e","pht6e157c5f"]},"pht6dc708cc":{"name":"Gør dine fotografier bedre","children":["pht304c2ace6","phta48b41fd8","phtba22db5d6","pht13f0918f0","phte0af949f0","phtf5bf79313","pht5c38b77c5","phte0ee9e101","pht427071907"]},"phtf5bf79313":{"name":"Juster fotografiers udseende","children":["phtc9d389ecc","phtfd442cdbb","pht335dba352"]},"pht6e15d3aa":{"name":"Opret projekter","children":["phtae8c6d40","phtae8c6983","phtb94d9ff5","pht2883afa7"]},"pht5302d0f6":{"name":"Arbejd med Fotos","children":["pht5156cc968","pht6d609918","pht8a576439"]}},"birdseed_version":4,"toc":["pht035bc2c35","pht6c803a97","pht6d6040d1","pht6dc708cc","pht6e41d50b","pht6e15d3aa","phtaec3da2a9","pht5302d0f6","pht3e99bb42d"],"locale":"da","version":"1.1","enable_tracking":false,"source_schema":"apd-schema","platform":"mac","build_date":"2015.07.23-17:37:29","landing":"pht54710c4e","product":"photos","urls":{},"copyright":"","topics":{"pht6e157ba6":{"name":"Opret et kort","href":"pht6e157ba6.html","unavailable":true},"phtb94d945b":{"name":"Slet en kalender","href":"phtb94d945b.html","unavailable":true},"pht245fde94":{"name":"Opret kort i en bog","href":"pht245fde94.html","unavailable":true},"phtb66b3c010":{"name":"Rediger, hvordan fotografier skal vises","href":"phtb66b3c010.html","unavailable":true},"phta58cd90d3":{"name":"Oversigt","href":"phta58cd90d3.html","unavailable":true},"pht6d60b524":{"name":"Brug flere biblioteker","href":"pht6d60b524.html","unavailable":true},"pht40b0be510":{"name":"Vælg og fravælg fotografier","href":"pht40b0be510.html","unavailable":true},"pht5706dfc6":{"categories":["glossary"],"name":"iCloud","href":"pht5706dfc6.html","unavailable":true},"pht6d60ca71":{"name":"Opret smarte album","href":"pht6d60ca71.html","unavailable":true},"pht8a576439":{"name":"Få opdateringer til Fotos","href":"pht8a576439.html","unavailable":true},"pht9bb241b3":{"categories":["glossary"],"name":"vælge fotografier","href":"pht9bb241b3.html","unavailable":true},"pht5f6df5f0":{"name":"Rediger et fælles album","href":"pht5f6df5f0.html","unavailable":true},"phtf677b8f5":{"name":"Hvad er album?","href":"phtf677b8f5.html","unavailable":true},"pht6e15aa61":{"name":"Tilføj og fjern fotografier","href":"pht6e15aa61.html","unavailable":true},"pht304c2ace6":{"name":"Redigering i grundtræk","href":"pht304c2ace6.html","unavailable":true},"pht211de0d6":{"name":"Opret mapper","href":"pht211de0d6.html","unavailable":true},"pht427071907":{"name":"Rediger vha. udvidelser","href":"pht427071907.html","unavailable":true},"pht6d60348f":{"name":"Gendan fra Time Machine","href":"pht6d60348f.html","unavailable":true},"phtf5e48489c":{"name":"Fra iCloud-fotobibliotek","href":"phtf5e48489c.html","unavailable":true},"phtc0bf4b9bb":{"name":"Fra Min fotostream","href":"phtc0bf4b9bb.html","unavailable":true},"pht6e15b35b":{"name":"Bestil en bog, et kort eller en kalender","href":"pht6e15b35b.html","unavailable":true},"phtfd442cdbb":{"name":"Foretag avancerede justeringer","href":"phtfd442cdbb.html","unavailable":true},"phte0ee9e101":{"name":"Fjern røde øjne","href":"phte0ee9e101.html","unavailable":true},"pht98de9564":{"categories":["glossary"],"name":"skub ud","href":"pht98de9564.html","unavailable":true},"phtc3c7c148":{"categories":["glossary"],"name":"sideopslag","href":"phtc3c7c148.html","unavailable":true},"pht6e15c151":{"name":"Arbejd med sider","href":"pht6e15c151.html","unavailable":true},"pht211de786":{"name":"Oversigt","href":"pht211de786.html","unavailable":true},"pht101081c3":{"categories":["glossary"],"name":"miniaturebillede","href":"pht101081c3.html","unavailable":true},"pht9b4411b24":{"name":"Tastaturgenveje og bevægelser","href":"pht9b4411b24.html","searchName":"Tastaturgenveje i Fotos"},"pht10107b78":{"categories":["glossary"],"name":"størrelsesformat","href":"pht10107b78.html","unavailable":true},"phtab5e72eb":{"name":"Slet et kort","href":"phtab5e72eb.html","unavailable":true},"pht6d60a1f1":{"name":"Opret album","href":"pht6d60a1f1.html","unavailable":true},"pht884a8908":{"name":"Abonner på album","href":"pht884a8908.html","unavailable":true},"phtab5e682b":{"name":"Slet en bog","href":"phtab5e682b.html","unavailable":true},"pht013f36be9":{"name":"Slå iCloud-fotodeling til eller fra","href":"pht013f36be9.html","unavailable":true},"pht211dd6d0":{"name":"Oversigt","href":"pht211dd6d0.html","unavailable":true},"phtb94d7d07":{"name":"Anbring fotografier","href":"phtb94d7d07.html","unavailable":true},"pht6e159147":{"name":"Opret en bog med fotografier","href":"pht6e159147.html","unavailable":true},"pht335dba352":{"name":"Tilpas vinduet Justeringer","href":"pht335dba352.html","unavailable":true},"phtba22db5d6":{"name":"Roter fotografier","href":"phtba22db5d6.html","unavailable":true},"pht6e41eaff":{"name":"Brug Facebook, Flickr og Twitter","href":"pht6e41eaff.html","unavailable":true},"phtf7fe6394":{"name":"Opret et fælles album","href":"phtf7fe6394.html","unavailable":true},"pht035bc2c35":{"name":"Oversigt over Fotos","href":"pht035bc2c35.html","unavailable":true},"pht337d15be":{"name":"Anbring fotografier","href":"pht337d15be.html","unavailable":true},"pht8d0ad5198":{"name":"Find fotografier efter nøgleord","href":"pht8d0ad5198.html","unavailable":true},"pht2951dfb9":{"name":"Bevægelser på pegefeltet","href":"pht2951dfb9.html","unavailable":true},"phtb711c0fd":{"categories":["glossary"],"name":"Apple-id","href":"phtb711c0fd.html","unavailable":true},"pht5156cc968":{"name":"Vælg indstillinger til Fotos","href":"pht5156cc968.html","unavailable":true},"phta4e5a733f":{"name":"Se og tilføj fotooplysninge","href":"phta4e5a733f.html","unavailable":true},"pht337d0fd8":{"name":"Tilføj og fjern fotografier","href":"pht337d0fd8.html","unavailable":true},"pht54710c4e":{"icon":"..\/GlobalArt\/AppLanding_Photos.png","categories":["landing"],"name":"Hjælp til Fotos","href":"pht54710c4e.html"},"pht6e15ea68":{"name":"Bestil professionelle aftryk","href":"pht6e15ea68.html","unavailable":true},"phtb94d7e13":{"name":"Opret en kalender","href":"phtb94d7e13.html","unavailable":true},"phtae4e05c67":{"name":"Fra lagringsmedier","href":"phtae4e05c67.html","unavailable":true},"phtab5e6905":{"name":"Formater tekst i en bog","href":"phtab5e6905.html","unavailable":true},"pht6e157c5f":{"name":"Eksporter fotografier, videoer og lysbilledshow","href":"pht6e157c5f.html","unavailable":true},"pht1ed9b966d":{"name":"Rediger, hvor Fotos skal opbevare dine arkiver","href":"pht1ed9b966d.html","unavailable":true},"pht6d97570c":{"name":"Brug iTunes","href":"pht6d97570c.html","unavailable":true},"pht6dc73ede":{"categories":["glossary"],"name":"redigering uden at ødelægge original","href":"pht6dc73ede.html","unavailable":true},"pht4c00b8ddc":{"name":"Se fotografier efter lokalitet","href":"pht4c00b8ddc.html","unavailable":true},"pht3bfab2f96":{"name":"Slet fotografier og video","href":"pht3bfab2f96.html","unavailable":true},"pht10107cfa":{"categories":["glossary"],"name":"nøglefotografi","href":"pht10107cfa.html","unavailable":true},"phtae8c6d40":{"name":"Opret lysbilledshow","href":"phtae8c6d40.html","unavailable":true},"pht5c38b77c5":{"name":"Retoucher fotografier","href":"pht5c38b77c5.html","unavailable":true},"phtb94d9674":{"name":"Tilføj eller fjern fotografier","href":"phtb94d9674.html","unavailable":true},"phtc9d389ecc":{"name":"Juster et fotografi","href":"phtc9d389ecc.html","unavailable":true},"phtc3c7b374":{"categories":["glossary"],"name":"SD-kort","href":"phtc3c7b374.html","unavailable":true},"phtb94d9019":{"name":"Rediger oplysninger om dato","href":"phtb94d9019.html","unavailable":true},"pht6d60d10f":{"name":"Sikkerhedskopier dit fotobibliotek","href":"pht6d60d10f.html","unavailable":true},"pht6c804da9":{"name":"Fra andre apps og programmer","href":"pht6c804da9.html","unavailable":true},"pht6e15caf3":{"name":"Gør et projekt klar til trykning","href":"pht6e15caf3.html","unavailable":true},"phtb94da1cb":{"name":"Formater kalendertekst","href":"phtb94da1cb.html","unavailable":true},"pht6be18f93":{"name":"Reparer dit bibliotek","href":"pht6be18f93.html","unavailable":true},"pht6e4207c4":{"name":"Brug Mail","href":"pht6e4207c4.html","unavailable":true},"phtc4361d5a":{"name":"Brug Beskeder","href":"phtc4361d5a.html","unavailable":true},"pht13f0918f0":{"name":"Beskær og ret fotografier ud","href":"pht13f0918f0.html","unavailable":true},"phte0af949f0":{"name":"Anvend filtre på fotografier","href":"phte0af949f0.html","unavailable":true},"pht56eafa987":{"name":"Se fotografier","href":"pht56eafa987.html","unavailable":true},"pht6e593112":{"searchName":"Tastaturgenveje i Fotos","unavailable":true,"name":"Tastaturgenveje","href":"pht6e593112.html"},"pht6e15dbdb":{"name":"Udskriv dine egne fotografier","href":"pht6e15dbdb.html","unavailable":true},"pht6d975c7d":{"name":"Se video","href":"pht6d975c7d.html","unavailable":true},"pht98de9846":{"categories":["glossary"],"name":"Ken Burns-effekt","href":"pht98de9846.html","unavailable":true},"pht6c803201":{"name":"Fra et kamera eller en mobil enhed","href":"pht6c803201.html","unavailable":true},"pht5188d4d20":{"name":"Symboler for tastaturgenveje","href":"pht5188d4d20.html","unavailable":true},"phta48b41fd8":{"name":"Automatisk forbedring af fotografier","href":"phta48b41fd8.html","unavailable":true},"pht98de9f27":{"categories":["glossary"],"name":"fotografier i RAW-format","href":"pht98de9f27.html","unavailable":true},"pht1324a500e":{"name":"Brug andre apps, programmer og websteder","href":"pht1324a500e.html","unavailable":true},"phtdbd88e7a":{"categories":["glossary"],"name":"fotoalbum og smarte album","href":"phtdbd88e7a.html","unavailable":true},"pht337d0a03":{"name":"Anbring fotografier","href":"pht337d0a03.html","unavailable":true},"pht64de33e5a":{"name":"Find fotografier efter tekst eller dato","href":"pht64de33e5a.html","unavailable":true},"phtad9d981ab":{"name":"Find fotografier efter ansigt","href":"phtad9d981ab.html","unavailable":true},"phtdfcac5c5":{"name":"Administrer abonnenter","href":"phtdfcac5c5.html","unavailable":true},"phtc94a1416":{"name":"Flere ressourcer","href":"phtc94a1416.html","unavailable":true},"pht7a4c765b":{"name":"Oversigt","href":"pht7a4c765b.html","unavailable":true},"pht12e7a8015":{"name":"Hvor er mine importerede arkiver?","href":"pht12e7a8015.html","unavailable":true},"phtda5be08b":{"categories":["glossary"],"name":"nøgleord","href":"phtda5be08b.html","unavailable":true},"pht1d4c62349":{"name":"Brug AirDrop","href":"pht1d4c62349.html","unavailable":true},"phtab5e66ba":{"name":"Formater tekst på et kort","href":"phtab5e66ba.html","unavailable":true},"phtc3c7c06e":{"categories":["glossary"],"name":"billedarkivformater","href":"phtc3c7c06e.html","unavailable":true}},"copyright_text":"© 2015 Apple Inc. Alle rettigheder forbeholdes.","css":""}