{"framework":"apd-framework-9.0.8","title":"Pomoć za funkciju Photos","build_id":"55b17b28680ce2c256ec6dea","icon":"..\/GlobalArt\/AppIconDefault_Photos.png","sections":{"pht15cfd7b0":{"name":"Uporaba iCloud dijeljenja fotografija","children":["pht7a4c765b","pht013f36be9","phtf7fe6394","pht5f6df5f0","phtdfcac5c5","pht884a8908"]},"pht3e99bb42d":{"name":"Pokreti i prečaci tipkovnice","children":["pht2951dfb9","pht6e593112","pht5188d4d20"]},"phtae8c5b29":{"name":"Naručivanje ispisanih fotografija i projekata","children":["pht211dd6d0","pht6e15ea68","pht6e15caf3","pht6e15b35b"]},"pht6d6040d1":{"name":"Pregled i organizacija fotografija","children":["pht56eafa987","pht40b0be510","phtb66b3c010","phta4e5a733f","phtcf31adcc8","pht6d60507a","pht6d975c7d","pht3bfab2f96"]},"pht6c803a97":{"name":"Importiranje fotografija i videozapisa","children":["phta58cd90d3","pht3c36b1831","pht6c803201","phtae4e05c67","pht6c804da9","pht12e7a8015"]},"pht2883afa7":{"name":"Izrada razglednica","children":["pht6e157ba6","pht337d15be","pht6e15aa61","phtab5e66ba","phtab5e72eb"]},"phtb94d9ff5":{"name":"Izrada kalendara","children":["phtb94d7e13","phtb94d7d07","phtb94d9674","phtb94d9019","phtb94da1cb","phtb94d945b"]},"pht6d60507a":{"name":"Organizacija fotografija u albumima","children":["phtf677b8f5","pht6d60a1f1","pht6d60ca71","pht211de0d6"]},"pht6d609918":{"name":"Upravljanje Photo medijatekom","children":["pht211de786","pht6d60b524","pht6d60d10f","pht6d60348f","pht6be18f93","pht1ed9b966d"]},"phtaec3da2a9":{"name":"Izrada i naručivanje ispisa","children":["phtae8c5b29","pht6e15dbdb"]},"phtcf31adcc8":{"name":"Pretraga fotografija","children":["pht64de33e5a","pht8d0ad5198","phtad9d981ab","pht4c00b8ddc"]},"phtae8c6983":{"name":"Izrada knjiga","children":["pht6e159147","pht337d0a03","pht337d0fd8","pht6e15c151","phtab5e6905","pht245fde94","phtab5e682b"]},"pht3c36b1831":{"name":"Iz sustava iCloud","children":["phtf5e48489c","phtc0bf4b9bb"]},"pht6e41d50b":{"name":"Dijeljenje fotografija i video zapisa","children":["pht15cfd7b0","phtc4361d5a","pht6e4207c4","pht6e41eaff","pht1d4c62349","pht6d97570c","pht1324a500e","pht6e157c5f"]},"pht6dc708cc":{"name":"Poboljšavanje fotografija","children":["pht304c2ace6","phta48b41fd8","phtba22db5d6","pht13f0918f0","phte0af949f0","phtf5bf79313","pht5c38b77c5","phte0ee9e101","pht427071907"]},"phtf5bf79313":{"name":"Podešavanje izgleda fotografija","children":["phtc9d389ecc","phtfd442cdbb","pht335dba352"]},"pht6e15d3aa":{"name":"Izrada projekata","children":["phtae8c6d40","phtae8c6983","phtb94d9ff5","pht2883afa7"]},"pht5302d0f6":{"name":"Rad s funkcijom Photos","children":["pht5156cc968","pht6d609918","pht8a576439"]}},"birdseed_version":4,"toc":["pht035bc2c35","pht6c803a97","pht6d6040d1","pht6dc708cc","pht6e41d50b","pht6e15d3aa","phtaec3da2a9","pht5302d0f6","pht3e99bb42d"],"locale":"hr","version":"1.1","enable_tracking":false,"source_schema":"apd-schema","platform":"mac","build_date":"2015.07.23-17:29:22","landing":"pht54710c4e","product":"photos","urls":{},"copyright":"","topics":{"pht6e157ba6":{"name":"Izrada razglednice","href":"pht6e157ba6.html","unavailable":true},"phtb94d945b":{"name":"Brisanje kalendara","href":"phtb94d945b.html","unavailable":true},"pht245fde94":{"name":"Izrada mapa u knjigama","href":"pht245fde94.html","unavailable":true},"phtb66b3c010":{"name":"Promjena prikaza fotografija","href":"phtb66b3c010.html","unavailable":true},"phta58cd90d3":{"name":"Pregled","href":"phta58cd90d3.html","unavailable":true},"pht6d60b524":{"name":"Uporaba višestrukih medijateka","href":"pht6d60b524.html","unavailable":true},"pht40b0be510":{"name":"Označavanje i poništavanje označavanja fotografije","href":"pht40b0be510.html","unavailable":true},"pht5706dfc6":{"categories":["glossary"],"name":"iCloud","href":"pht5706dfc6.html","unavailable":true},"pht6d60ca71":{"name":"Izrada smart albuma","href":"pht6d60ca71.html","unavailable":true},"pht8a576439":{"name":"Ažuriranje aplikacije Photos","href":"pht8a576439.html","unavailable":true},"pht9bb241b3":{"categories":["glossary"],"name":"odabir fotografija","href":"pht9bb241b3.html","unavailable":true},"pht5f6df5f0":{"name":"Izmjena dijeljenog albuma","href":"pht5f6df5f0.html","unavailable":true},"phtf677b8f5":{"name":"Što su to albumi?","href":"phtf677b8f5.html","unavailable":true},"pht6e15aa61":{"name":"Dodavanje i uklanjanje fotografija","href":"pht6e15aa61.html","unavailable":true},"pht304c2ace6":{"name":"Osnove uređivanja","href":"pht304c2ace6.html","unavailable":true},"pht211de0d6":{"name":"Izrada mapa","href":"pht211de0d6.html","unavailable":true},"pht427071907":{"name":"Uređivanje primjenom ekstenzija","href":"pht427071907.html","unavailable":true},"pht6d60348f":{"name":"Obnova iz funkcije Time Machine","href":"pht6d60348f.html","unavailable":true},"phtf5e48489c":{"name":"Iz funkcije iCloud Photo Library","href":"phtf5e48489c.html","unavailable":true},"phtc0bf4b9bb":{"name":"S funkcije Moj Foto stream","href":"phtc0bf4b9bb.html","unavailable":true},"pht6e15b35b":{"name":"Narudžba knjige, razglednice ili kalendara","href":"pht6e15b35b.html","unavailable":true},"phtfd442cdbb":{"name":"Provođenje naprednih podešavanja","href":"phtfd442cdbb.html","unavailable":true},"phte0ee9e101":{"name":"Uklanjanje crvenih očiju","href":"phte0ee9e101.html","unavailable":true},"pht98de9564":{"categories":["glossary"],"name":"izbacivanje","href":"pht98de9564.html","unavailable":true},"phtc3c7c148":{"categories":["glossary"],"name":"raspored stranice","href":"phtc3c7c148.html","unavailable":true},"pht6e15c151":{"name":"Rad sa stranicama","href":"pht6e15c151.html","unavailable":true},"pht211de786":{"name":"Pregled","href":"pht211de786.html","unavailable":true},"pht101081c3":{"categories":["glossary"],"name":"minijatura","href":"pht101081c3.html","unavailable":true},"pht9b4411b24":{"name":"Prečaci tipkovnice i geste","href":"pht9b4411b24.html","searchName":"Prečaci tipkovnice u aplikaciji Foto"},"pht10107b78":{"categories":["glossary"],"name":"format slike","href":"pht10107b78.html","unavailable":true},"phtab5e72eb":{"name":"Brisanje razglednice","href":"phtab5e72eb.html","unavailable":true},"pht6d60a1f1":{"name":"Izrada albuma","href":"pht6d60a1f1.html","unavailable":true},"pht884a8908":{"name":"Pretplata na albume","href":"pht884a8908.html","unavailable":true},"phtab5e682b":{"name":"Brisanje knjige","href":"phtab5e682b.html","unavailable":true},"pht013f36be9":{"name":"Uključenje ili isključenje iCloud dijeljenja fotografija u aplikaciji iPhoto","href":"pht013f36be9.html","unavailable":true},"pht211dd6d0":{"name":"Pregled","href":"pht211dd6d0.html","unavailable":true},"phtb94d7d07":{"name":"Razmještanje fotografija","href":"phtb94d7d07.html","unavailable":true},"pht6e159147":{"name":"Izrada fotoknjige","href":"pht6e159147.html","unavailable":true},"pht335dba352":{"name":"Podešavanje prozora za prilagodbe","href":"pht335dba352.html","unavailable":true},"phtba22db5d6":{"name":"Rotiranje fotografija","href":"phtba22db5d6.html","unavailable":true},"pht6e41eaff":{"name":"Uporaba mreža Facebook, Flickr i Twitter","href":"pht6e41eaff.html","unavailable":true},"phtf7fe6394":{"name":"Izrada dijeljenog albuma","href":"phtf7fe6394.html","unavailable":true},"pht035bc2c35":{"name":"Pregled funkcije Photos","href":"pht035bc2c35.html","unavailable":true},"pht337d15be":{"name":"Razmještanje fotografija","href":"pht337d15be.html","unavailable":true},"pht8d0ad5198":{"name":"Pretraga fotografija prema ključnoj riječi","href":"pht8d0ad5198.html","unavailable":true},"pht2951dfb9":{"name":"Pokreti za Trackpad","href":"pht2951dfb9.html","unavailable":true},"phtb711c0fd":{"categories":["glossary"],"name":"Apple ID","href":"phtb711c0fd.html","unavailable":true},"pht5156cc968":{"name":"Podešavanje preferencija funkcije Photos","href":"pht5156cc968.html","unavailable":true},"phta4e5a733f":{"name":"Prikaz i dodavanje informacija o fotografiji","href":"phta4e5a733f.html","unavailable":true},"pht337d0fd8":{"name":"Dodavanje i uklanjanje fotografija","href":"pht337d0fd8.html","unavailable":true},"pht54710c4e":{"icon":"..\/GlobalArt\/AppLanding_Photos.png","categories":["landing"],"name":"Pomoć za funkciju Photos","href":"pht54710c4e.html"},"pht6e15ea68":{"name":"Naručivanje profesionalnih otisaka","href":"pht6e15ea68.html","unavailable":true},"phtb94d7e13":{"name":"Izrada kalendara","href":"phtb94d7e13.html","unavailable":true},"phtae4e05c67":{"name":"S medija za pohranu","href":"phtae4e05c67.html","unavailable":true},"phtab5e6905":{"name":"Formatiranje teksta knjige","href":"phtab5e6905.html","unavailable":true},"pht6e157c5f":{"name":"Izvoženje fotografija, vide zapisa i slideshow prikaza","href":"pht6e157c5f.html","unavailable":true},"pht1ed9b966d":{"name":"Promjena lokacije pohrane datoteka u aplikaciji Photos","href":"pht1ed9b966d.html","unavailable":true},"pht6d97570c":{"name":"Uporaba funkcije iTunes","href":"pht6d97570c.html","unavailable":true},"pht6dc73ede":{"categories":["glossary"],"name":"sigurno uređivanje","href":"pht6dc73ede.html","unavailable":true},"pht4c00b8ddc":{"name":"Prikaz fotografija prema lokaciji","href":"pht4c00b8ddc.html","unavailable":true},"pht3bfab2f96":{"name":"Brisanje fotografija i video zapisa","href":"pht3bfab2f96.html","unavailable":true},"pht10107cfa":{"categories":["glossary"],"name":"ključna fotografija","href":"pht10107cfa.html","unavailable":true},"phtae8c6d40":{"name":"Izrada slideshow prikaza","href":"phtae8c6d40.html","unavailable":true},"pht5c38b77c5":{"name":"Retuširanje fotografija","href":"pht5c38b77c5.html","unavailable":true},"phtb94d9674":{"name":"Dodavanje ili uklanjanje fotografija","href":"phtb94d9674.html","unavailable":true},"phtc9d389ecc":{"name":"Podešavanje fotografije","href":"phtc9d389ecc.html","unavailable":true},"phtc3c7b374":{"categories":["glossary"],"name":"SD kartica","href":"phtc3c7b374.html","unavailable":true},"phtb94d9019":{"name":"Mijenjanje podataka o datumu","href":"phtb94d9019.html","unavailable":true},"pht6d60d10f":{"name":"Sigurnosna kopija Photos medijateke","href":"pht6d60d10f.html","unavailable":true},"pht6c804da9":{"name":"Iz drugih aplikacija","href":"pht6c804da9.html","unavailable":true},"pht6e15caf3":{"name":"Priprema projekta za ispis","href":"pht6e15caf3.html","unavailable":true},"phtb94da1cb":{"name":"Formatiranje teksta kalendara","href":"phtb94da1cb.html","unavailable":true},"pht6be18f93":{"name":"Popravak medijateke","href":"pht6be18f93.html","unavailable":true},"pht6e4207c4":{"name":"Uporaba e-pošte","href":"pht6e4207c4.html","unavailable":true},"phtc4361d5a":{"name":"Uporaba poruka","href":"phtc4361d5a.html","unavailable":true},"pht13f0918f0":{"name":"Rezanje i ravnanje fotografija","href":"pht13f0918f0.html","unavailable":true},"phte0af949f0":{"name":"Primjena filtara na fotografije","href":"phte0af949f0.html","unavailable":true},"pht56eafa987":{"name":"Pregled fotografija","href":"pht56eafa987.html","unavailable":true},"pht6e593112":{"searchName":"Prečaci tipkovnice u aplikaciji Foto","unavailable":true,"name":"Prečaci tipkovnice","href":"pht6e593112.html"},"pht6e15dbdb":{"name":"Ispis vlastitih fotografija","href":"pht6e15dbdb.html","unavailable":true},"pht6d975c7d":{"name":"Pogledaj video zapis","href":"pht6d975c7d.html","unavailable":true},"pht98de9846":{"categories":["glossary"],"name":"Ken Burns efekt","href":"pht98de9846.html","unavailable":true},"pht6c803201":{"name":"S fotoaparata ili mobilnog uređaja","href":"pht6c803201.html","unavailable":true},"pht5188d4d20":{"name":"Simboli za prečace tipkovnice","href":"pht5188d4d20.html","unavailable":true},"phta48b41fd8":{"name":"Automatsko poboljšavanje fotografija","href":"phta48b41fd8.html","unavailable":true},"pht98de9f27":{"categories":["glossary"],"name":"Fotografije u RAW formatu","href":"pht98de9f27.html","unavailable":true},"pht1324a500e":{"name":"Uporaba drugih aplikacija i mrežnih stranica","href":"pht1324a500e.html","unavailable":true},"phtdbd88e7a":{"categories":["glossary"],"name":"foto albumi i smart albumi","href":"phtdbd88e7a.html","unavailable":true},"pht337d0a03":{"name":"Razmještanje fotografija","href":"pht337d0a03.html","unavailable":true},"pht64de33e5a":{"name":"Pretraga fotografija prema tekstu ili datumu","href":"pht64de33e5a.html","unavailable":true},"phtad9d981ab":{"name":"Pretraga fotografija po licu","href":"phtad9d981ab.html","unavailable":true},"phtdfcac5c5":{"name":"Upravljanje pretplatnicima","href":"phtdfcac5c5.html","unavailable":true},"phtc94a1416":{"name":"Dodatni izvori","href":"phtc94a1416.html","unavailable":true},"pht7a4c765b":{"name":"Pregled","href":"pht7a4c765b.html","unavailable":true},"pht12e7a8015":{"name":"Gdje se nalaze moje importirane datoteke?","href":"pht12e7a8015.html","unavailable":true},"phtda5be08b":{"categories":["glossary"],"name":"ključna riječ","href":"phtda5be08b.html","unavailable":true},"pht1d4c62349":{"name":"Uporaba funkcije AirDrop","href":"pht1d4c62349.html","unavailable":true},"phtab5e66ba":{"name":"Formatiranje teksta razglednice","href":"phtab5e66ba.html","unavailable":true},"phtc3c7c06e":{"categories":["glossary"],"name":"formati slikovnih datoteka","href":"phtc3c7c06e.html","unavailable":true}},"copyright_text":"© 2015 Apple Inc. Sva prava pridržana.","css":""}