{"framework":"apd-framework-9.0.8","title":"Ajuda Fotos","build_id":"55b17b25680ce2c256ec6dba","icon":"..\/GlobalArt\/AppIconDefault_Photos.png","sections":{"pht15cfd7b0":{"name":"Utilitzar “Compartir les fotos de l’iCloud”","children":["pht7a4c765b","pht013f36be9","phtf7fe6394","pht5f6df5f0","phtdfcac5c5","pht884a8908"]},"pht3e99bb42d":{"name":"Gestos i dreceres de teclat","children":["pht2951dfb9","pht6e593112","pht5188d4d20"]},"phtae8c5b29":{"name":"Sol·licitar impressions de fotos i projectes","children":["pht211dd6d0","pht6e15ea68","pht6e15caf3","pht6e15b35b"]},"pht6d6040d1":{"name":"Veure i organitzar les fotos","children":["pht56eafa987","pht40b0be510","phtb66b3c010","phta4e5a733f","phtcf31adcc8","pht6d60507a","pht6d975c7d","pht3bfab2f96"]},"pht6c803a97":{"name":"Importar fotos i vídeo","children":["phta58cd90d3","pht3c36b1831","pht6c803201","phtae4e05c67","pht6c804da9","pht12e7a8015"]},"pht2883afa7":{"name":"Crear targetes","children":["pht6e157ba6","pht337d15be","pht6e15aa61","phtab5e66ba","phtab5e72eb"]},"phtb94d9ff5":{"name":"Crear calendaris","children":["phtb94d7e13","phtb94d7d07","phtb94d9674","phtb94d9019","phtb94da1cb","phtb94d945b"]},"pht6d60507a":{"name":"Organitzar les fotos en àlbums","children":["phtf677b8f5","pht6d60a1f1","pht6d60ca71","pht211de0d6"]},"pht6d609918":{"name":"Gestionar la fototeca de Fotos","children":["pht211de786","pht6d60b524","pht6d60d10f","pht6d60348f","pht6be18f93","pht1ed9b966d"]},"phtaec3da2a9":{"name":"Crear i sol·licitar còpies","children":["phtae8c5b29","pht6e15dbdb"]},"phtcf31adcc8":{"name":"Buscar fotos","children":["pht64de33e5a","pht8d0ad5198","phtad9d981ab","pht4c00b8ddc"]},"phtae8c6983":{"name":"Crear llibres","children":["pht6e159147","pht337d0a03","pht337d0fd8","pht6e15c151","phtab5e6905","pht245fde94","phtab5e682b"]},"pht3c36b1831":{"name":"Des de l’iCloud","children":["phtf5e48489c","phtc0bf4b9bb"]},"pht6e41d50b":{"name":"Compartir fotos i vídeos","children":["pht15cfd7b0","phtc4361d5a","pht6e4207c4","pht6e41eaff","pht1d4c62349","pht6d97570c","pht1324a500e","pht6e157c5f"]},"pht6dc708cc":{"name":"Millorar les fotos","children":["pht304c2ace6","phta48b41fd8","phtba22db5d6","pht13f0918f0","phte0af949f0","phtf5bf79313","pht5c38b77c5","phte0ee9e101","pht427071907"]},"phtf5bf79313":{"name":"Ajustar l’aspecte de les fotos","children":["phtc9d389ecc","phtfd442cdbb","pht335dba352"]},"pht6e15d3aa":{"name":"Crear projectes","children":["phtae8c6d40","phtae8c6983","phtb94d9ff5","pht2883afa7"]},"pht5302d0f6":{"name":"Treballar amb Fotos","children":["pht5156cc968","pht6d609918","pht8a576439"]}},"birdseed_version":4,"toc":["pht035bc2c35","pht6c803a97","pht6d6040d1","pht6dc708cc","pht6e41d50b","pht6e15d3aa","phtaec3da2a9","pht5302d0f6","pht3e99bb42d"],"locale":"ca","version":"1.1","enable_tracking":false,"source_schema":"apd-schema","platform":"mac","build_date":"2015.07.23-17:33:14","landing":"pht54710c4e","product":"photos","urls":{},"copyright":"","topics":{"pht6e157ba6":{"name":"Crear una targeta","href":"pht6e157ba6.html","unavailable":true},"phtb94d945b":{"name":"Eliminar un calendari","href":"phtb94d945b.html","unavailable":true},"pht245fde94":{"name":"Crear mapes en un llibre","href":"pht245fde94.html","unavailable":true},"phtb66b3c010":{"name":"Canviar la forma com es visualitzen les fotos","href":"phtb66b3c010.html","unavailable":true},"phta58cd90d3":{"name":"Visió general","href":"phta58cd90d3.html","unavailable":true},"pht6d60b524":{"name":"Utilitzar diverses fototeques","href":"pht6d60b524.html","unavailable":true},"pht40b0be510":{"name":"Seleccionar i deixar de seleccionar fotos","href":"pht40b0be510.html","unavailable":true},"pht5706dfc6":{"categories":["glossary"],"name":"iCloud","href":"pht5706dfc6.html","unavailable":true},"pht6d60ca71":{"name":"Crear àlbums intel·ligents","href":"pht6d60ca71.html","unavailable":true},"pht8a576439":{"name":"Obtenir actualitzacions de Fotos","href":"pht8a576439.html","unavailable":true},"pht9bb241b3":{"categories":["glossary"],"name":"seleccionar fotos","href":"pht9bb241b3.html","unavailable":true},"pht5f6df5f0":{"name":"Canviar un àlbum compartit","href":"pht5f6df5f0.html","unavailable":true},"phtf677b8f5":{"name":"Què són els àlbums?","href":"phtf677b8f5.html","unavailable":true},"pht6e15aa61":{"name":"Afegir i eliminar fotos","href":"pht6e15aa61.html","unavailable":true},"pht304c2ace6":{"name":"Conceptes generals d’edició","href":"pht304c2ace6.html","unavailable":true},"pht211de0d6":{"name":"Crear carpetes","href":"pht211de0d6.html","unavailable":true},"pht427071907":{"name":"Editar amb extensions","href":"pht427071907.html","unavailable":true},"pht6d60348f":{"name":"Restaurar des de Time Machine","href":"pht6d60348f.html","unavailable":true},"phtf5e48489c":{"name":"Des de la fototeca de l’iCloud","href":"phtf5e48489c.html","unavailable":true},"phtc0bf4b9bb":{"name":"Des de “Les meves fotos en streaming”","href":"phtc0bf4b9bb.html","unavailable":true},"pht6e15b35b":{"name":"Sol·licitar un llibre, una targeta o un calendari","href":"pht6e15b35b.html","unavailable":true},"phtfd442cdbb":{"name":"Fer ajusts avançats","href":"phtfd442cdbb.html","unavailable":true},"phte0ee9e101":{"name":"Eliminar ulls vermells","href":"phte0ee9e101.html","unavailable":true},"pht98de9564":{"categories":["glossary"],"name":"expulsar","href":"pht98de9564.html","unavailable":true},"phtc3c7c148":{"categories":["glossary"],"name":"doble pàgina","href":"phtc3c7c148.html","unavailable":true},"pht6e15c151":{"name":"Treballar amb pàgines","href":"pht6e15c151.html","unavailable":true},"pht211de786":{"name":"Visió general","href":"pht211de786.html","unavailable":true},"pht101081c3":{"categories":["glossary"],"name":"miniatura","href":"pht101081c3.html","unavailable":true},"pht9b4411b24":{"name":"Gestos i dreceres del teclat","href":"pht9b4411b24.html","searchName":"Dreceres de teclat de Fotos"},"pht10107b78":{"categories":["glossary"],"name":"relació de mida","href":"pht10107b78.html","unavailable":true},"phtab5e72eb":{"name":"Eliminar una targeta","href":"phtab5e72eb.html","unavailable":true},"pht6d60a1f1":{"name":"Crear àlbums","href":"pht6d60a1f1.html","unavailable":true},"pht884a8908":{"name":"Subscriure’s a àlbums","href":"pht884a8908.html","unavailable":true},"phtab5e682b":{"name":"Eliminar un llibre","href":"phtab5e682b.html","unavailable":true},"pht013f36be9":{"name":"Activar i desactivar “Compartir les fotos de l’iCloud”","href":"pht013f36be9.html","unavailable":true},"pht211dd6d0":{"name":"Visió general","href":"pht211dd6d0.html","unavailable":true},"phtb94d7d07":{"name":"Organitzar les fotos","href":"phtb94d7d07.html","unavailable":true},"pht6e159147":{"name":"Crear un llibre de fotos","href":"pht6e159147.html","unavailable":true},"pht335dba352":{"name":"Personalitzar el tauler d’ajusts","href":"pht335dba352.html","unavailable":true},"phtba22db5d6":{"name":"Girar fotos","href":"phtba22db5d6.html","unavailable":true},"pht6e41eaff":{"name":"Utilitzar Facebook, Flickr i Twitter","href":"pht6e41eaff.html","unavailable":true},"phtf7fe6394":{"name":"Crear un àlbum compartit","href":"phtf7fe6394.html","unavailable":true},"pht035bc2c35":{"name":"Visió general de Fotos","href":"pht035bc2c35.html","unavailable":true},"pht337d15be":{"name":"Organitzar les fotos","href":"pht337d15be.html","unavailable":true},"pht8d0ad5198":{"name":"Buscar fotos per paraules clau","href":"pht8d0ad5198.html","unavailable":true},"pht2951dfb9":{"name":"Gestos del trackpad","href":"pht2951dfb9.html","unavailable":true},"phtb711c0fd":{"categories":["glossary"],"name":"ID d’Apple","href":"phtb711c0fd.html","unavailable":true},"pht5156cc968":{"name":"Definir les preferències de Fotos","href":"pht5156cc968.html","unavailable":true},"phta4e5a733f":{"name":"Veure i afegir informació sobre les fotos","href":"phta4e5a733f.html","unavailable":true},"pht337d0fd8":{"name":"Afegir i eliminar fotos","href":"pht337d0fd8.html","unavailable":true},"pht54710c4e":{"icon":"..\/GlobalArt\/AppLanding_Photos.png","categories":["landing"],"name":"Ajuda Fotos","href":"pht54710c4e.html"},"pht6e15ea68":{"name":"Sol·licitar còpies professionals","href":"pht6e15ea68.html","unavailable":true},"phtb94d7e13":{"name":"Crear un calendari","href":"phtb94d7e13.html","unavailable":true},"phtae4e05c67":{"name":"Des d’un suport d’emmagatzematge","href":"phtae4e05c67.html","unavailable":true},"phtab5e6905":{"name":"Modificar el format del text del llibre","href":"phtab5e6905.html","unavailable":true},"pht6e157c5f":{"name":"Exportar fotos, vídeos i projeccions","href":"pht6e157c5f.html","unavailable":true},"pht1ed9b966d":{"name":"Canviar la ubicació on Fotos emmagatzema els arxius","href":"pht1ed9b966d.html","unavailable":true},"pht6d97570c":{"name":"Utilitzar l’iTunes","href":"pht6d97570c.html","unavailable":true},"pht6dc73ede":{"categories":["glossary"],"name":"edició no destructiva","href":"pht6dc73ede.html","unavailable":true},"pht4c00b8ddc":{"name":"Veure fotos per ubicació","href":"pht4c00b8ddc.html","unavailable":true},"pht3bfab2f96":{"name":"Eliminar fotos i vídeos","href":"pht3bfab2f96.html","unavailable":true},"pht10107cfa":{"categories":["glossary"],"name":"foto clau","href":"pht10107cfa.html","unavailable":true},"phtae8c6d40":{"name":"Crear projeccions","href":"phtae8c6d40.html","unavailable":true},"pht5c38b77c5":{"name":"Retocar fotos","href":"pht5c38b77c5.html","unavailable":true},"phtb94d9674":{"name":"Afegir o eliminar fotos","href":"phtb94d9674.html","unavailable":true},"phtc9d389ecc":{"name":"Ajustar una foto","href":"phtc9d389ecc.html","unavailable":true},"phtc3c7b374":{"categories":["glossary"],"name":"Targeta SD","href":"phtc3c7b374.html","unavailable":true},"phtb94d9019":{"name":"Canviar la informació de data","href":"phtb94d9019.html","unavailable":true},"pht6d60d10f":{"name":"Fer una còpia de seguretat de la fototeca de Fotos","href":"pht6d60d10f.html","unavailable":true},"pht6c804da9":{"name":"Des d’altres aplicacions","href":"pht6c804da9.html","unavailable":true},"pht6e15caf3":{"name":"Preparar un projecte per imprimir-lo","href":"pht6e15caf3.html","unavailable":true},"phtb94da1cb":{"name":"Modificar el format del text del calendari","href":"phtb94da1cb.html","unavailable":true},"pht6be18f93":{"name":"Reparar la fototeca","href":"pht6be18f93.html","unavailable":true},"pht6e4207c4":{"name":"Utilitzar Mail","href":"pht6e4207c4.html","unavailable":true},"phtc4361d5a":{"name":"Utilitzar Missatges","href":"phtc4361d5a.html","unavailable":true},"pht13f0918f0":{"name":"Retallar i redreçar fotos","href":"pht13f0918f0.html","unavailable":true},"phte0af949f0":{"name":"Aplicar filtres a fotos","href":"phte0af949f0.html","unavailable":true},"pht56eafa987":{"name":"Veure fotos","href":"pht56eafa987.html","unavailable":true},"pht6e593112":{"searchName":"Dreceres de teclat de Fotos","unavailable":true,"name":"Dreceres de teclat","href":"pht6e593112.html"},"pht6e15dbdb":{"name":"Imprimir les fotos personals","href":"pht6e15dbdb.html","unavailable":true},"pht6d975c7d":{"name":"Veure vídeos","href":"pht6d975c7d.html","unavailable":true},"pht98de9846":{"categories":["glossary"],"name":"Efecte Ken Burns","href":"pht98de9846.html","unavailable":true},"pht6c803201":{"name":"Des d’una càmera o dispositiu mòbil","href":"pht6c803201.html","unavailable":true},"pht5188d4d20":{"name":"Símbols de drecera de teclat","href":"pht5188d4d20.html","unavailable":true},"phta48b41fd8":{"name":"Millorar les fotos automàticament","href":"phta48b41fd8.html","unavailable":true},"pht98de9f27":{"categories":["glossary"],"name":"Fotos amb format RAW","href":"pht98de9f27.html","unavailable":true},"pht1324a500e":{"name":"Utilitzar altres aplicacions i llocs web","href":"pht1324a500e.html","unavailable":true},"phtdbd88e7a":{"categories":["glossary"],"name":"àlbums de fotos i àlbums intel·ligents","href":"phtdbd88e7a.html","unavailable":true},"pht337d0a03":{"name":"Organitzar les fotos","href":"pht337d0a03.html","unavailable":true},"pht64de33e5a":{"name":"Buscar fotos per text o dates","href":"pht64de33e5a.html","unavailable":true},"phtad9d981ab":{"name":"Buscar fotos per cares","href":"phtad9d981ab.html","unavailable":true},"phtdfcac5c5":{"name":"Gestió dels subscriptors","href":"phtdfcac5c5.html","unavailable":true},"phtc94a1416":{"name":"Més recursos","href":"phtc94a1416.html","unavailable":true},"pht7a4c765b":{"name":"Visió general","href":"pht7a4c765b.html","unavailable":true},"pht12e7a8015":{"name":"On són els arxius que he importat?","href":"pht12e7a8015.html","unavailable":true},"phtda5be08b":{"categories":["glossary"],"name":"paraula clau","href":"phtda5be08b.html","unavailable":true},"pht1d4c62349":{"name":"Utilitzar l’AirDrop","href":"pht1d4c62349.html","unavailable":true},"phtab5e66ba":{"name":"Modificar el format del text de la targeta","href":"phtab5e66ba.html","unavailable":true},"phtc3c7c06e":{"categories":["glossary"],"name":"formats d’arxiu d’imatge","href":"phtc3c7c06e.html","unavailable":true}},"copyright_text":"© 2015 Apple Inc. Tots els drets reservats.","css":""}