{"framework":"apd-framework-9.0.8","title":"Βοήθεια για τις Φωτογραφίες","build_id":"55b17b26680ce2c256ec6dcc","icon":"..\/GlobalArt\/AppIconDefault_Photos.png","sections":{"pht15cfd7b0":{"name":"Χρήση της Κοινής χρήσης φωτογραφιών iCloud","children":["pht7a4c765b","pht013f36be9","phtf7fe6394","pht5f6df5f0","phtdfcac5c5","pht884a8908"]},"pht3e99bb42d":{"name":"Χειρονομίες και συντομεύσεις πληκτρολογίου","children":["pht2951dfb9","pht6e593112","pht5188d4d20"]},"phtae8c5b29":{"name":"Παραγγελία εκτυπωμένων φωτογραφιών και έργων","children":["pht211dd6d0","pht6e15ea68","pht6e15caf3","pht6e15b35b"]},"pht6d6040d1":{"name":"Προβολή και οργάνωση των φωτογραφιών σας","children":["pht56eafa987","pht40b0be510","phtb66b3c010","phta4e5a733f","phtcf31adcc8","pht6d60507a","pht6d975c7d","pht3bfab2f96"]},"pht6c803a97":{"name":"Εισαγωγή φωτογραφιών και βίντεο","children":["phta58cd90d3","pht3c36b1831","pht6c803201","phtae4e05c67","pht6c804da9","pht12e7a8015"]},"pht2883afa7":{"name":"Δημιουργία καρτών","children":["pht6e157ba6","pht337d15be","pht6e15aa61","phtab5e66ba","phtab5e72eb"]},"phtb94d9ff5":{"name":"Δημιουργία ημερολογίων","children":["phtb94d7e13","phtb94d7d07","phtb94d9674","phtb94d9019","phtb94da1cb","phtb94d945b"]},"pht6d60507a":{"name":"Οργάνωση φωτογραφιών σε άλμπουμ","children":["phtf677b8f5","pht6d60a1f1","pht6d60ca71","pht211de0d6"]},"pht6d609918":{"name":"Διαχείριση της βιβλιοθήκης σας Φωτογραφιών","children":["pht211de786","pht6d60b524","pht6d60d10f","pht6d60348f","pht6be18f93","pht1ed9b966d"]},"phtaec3da2a9":{"name":"Δημιουργία και παραγγελία εκτυπώσεων","children":["phtae8c5b29","pht6e15dbdb"]},"phtcf31adcc8":{"name":"Εύρεση φωτογραφιών","children":["pht64de33e5a","pht8d0ad5198","phtad9d981ab","pht4c00b8ddc"]},"phtae8c6983":{"name":"Δημιουργία βιβλίων","children":["pht6e159147","pht337d0a03","pht337d0fd8","pht6e15c151","phtab5e6905","pht245fde94","phtab5e682b"]},"pht3c36b1831":{"name":"Από το iCloud","children":["phtf5e48489c","phtc0bf4b9bb"]},"pht6e41d50b":{"name":"Κοινή χρήση φωτογραφιών και βίντεο","children":["pht15cfd7b0","phtc4361d5a","pht6e4207c4","pht6e41eaff","pht1d4c62349","pht6d97570c","pht1324a500e","pht6e157c5f"]},"pht6dc708cc":{"name":"Βελτίωση των φωτογραφιών σας","children":["pht304c2ace6","phta48b41fd8","phtba22db5d6","pht13f0918f0","phte0af949f0","phtf5bf79313","pht5c38b77c5","phte0ee9e101","pht427071907"]},"phtf5bf79313":{"name":"Προσαρμογή της εμφάνισης των φωτογραφιών","children":["phtc9d389ecc","phtfd442cdbb","pht335dba352"]},"pht6e15d3aa":{"name":"Δημιουργία έργων","children":["phtae8c6d40","phtae8c6983","phtb94d9ff5","pht2883afa7"]},"pht5302d0f6":{"name":"Εργασία με την εφαρμογή «Φωτογραφίες»","children":["pht5156cc968","pht6d609918","pht8a576439"]}},"birdseed_version":4,"toc":["pht035bc2c35","pht6c803a97","pht6d6040d1","pht6dc708cc","pht6e41d50b","pht6e15d3aa","phtaec3da2a9","pht5302d0f6","pht3e99bb42d"],"locale":"el","version":"1.1","enable_tracking":false,"source_schema":"apd-schema","platform":"mac","build_date":"2015.07.23-17:42:40","landing":"pht54710c4e","product":"photos","urls":{},"copyright":"","topics":{"pht6e157ba6":{"name":"Δημιουργία κάρτας","href":"pht6e157ba6.html","unavailable":true},"phtb94d945b":{"name":"Διαγραφή ημερολογίου","href":"phtb94d945b.html","unavailable":true},"pht245fde94":{"name":"Δημιουργία χαρτών σε βιβλίο","href":"pht245fde94.html","unavailable":true},"phtb66b3c010":{"name":"Αλλαγή του τρόπου εμφάνισης των φωτογραφιών","href":"phtb66b3c010.html","unavailable":true},"phta58cd90d3":{"name":"Επισκόπηση","href":"phta58cd90d3.html","unavailable":true},"pht6d60b524":{"name":"Χρήση πολλών βιβλιοθηκών","href":"pht6d60b524.html","unavailable":true},"pht40b0be510":{"name":"Επιλογή και αποεπιλογή φωτογραφιών","href":"pht40b0be510.html","unavailable":true},"pht5706dfc6":{"categories":["glossary"],"name":"iCloud","href":"pht5706dfc6.html","unavailable":true},"pht6d60ca71":{"name":"Δημιουργία έξυπνων άλμπουμ","href":"pht6d60ca71.html","unavailable":true},"pht8a576439":{"name":"Λήψη ενημερώσεων για τις Φωτογραφίες","href":"pht8a576439.html","unavailable":true},"pht9bb241b3":{"categories":["glossary"],"name":"επιλογή φωτογραφιών","href":"pht9bb241b3.html","unavailable":true},"pht5f6df5f0":{"name":"Αλλαγή κοινόχρηστου άλμπουμ","href":"pht5f6df5f0.html","unavailable":true},"phtf677b8f5":{"name":"Τι είναι τα άλμπουμ;","href":"phtf677b8f5.html","unavailable":true},"pht6e15aa61":{"name":"Προσθήκη και αφαίρεση φωτογραφιών","href":"pht6e15aa61.html","unavailable":true},"pht304c2ace6":{"name":"Βασικές πληροφορίες επεξεργασίας","href":"pht304c2ace6.html","unavailable":true},"pht211de0d6":{"name":"Δημιουργία φακέλων","href":"pht211de0d6.html","unavailable":true},"pht427071907":{"name":"Επεξεργασία με χρήση επεκτάσεων","href":"pht427071907.html","unavailable":true},"pht6d60348f":{"name":"Επαναφορά από το Time Machine","href":"pht6d60348f.html","unavailable":true},"phtf5e48489c":{"name":"Από τη Βιβλιοθήκη φωτογραφιών iCloud","href":"phtf5e48489c.html","unavailable":true},"phtc0bf4b9bb":{"name":"Από τη ροή «Η Ροή φωτό μου»","href":"phtc0bf4b9bb.html","unavailable":true},"pht6e15b35b":{"name":"Παραγγελία βιβλίου, κάρτας ή ημερολογίου","href":"pht6e15b35b.html","unavailable":true},"phtfd442cdbb":{"name":"Πραγματοποίηση προηγμένων προσαρμογών","href":"phtfd442cdbb.html","unavailable":true},"phte0ee9e101":{"name":"Αφαίρεση κόκκινων ματιών","href":"phte0ee9e101.html","unavailable":true},"pht98de9564":{"categories":["glossary"],"name":"εξαγωγή","href":"pht98de9564.html","unavailable":true},"phtc3c7c148":{"categories":["glossary"],"name":"δισέλιδο","href":"phtc3c7c148.html","unavailable":true},"pht6e15c151":{"name":"Εργασία με σελίδες","href":"pht6e15c151.html","unavailable":true},"pht211de786":{"name":"Επισκόπηση","href":"pht211de786.html","unavailable":true},"pht101081c3":{"categories":["glossary"],"name":"μικρογραφία","href":"pht101081c3.html","unavailable":true},"pht9b4411b24":{"name":"Συντομεύσεις πληκτρολογίου και χειρονομίες","href":"pht9b4411b24.html","searchName":"Συντομεύσεις πληκτρολογίου στις Φωτογραφίες"},"pht10107b78":{"categories":["glossary"],"name":"αναλογία μεγέθους","href":"pht10107b78.html","unavailable":true},"phtab5e72eb":{"name":"Διαγραφή κάρτας","href":"phtab5e72eb.html","unavailable":true},"pht6d60a1f1":{"name":"Δημιουργία άλμπουμ","href":"pht6d60a1f1.html","unavailable":true},"pht884a8908":{"name":"Συνδρομή σε άλμπουμ","href":"pht884a8908.html","unavailable":true},"phtab5e682b":{"name":"Διαγραφή βιβλίου","href":"phtab5e682b.html","unavailable":true},"pht013f36be9":{"name":"Ενεργοποίηση ή απενεργοποίηση της κοινής χρήσης φωτογραφιών iCloud","href":"pht013f36be9.html","unavailable":true},"pht211dd6d0":{"name":"Επισκόπηση","href":"pht211dd6d0.html","unavailable":true},"phtb94d7d07":{"name":"Τακτοποίηση φωτογραφιών","href":"phtb94d7d07.html","unavailable":true},"pht6e159147":{"name":"Δημιουργία βιβλίου φωτογραφιών","href":"pht6e159147.html","unavailable":true},"pht335dba352":{"name":"Προσαρμογή του τμήματος «Προσαρμογές»","href":"pht335dba352.html","unavailable":true},"phtba22db5d6":{"name":"Περιστροφή φωτογραφιών","href":"phtba22db5d6.html","unavailable":true},"pht6e41eaff":{"name":"Χρήση Facebook, Flickr και Twitter","href":"pht6e41eaff.html","unavailable":true},"phtf7fe6394":{"name":"Δημιουργία κοινόχρηστου άλμπουμ","href":"phtf7fe6394.html","unavailable":true},"pht035bc2c35":{"name":"Επισκόπηση των Φωτογραφιών","href":"pht035bc2c35.html","unavailable":true},"pht337d15be":{"name":"Τακτοποίηση φωτογραφιών","href":"pht337d15be.html","unavailable":true},"pht8d0ad5198":{"name":"Εύρεση φωτογραφιών κατά λέξη-κλειδί","href":"pht8d0ad5198.html","unavailable":true},"pht2951dfb9":{"name":"Χειρονομίες επιφάνειας αφής:","href":"pht2951dfb9.html","unavailable":true},"phtb711c0fd":{"categories":["glossary"],"name":"Apple ID","href":"phtb711c0fd.html","unavailable":true},"pht5156cc968":{"name":"Ορισμός προτιμήσεων για τις Φωτογραφίες","href":"pht5156cc968.html","unavailable":true},"phta4e5a733f":{"name":"Προβολή και προσθήκη πληροφοριών για φωτογραφίες","href":"phta4e5a733f.html","unavailable":true},"pht337d0fd8":{"name":"Προσθήκη και αφαίρεση φωτογραφιών","href":"pht337d0fd8.html","unavailable":true},"pht54710c4e":{"icon":"..\/GlobalArt\/AppLanding_Photos.png","categories":["landing"],"name":"Βοήθεια για τις Φωτογραφίες","href":"pht54710c4e.html"},"pht6e15ea68":{"name":"Παραγγελία επαγγελματικών εκτυπώσεων","href":"pht6e15ea68.html","unavailable":true},"phtb94d7e13":{"name":"Δημιουργία ημερολογίου","href":"phtb94d7e13.html","unavailable":true},"phtae4e05c67":{"name":"Από μέσα αποθήκευσης","href":"phtae4e05c67.html","unavailable":true},"phtab5e6905":{"name":"Μορφοποίηση κειμένου βιβλίου","href":"phtab5e6905.html","unavailable":true},"pht6e157c5f":{"name":"Εξαγωγή φωτογραφιών, βίντεο και παρουσιάσεων","href":"pht6e157c5f.html","unavailable":true},"pht1ed9b966d":{"name":"Αλλαγή του χώρου όπου αποθηκεύει τα αρχεία σας η εφαρμογή «Φωτογραφίες»","href":"pht1ed9b966d.html","unavailable":true},"pht6d97570c":{"name":"Χρήση του iTunes","href":"pht6d97570c.html","unavailable":true},"pht6dc73ede":{"categories":["glossary"],"name":"μη καταστροφική επεξεργασία","href":"pht6dc73ede.html","unavailable":true},"pht4c00b8ddc":{"name":"Προβολή φωτογραφιών κατά τοποθεσία","href":"pht4c00b8ddc.html","unavailable":true},"pht3bfab2f96":{"name":"Διαγραφή φωτογραφιών και βίντεο","href":"pht3bfab2f96.html","unavailable":true},"pht10107cfa":{"categories":["glossary"],"name":"βασική φωτογραφία","href":"pht10107cfa.html","unavailable":true},"phtae8c6d40":{"name":"Δημιουργία παρουσιάσεων","href":"phtae8c6d40.html","unavailable":true},"pht5c38b77c5":{"name":"Ρετουσάρισμα φωτογραφιών","href":"pht5c38b77c5.html","unavailable":true},"phtb94d9674":{"name":"Προσθήκη ή αφαίρεση φωτογραφιών","href":"phtb94d9674.html","unavailable":true},"phtc9d389ecc":{"name":"Προσαρμογή φωτογραφίας","href":"phtc9d389ecc.html","unavailable":true},"phtc3c7b374":{"categories":["glossary"],"name":"Κάρτα SD","href":"phtc3c7b374.html","unavailable":true},"phtb94d9019":{"name":"Αλλαγή πληροφοριών ημερομηνιών","href":"phtb94d9019.html","unavailable":true},"pht6d60d10f":{"name":"Δημιουργία εφεδρικού αντιγράφου για τη βιβλιοθήκη σας Φωτογραφιών","href":"pht6d60d10f.html","unavailable":true},"pht6c804da9":{"name":"Από άλλες εφαρμογές","href":"pht6c804da9.html","unavailable":true},"pht6e15caf3":{"name":"Προετοιμασία έργου για εκτύπωση","href":"pht6e15caf3.html","unavailable":true},"phtb94da1cb":{"name":"Μορφοποίηση κειμένου ημερολογίου","href":"phtb94da1cb.html","unavailable":true},"pht6be18f93":{"name":"Επισκευή της βιβλιοθήκης σας","href":"pht6be18f93.html","unavailable":true},"pht6e4207c4":{"name":"Χρήση του Mail","href":"pht6e4207c4.html","unavailable":true},"phtc4361d5a":{"name":"Χρήση της εφαρμογής «Μηνύματα»","href":"phtc4361d5a.html","unavailable":true},"pht13f0918f0":{"name":"Περικοπή και ευθυγράμμιση φωτογραφιών","href":"pht13f0918f0.html","unavailable":true},"phte0af949f0":{"name":"Εφαρμογή φίλτρων σε φωτογραφίες","href":"phte0af949f0.html","unavailable":true},"pht56eafa987":{"name":"Προβολή φωτογραφιών","href":"pht56eafa987.html","unavailable":true},"pht6e593112":{"searchName":"Συντομεύσεις πληκτρολογίου στις Φωτογραφίες","unavailable":true,"name":"Συντομεύσεις πληκτρολογίου","href":"pht6e593112.html"},"pht6e15dbdb":{"name":"Εκτύπωση δικών σας φωτογραφιών","href":"pht6e15dbdb.html","unavailable":true},"pht6d975c7d":{"name":"Προβολή βίντεο","href":"pht6d975c7d.html","unavailable":true},"pht98de9846":{"categories":["glossary"],"name":"Εφέ Ken Burns","href":"pht98de9846.html","unavailable":true},"pht6c803201":{"name":"Από κάμερα ή κινητή συσκευή","href":"pht6c803201.html","unavailable":true},"pht5188d4d20":{"name":"Σύμβολα συντομεύσεων πληκτρολογίου","href":"pht5188d4d20.html","unavailable":true},"phta48b41fd8":{"name":"Αυτόματη βελτίωση φωτογραφιών","href":"phta48b41fd8.html","unavailable":true},"pht98de9f27":{"categories":["glossary"],"name":"Φωτογραφίες μορφής RAW","href":"pht98de9f27.html","unavailable":true},"pht1324a500e":{"name":"Χρήση άλλων εφαρμογών και ιστότοπων","href":"pht1324a500e.html","unavailable":true},"phtdbd88e7a":{"categories":["glossary"],"name":"άλμπουμ φωτογραφιών και έξυπνα άλμπουμ","href":"phtdbd88e7a.html","unavailable":true},"pht337d0a03":{"name":"Τακτοποίηση φωτογραφιών","href":"pht337d0a03.html","unavailable":true},"pht64de33e5a":{"name":"Εύρεση φωτογραφιών κατά κείμενο ή ημερομηνία","href":"pht64de33e5a.html","unavailable":true},"phtad9d981ab":{"name":"Εύρεση φωτογραφιών κατά πρόσωπο","href":"phtad9d981ab.html","unavailable":true},"phtdfcac5c5":{"name":"Διαχείριση συνδρομητών","href":"phtdfcac5c5.html","unavailable":true},"phtc94a1416":{"name":"Περισσότεροι πόροι","href":"phtc94a1416.html","unavailable":true},"pht7a4c765b":{"name":"Επισκόπηση","href":"pht7a4c765b.html","unavailable":true},"pht12e7a8015":{"name":"Πού βρίσκονται τα αρχεία που εισάγω;","href":"pht12e7a8015.html","unavailable":true},"phtda5be08b":{"categories":["glossary"],"name":"λέξη-κλειδί","href":"phtda5be08b.html","unavailable":true},"pht1d4c62349":{"name":"Χρήση του AirDrop","href":"pht1d4c62349.html","unavailable":true},"phtab5e66ba":{"name":"Μορφοποίηση κειμένου κάρτας","href":"phtab5e66ba.html","unavailable":true},"phtc3c7c06e":{"categories":["glossary"],"name":"μορφές αρχείων εικόνων","href":"phtc3c7c06e.html","unavailable":true}},"copyright_text":"© 2015 Apple Inc. Με επιφύλαξη κάθε δικαιώματος.","css":""}